类型,题干,A,B,C,D,正确答案,解析,来源,出现次数,首次记录
单选题,“要增强自护意识，不随意约会网友”，这说明( ),在网上不能交朋友,在网络中要不断提高自己的辨别觉察能力,网络没有任何安全保障,网络不讲诚信,B,,接口直采,1,2026/9/18 12:50:42
单选题,《电离辐射防护与辐射源安全基本标准》（GB 18871-2002）中，电离辐射警告标志的中文语句是：（）,当心射线,当心电离辐射,小心射线,小心电离辐射,B,,接口直采,1,2026/9/18 12:50:16
单选题,《放射性同位素与射线装置安全和防护条例》第三条规定，（）对全国放射性同位素、射线装置的安全和防护工作实施统一监督管理。,国务院环境保护主管部门,国务院公安主管部门,国务院卫生主管部门,各级人民政府,A,,接口直采,1,2026/9/18 12:50:16
单选题,《放射性同位素与射线装置安全和防护条例》中的放射源是指：（）,能发射射线的所有物质,除研究堆和动力堆核燃料循环范畴的材料以外，永久密封在容器中或者严密包层并呈固态的放射性材料,非密封在包壳里或者紧密地固结在覆盖层里的放射性物质,未密封的放射性物质，当简单封装后就是密封放射源,B,,接口直采,1,2026/9/18 12:50:16
单选题,《放射性同位素与射线装置安全和防护条例》中的非密封放射性物质是指：（）,能发射射线的所有物质,除研究堆和动力堆核燃料循环范畴的材料以外，永久密封在容器中或者严密包层并呈现固态的放射性材料,非永久密封在包壳里或者紧密地固结在覆盖层里的放射性物质,未密封的放射性物质，当简单封装后就是密封放射源,C,,接口直采,1,2026/9/18 12:50:16
单选题,《危险化学品安全管理条例》适用于：（）,民用爆炸品,放射性物品及核能物质,剧毒化学品,城镇燃气,C,,接口直采,1,2026/9/18 12:50:25
单选题,《消防法》的立法宗旨是为了预防火灾和减少火灾危害，加强应急救援工作，保护（）安全，维护公共安全。,生命,财产,人身、财产,公民人身,D,,接口直采,1,2026/9/18 12:50:32
单选题,1896年，法国科学家发现天然放射现象，通常人们把这一重大发现看成是核物理的开端，并以他的名字作为放射性活度单位，此科学家是（）。,卢瑟福,贝可勒尔,汤姆逊,居里夫人,B,,接口直采,1,2026/9/18 12:50:16
单选题,1931年，日本富山县出现一种“痛痛病”，经分析，是由于当地水源被何种元素污染？,Cd,F,Al,Bi,A,,接口直采,1,2026/9/18 12:50:25
单选题,1965年，Wedum AG研究发现，实验室感染中65％以上是由（）引起的。,粉尘,飞沫,病原菌培养污染,微生物气溶胶,D,,接口直采,1,2026/9/18 12:50:35
单选题,1974年，美国职业安全与健康局（OSHA）颁布了（），首次提出了4级病原微生物危害和4级实验室活动的概念，这些概念成为后来实验室生物安全的核心内容和理论基础。,《病原微生物分类》,《基于危害程度的病原微生物分类》,《实验室病原微生物分类》,《微生物学和生物医学实验室的生物安全》,B,,接口直采,1,2026/9/18 12:50:35
单选题,1976年，美国国家卫生基金会颁布世界上第一个（ ）标准，2002年美国国家标准院批准了该标准，该标准已经成为此设备的国际标准。,通风橱,超净台,灭菌器,生物安全柜,D,,接口直采,1,2026/9/18 12:50:35
单选题,1984年，由美国疾病预防控制中心（CDC）／国立卫生研究院（NIH）联合出版了两版（），（）年出版的第3版着重描述微生物实验室标准操作、实验室设备和安全装备的组合，形成1～4级的实验室生物安全防护等级，该版指南在国际上称为“金标准”。,《病原微生物分类》，1987,《基于危害程度的病原微生物分类》，1990,《实验室病原微生物分类》，1991,《微生物学和生物医学实验室的生物安全》，1993,D,,接口直采,1,2026/9/18 12:50:35
单选题,①个人防护措施；②事故报警；③紧急情况下人员的安全疏散；④对潜在事故的辩识；⑤灭火器的使用以及灭火步骤的训练。应急培训一般包括：（）,①②③④⑤,①③⑤,②③④,①②④⑤,A,,接口直采,1,2026/9/18 12:50:15
单选题,"2,4-二硝基苯甲醚、萘、二硝基萘等可升华固体药品燃烧应如何进行灭火：( )",用灭火器灭火,火灭后还要不断向燃烧区域上空及周围喷雾水,用水灭火，并不断向燃烧区域上空及周围喷雾水至可燃物完全冷却,以上都是,D,,接口直采,1,2026/9/18 12:50:25
单选题,2004年在俄罗斯BSL-4实验室发生了（）病毒感染死亡事故。,SARS,布鲁氏菌,肝炎,埃博拉,D,,接口直采,1,2026/9/18 12:50:35
单选题,800M核磁共振波谱仪1ppm大约相当于（）,600Hz,700MHz,800Hz,800MHz,C,,接口直采,1,2026/9/18 12:50:16
单选题,安全出口的疏散门应（）,自由开启,向外开启,向内开启,日常上锁,B,,接口直采,1,2026/9/18 12:50:42
单选题,氨气气体瓶的外表颜色是：（）,大红色,淡黄色,粉色,黑色,B,,接口直采,1,2026/9/18 12:50:23
单选题,氨气气体瓶的字体颜色是：（）,红色,银灰色,白色,黑色,D,,接口直采,1,2026/9/18 12:50:23
单选题,按防护能力生物安全柜分为I级、II级、II级，其中，II级生物安全柜又分为（）亚型，即（）型。,两种，A、B,三种，A、B、C,四种，A1、A2、B1、B2,五种，A、B、C、D、E,C,,接口直采,1,2026/9/18 12:50:35
单选题,按放射性核素日等效最大操作量的大小，可将非密封源工作场所分为：（）,高、中、低3级,甲、乙、丙3级,极高、高、中、低4级,甲、乙、丙、丁4,B,,接口直采,1,2026/9/18 12:50:16
单选题,按规定须专业人员操作的起重设备：（）,可以允许无证人员在专业人员指导下进行操作,不允许无证人员操作,培训过就可以,以上都对,B,,接口直采,1,2026/9/18 12:50:30
单选题,按照《麻醉药品和精神药品管理条例》，精神药品分为（）类。,2,3,4,5,A,,接口直采,1,2026/9/18 12:50:25
单选题,按照《易制毒化学品管理条例》，易制毒化学品分为（）类。,2,3,4,5,B,,接口直采,1,2026/9/18 12:50:25
单选题,按照火灾造成的死亡人数，我国火灾分为（）等级。,特大火灾、重大火灾和一般火灾三个,重大火灾、较大火灾和一般火灾三个,特大火灾、重大火灾、较大火灾和一般火灾四个,特大火灾、重大火灾、较大火灾三个,C,,接口直采,1,2026/9/18 12:50:32
单选题,按照目前我国高校实验教学的实际情况，如实验内容涉及临床样本的微生物检验等实验操作，应在生物安全（）实验室条件下完成。,I级,II级,III级,IV级,B,,接口直采,1,2026/9/18 12:50:35
单选题,按照目前我国高校实验教学的实际情况，如实验内容涉及卫生部发布的《人间传染的病原微生物名录》第三类危害程度以上的病原微生物如金黄色葡萄球菌、志贺菌、伤寒沙门菌、产气肠杆菌、肺炎链球菌等的培养、观察、鉴定以及动物感染等操作，则应在生物安全（）实验室或动物生物安全（）实验室的防护条件下完成。,I级，I级,II级，II级,III级，I级,IV级，IV级,B,,接口直采,1,2026/9/18 12:50:35
单选题,按照目前我国高校实验教学的实际情况，涉及实验动物与感染性病原体的生物类实验，应尽量在内容设计上符合动物生物安全（）实验室或生物安全（）实验室的防护要求。,I级，I级,II级，II级,III级，I级,IV级，IV级,A,,接口直采,1,2026/9/18 12:50:35
单选题,按照危害程度分类，乙型肝炎病毒、人类免疫缺陷病毒（HIV）和结核分枝杆菌分别属于第几类病原微生物？,第四类、第二类、第三类,第三类、第二类、第三类,第三类、第二类、第二类,第三类、第三类、第二类,C,,接口直采,1,2026/9/18 12:50:35
单选题,把玻璃管或温度计插入橡皮塞或软木塞时，常常会折断而使人受伤。下列不正确的操作方法是:( ),"可在玻璃管上沾些水或涂上甘油等作润滑剂,一手拿着塞子，一手拿着玻璃管一端(两只手尽量靠近)，边旋转边慢慢地把玻璃管插入塞子中",橡皮塞等钻孔时，打出的孔比管径略小，可用圆锉把孔锉一下，适当扩大孔径,"无需润滑,且操作时与双手距离无关",以上都是,C,,接口直采,1,2026/9/18 12:50:21
单选题,搬运昏迷伤员时应取的体位是：（）,侧卧位，下肢屈曲,侧卧位，头偏向一侧,仰卧位，下肢屈曲,仰卧位，头偏向一侧,B,,接口直采,1,2026/9/18 12:50:15
单选题,搬运剧毒化学品后，应该：( ),用流动的水洗手,吃东西补充体力,休息,以上都是,A,,接口直采,1,2026/9/18 12:50:28
单选题,搬运气瓶时，应该：（）,戴好瓶帽，轻装轻卸,随便挪动,无具体安全规定,翻滚推动,A,,接口直采,1,2026/9/18 12:50:23
单选题,半衰期 T(1/2)和衰变常数λ的关系是：（）,T(1/2)=ln3/λ,T(1/2)=ln4/λ,T(1/2)=ln2/λ,T(1/2)=ln5/λ,C,,接口直采,1,2026/9/18 12:50:16
单选题,包扎止血法不能用的物品是：（）,绷带,三角巾,止血带,麻绳,D,,接口直采,1,2026/9/18 12:50:15
单选题,保护计算机网络免受外部的攻击所采用的常用技术称为（ ）。,网络的容错技术,网络的防火墙技术,病毒的防治技术,网络信息加密技术,B,,接口直采,1,2026/9/18 12:50:42
单选题,爆炸物品不准和其他类物品同时储存，必须单独隔离限量储存在库内温度低于（）的条件下。,25℃,40℃,30℃,35℃,C,,接口直采,1,2026/9/18 12:50:25
单选题,爆炸物品在发生爆炸时的特点有：( ),反应速度极快，通常在万分之一秒以内即可完成,释放出大量的热,产生大量的气体,以上都是,D,,接口直采,1,2026/9/18 12:50:32
单选题,被电击的人能否获救，关键在于：( ),触电的方式,能否尽快脱离电源和施行紧急救护,触电电压的高低,人体电阻,B,,接口直采,1,2026/9/18 12:50:15
单选题,被电击的人是否获救，关键在于：（）,触电的方式,人体电阻的大小,触电电压的高低,能否尽快脱离电源和施行紧急救护,D,,接口直采,1,2026/9/18 12:50:37
单选题,被猴抓伤后要立即用（）洗净伤口，再用碘酒消毒，对患者观察3周，如发现有可疑的B病毒患猴出现，要及时捕杀。,肥皂水,自来水,无菌水,超纯水,A,,接口直采,1,2026/9/18 12:50:35
单选题,"被火困在室内,如何逃生？",跳楼,到窗口或阳台挥动物品求救、用床单或绳子拴在室内牢固处下到下一层逃生,"躲到床下,等待救援","打开门,冲出去",B,,接口直采,1,2026/9/18 12:50:32
单选题,被贮存的放射源有可能放出放射性气体或气溶胶时，必须放在封闭的容器内，并将容器保存在（）中。,通风橱,安全柜,超净台,低温保存箱,A,,接口直采,1,2026/9/18 12:50:16
单选题,苯、甲苯、汽油等火灾，不可以：（）,用沙土覆盖,用水灭火,用泡沫覆盖,用二氧化碳灭火剂,B,,接口直采,1,2026/9/18 12:50:32
单选题,苯的毒性级别是：（ ）,剧毒,高毒,低毒,微毒,B,,接口直采,1,2026/9/18 12:50:25
单选题,苯的毒性级别是（）。,微毒,低毒,中等,高毒,D,,接口直采,1,2026/9/18 12:50:25
单选题,苯属于高毒类化学品，下列叙述正确的是：( ),短期接触，苯对中枢神经系统产生麻痹作用，引起急性中毒。,长期接触，苯会对血液造成极大伤害，引起慢性中毒。,对皮肤、粘膜有刺激作用，是致癌物质,以上都是,D,,接口直采,1,2026/9/18 12:50:25
单选题,苯乙烯、乙酸乙烯酯应如何存放？,放在防爆冰箱里,和其它试剂混放,放在通风橱内,放在密闭的柜子中,A,,接口直采,1,2026/9/18 12:50:25
单选题,绷带包扎顺序原则上应为：（）,从上向下，从左向右，从远心端向近心端,从上向下，从右向左，从近心端向远心端,从下向上，从左向右，从远心端向近心端,从下向上，从右向左，从远心端向近心端,C,,接口直采,1,2026/9/18 12:50:15
单选题,标准是衡量事物的准则，是对重复性事物和概念所做的统一规定，是国际、国内或行业、企业内共同遵守的准则和依据。我国制定的国家标准的符号是（）,ISO,GB,WS,CNAS,B,,接口直采,1,2026/9/18 12:50:27
单选题,表示危险化学品的急性毒性的LD50的单位是什么？,mg/kg,g/kg,mL/kg,ug/kg,A,,接口直采,1,2026/9/18 12:50:25
单选题,丙级非密封源工作场所日等效最大操作量为：（）,>4×10^9,2×10^7∼4×10^9,豁免活度值以上至2×10^7,豁免活度值以下,C,,接口直采,1,2026/9/18 12:50:16
单选题,丙酮的毒性级别是：（ ）,剧毒,高毒,低毒,微毒,C,,接口直采,1,2026/9/18 12:50:25
单选题,丙酮属于低毒类化学品，下列叙述正确的是：( ),它的闪点只有-18℃，具有高度易燃性。,对神经系统有麻醉作用，并对黏膜有刺激作用。,它的沸点只有56℃，极易挥发;,以上都对,D,,接口直采,1,2026/9/18 12:50:25
单选题,病原微生物实验室生物安全的原理不包括以下的：（）,风险预测,风险识别,风险评估,风险控制,A,,接口直采,1,2026/9/18 12:50:35
单选题,病原微生物实验室生物安全工作的核心是：（）,风险预测,风险识别,风险评估,风险控制,C,,接口直采,1,2026/9/18 12:50:35
单选题,不管哪种射线，对机体组织作用的最终主要形式为（），可使机体内起重要作用的生物大分子遭到破坏，诱发基因突变和染色体畸变，导致细胞功能损伤。,蛋白质变性,DNA损伤,RNA损伤,原子激发和电离,D,,接口直采,1,2026/9/18 12:50:16
单选题,不会发生爆炸的是：( ),亚麻粉尘,砂尘,面粉,以上都是,B,,接口直采,1,2026/9/18 12:50:25
单选题,不具备处理条件的生物医学实验室内任何死亡动物尸体、组织碎块，一般应如何处理？,密封在塑料袋内丢入垃圾桶中,密封在专用密闭塑料袋内，交专门处理机构,密封在专用密闭塑料袋内，冷冻保存，并交专门机构处理,以上都是,C,,接口直采,1,2026/9/18 12:50:35
单选题,不具有强酸性和强腐蚀性的物质是：( ),氢氟酸,碳酸,稀硫酸,稀硝酸,B,,接口直采,1,2026/9/18 12:50:25
单选题,不慎发生意外，下列哪个操作是正确的？,如果不慎将化学品弄洒或污染，立即自行回收或者清理现场，以免对他人产生危险,任何时候见到他人洒落的液体应及时用抹布抹去，以免发生危险,pH值中性即意味着液体是水，自行清理即可,不慎将化学试剂弄到衣物和身体上，立即用大量清水冲洗10－15分钟,D,,接口直采,1,2026/9/18 12:50:15
单选题,不是实验室常用于皮肤或普通实验器械的消毒液为：( ),0.2%～1% 漂白粉溶液,70%乙醇,2%碘酊,0.2%～0.5%的洗必泰,A,,接口直采,1,2026/9/18 12:50:25
单选题,不属于常见的危险密码是( ）。,跟用户名相同的密码,使用生日作为密码,只有4位数的密码,6位及以上的综合型密码,D,,接口直采,1,2026/9/18 12:50:42
单选题,不同频率的电流对人体的伤害程度有所不同，（）Hz工频交流电对人体的伤害最为严重。,25,50,75,100,B,,接口直采,1,2026/9/18 12:50:37
单选题,不携带所规定的人畜共患病病原体和动物烈性传染病病原体的动物是：(),无特定病原体动物,清洁级动物,普通级动物,无菌动物,C,,接口直采,1,2026/9/18 12:50:35
单选题,"不锈钢容器进行水压试验时,应该控制水中的( )离子含量,防止腐蚀。",钠,氯,钙,以上都是,B,,接口直采,1,2026/9/18 12:50:30
单选题,不需要放在密封的干燥器内的药品是：( ),过硫酸盐,五氧化二磷,三氯化磷,盐酸,D,,接口直采,1,2026/9/18 12:50:25
单选题,不需在棕色瓶中或用黑纸包裹，置于低温阴凉处的药品是：( ),卤化银,浓硝酸,汞,过氧化氢,C,,接口直采,1,2026/9/18 12:50:25
单选题,部分废液混合可能发生危险，应：（）,直接倒入下水口,正常混合，可能没事,随生活垃圾丢弃,单独收集存放，贴好标签,D,,接口直采,1,2026/9/18 12:50:15
单选题,采集病原微生物样本应当具备的条件，其中错误的是：（）,具有与采集病原微生物样本所需要的生物安全防护水平相适应的设备,具有掌握相关专业知识和操作技能的工作人员,具有有效防止病原微生物扩散和感染的措施,具有疑似某种病原微生物感染症患者在整个临床病期均可采集样本,D,,接口直采,1,2026/9/18 12:50:35
单选题,采取适当的措施，使燃烧因缺乏或隔绝氧气而熄灭，这种方法称作:( ),窒息灭火法,隔离灭火法,冷却灭火法,,A,,接口直采,1,2026/9/18 12:50:32
单选题,采取适当的措施，使燃烧因缺乏或隔绝氧气而熄灭，这种方法称作（）,隔离灭火法,窒息灭火法,冷却灭火法,化学抑制法,B,,接口直采,1,2026/9/18 12:50:32
单选题,采用甲醛进行加热或化学熏蒸法灭菌时，熏蒸过程至少密闭保持（）,12h,24h,6h,8h,A,,接口直采,1,2026/9/18 12:50:35
单选题,参加泄漏处理人员应对泄漏品的化学性质和反应特征有充分的了解，要在（）地理位置上进行处理。,上风,高处和上风,低处,低处和下风,B,,接口直采,1,2026/9/18 12:50:15
单选题,操纵机械设备时，穿紧身适合工作服的目的是防止：（）,着凉,被机器转动部分缠绕,被机器弄污,防静电,B,,接口直采,1,2026/9/18 12:50:37
单选题,操作铣床时必须戴好：（）,围巾,防护镜、长发须戴防护帽,手套,防护鞋,B,,接口直采,1,2026/9/18 12:50:37
单选题,操作钻床时，如果采用手动进刀，事先应该：（ ）,选好锉刀,调整好行程限位块,选好进给速度,选好锯条,B,,接口直采,1,2026/9/18 12:50:37
单选题,常用危险化学品按其主要危险特性分为几大类，其中不包括以下（）类。,爆炸品,压缩气体和液化气体,放射性物品,有毒品和腐蚀品,C,,接口直采,1,2026/9/18 12:50:25
单选题,超级恒温水浴使用时错误的操作是：( ),超级恒温水浴内应使用去离子水（或纯净水）,恒温水浴内去离子水未加到“正常水位”严禁通电，防止干烧,可以使用自来水,以上都对,C,,接口直采,1,2026/9/18 12:50:38
单选题,车床安全操作规程中规定，车床启动前需要做的事情是：（）,进行极限位置检查,只检查安全罩是否挂好,只检查各手柄是否处于正常位置,检查安全罩是否挂好，检查各手柄是否处于正常位置，检查工件和车刀是否已安装好,D,,接口直采,1,2026/9/18 12:50:37
单选题,车床的极限位置检查的方法是：（）,主轴低速，自动切至加工面的极限位置,主轴低速，手动切至加工面的极限位置,车刀对准加工面的极限位置，变速手柄放在空挡位置，用手扳动卡盘旋转一圈,以上方法都不对,C,,接口直采,1,2026/9/18 12:50:37
单选题,车床开动以后( ),不能同时使用纵、横向自动手柄,不能改变进给量,可以同时使用纵、横向自动手柄,以上都可以,A,,接口直采,1,2026/9/18 12:50:37
单选题,车床上采用花盘或花盘-弯板安装工件时，必要时还要配装：（）,中心架,跟刀架,顶尖,平衡铁,D,,接口直采,1,2026/9/18 12:50:37
单选题,车床上装卸刀具和车削工件时均要先锁紧：（）,尾座,尾座套筒,方刀架,以上都不是,C,,接口直采,1,2026/9/18 12:50:37
单选题,车削开始前要进行极限位置检查的原因是：（）,防止卡盘与刀架或车刀相撞,防止工件伸出长度不够,防止工件因装卡不正而跳动,以上原因都不对,A,,接口直采,1,2026/9/18 12:50:37
单选题,成人进行心肺复苏时，胸外按压部位是：（）,胸骨上段,胸骨中段,胸骨下段,胸骨中下1／3交界处,D,,接口直采,1,2026/9/18 12:50:15
单选题,成人心肺复苏时打开气道的最常用方式为：（）,仰头举颏法,双手推举下颌法,托颏法,托颈法,A,,接口直采,1,2026/9/18 12:50:15
单选题,成人心肺复苏时胸外按压的深度为：（）,胸廓前后径的一半,2~3cm,4~5cm,6~7cm,C,,接口直采,1,2026/9/18 12:50:15
单选题,充装惰性气体的钢瓶的检验周期是：（）,三个月,一年,两年,五年,D,,接口直采,1,2026/9/18 12:50:23
单选题,充装惰性气体钢瓶的检验周期是：（）,三个月,一年,两年,五年,D,,接口直采,1,2026/9/18 12:50:23
单选题,充装腐蚀性气体的钢瓶的检验周期是：（）,三个月,一年,两年,五年,C,,接口直采,1,2026/9/18 12:50:23
单选题,充装腐蚀性气体钢瓶的检验周期是：（）,三个月,一年,两年,五年,C,,接口直采,1,2026/9/18 12:50:23
单选题,初期心肺复苏的任务和步骤的正确顺序是：（）,保持呼吸道通畅，口对口人工呼吸，胸外心脏按压,保持呼吸道通畅，胸外心脏按压，口对口人工呼吸,胸外心脏按压，保持呼吸道通畅，口对口人工呼吸,口对口人工呼吸，胸外心脏按压，保持呼吸道通畅,A,,接口直采,1,2026/9/18 12:50:15
单选题,除普通级动物应排除的病原体外，不携带对动物危害大和对科学研究影响大的病原体的动物是：（）,普通级动物,清洁级动物,无特定病原体动物,无菌动物,B,,接口直采,1,2026/9/18 12:50:35
单选题,除清洁级动物应排除的病原体外，不携带主要潜在感染或条件致病和对科学实验干扰大的病原体的动物是：（）,普通级动物,清洁级动物,无菌动物,无特定病原体动物,D,,接口直采,1,2026/9/18 12:50:35
单选题,除易制爆危险化学品库房管理员开展正常工作外，其他情况进入库房需经批准，并填写：（）,危化品库台账,危险化学品领用登记表,出入登记表,危险化学品领用申请表,C,,接口直采,1,2026/9/18 12:50:25
单选题,处理敏感个人信息应当取得：,口头同意,单独同意,默示同意,无需同意,B,,接口直采,1,2026/9/18 12:50:42
单选题,处理使用后的废液时，下列哪个说法是错误的？,不明的废液不可混合收集存放,废液不可任意处理,禁止将水以外的任何物质倒入下水道，以免造成环境污染和处理人员危险,少量废液用水稀释后，可直接倒入下水道,D,,接口直采,1,2026/9/18 12:50:20
单选题,处置实验过程产生的剧毒药品废液，说法错误的是：( ),妥善保管,不得随意丢弃、掩埋,集中保存，统一处理,稀释后用大量水冲净,D,,接口直采,1,2026/9/18 12:50:25
单选题,触电事故中，多数触电死亡是由（）造成的。,电击,烧伤,电休克,电伤,A,,接口直采,1,2026/9/18 12:50:37
单选题,触电事故中，绝大部分是( )导致人身伤亡,人体接受电流遭到电击,烧伤,电休克。,,A,,接口直采,1,2026/9/18 12:50:42
单选题,从2000-2011年，全世界公开报道实验室获得性感染事故46起，涉及多种高致病性细菌和病毒，影响较大的有2003年和2004年在新加坡、中国台湾和中国大陆发生的3起（）病毒实验室获得性感染事故。,SARS,布鲁氏菌,肝炎,埃博拉,A,,接口直采,1,2026/9/18 12:50:35
单选题,从放射性射线与粒子的特性来说，（）射线的穿透力强，危险性最大，即使体外照射时，也容易引起体内各种病症。,a,β,γ,激光,C,,接口直采,1,2026/9/18 12:50:16
单选题,从放射性射线与粒子的特性来说，（）射线的电离本领极大，对人体损伤力集中，可致细胞成团死亡，引起发炎或皮肤烧伤，因此，由该种射线造成的损伤难以恢复。,a,β,γ,X,A,,接口直采,1,2026/9/18 12:50:16
单选题,从结构、防护原理、使用对象等因素来看，个人防护装备可以为3类：（）,常规个人防护装备、正压防护装备和负压防护装备,常规个人防护装备、负压防护装备和生命维持系统防护装备,常规个人防护装备、正压防护装备和生命维持系统防护装备,常规个人防护装备、负压防护装备和高级别个人防护装备,C,,接口直采,1,2026/9/18 12:50:28
单选题,从事易燃易爆作业的人员应穿（），以防静电危害。,含金属纤维的工作服,防油污工作服,合成纤维工作服,无特殊要求,A,,接口直采,1,2026/9/18 12:50:37
单选题,存在打磨飞溅物危及（ ）等，可首选全面罩防护。,眼睛,手,皮肤,以上都是,A,,接口直采,1,2026/9/18 12:50:37
单选题,锉削加工中锉刀暂时不用时，应放在工作台的什么位置上？,锉刀放在什么位置都可以,锉刀放在台虎钳的上面,应放在台虎钳工作台的右面,以上都不对,C,,接口直采,1,2026/9/18 12:50:37
单选题,大量集中使用气瓶时以下错误的是：（）,不必要设置符合要求的集中存放室,根据气瓶介质情况采取必要的防火、防爆、防电打火（包括静电）、防毒、防辐射等措施,通风要良好，要有必要的报警装置,避免阳光直射,A,,接口直采,1,2026/9/18 12:50:23
单选题,大量试剂应放在什么地方？,试剂架上,实验室内试剂柜中,实验台下柜中,试剂库内,D,,接口直采,1,2026/9/18 12:50:25
单选题,大鼠的尾静脉注射时应选择尾下（）处进针，此处皮薄易于刺入。,1/2,1/3,1/5,1/8,C,,接口直采,1,2026/9/18 12:50:35
单选题,大型仪器一般都使用计算机进行控制，该计算机除了在性能上要满足要求外，在管理使用方面有何要求？,专机专用，禁止安装非本设备使用的软件,随便,可以安装多个软件，节约成本,以上都不对,A,,接口直采,1,2026/9/18 12:50:37
单选题,大型仪器一般都使用计算机进行控制。计算机与仪器之间的数据传输线在何种情况下进行装卸?,任意时刻,在仪器及计算机电源关闭时,在仪器处于工作状态时,在计算机处于工作状态时,B,,接口直采,1,2026/9/18 12:50:38
单选题,"大学生小吴在网上以一个知名作家的名义写博客,但事先没有征得该作家同意。小吴应当承担（ ）。",侵权责任,违约责任,刑事责任,行政责任,A,,接口直采,1,2026/9/18 12:50:42
单选题,带电电器设备发生火灾时不能用（）扑救。,卤代烷,水,干粉,以上都是,B,,接口直采,1,2026/9/18 12:50:37
单选题,单位购买剧毒化学品时应：（）,采购人自行购买,向所在地县级人民政府公安机关申请取得剧毒化学品购买许可证,要求销售企业通过快递运输,采购人自行提取货物,B,,接口直采,1,2026/9/18 12:50:25
单选题,单相三芯线电缆中的红线代表：（）,零线,火线,地线,不明确,B,,接口直采,1,2026/9/18 12:50:37
单选题,担架搬运时：（）,伤员头部向后，足部向前,伤员仰卧，足部向前,伤员仰卧，足部向后,伤员俯卧，足部向前,A,,接口直采,1,2026/9/18 12:50:15
单选题,氮氧化物主要伤害人体的：( ),眼、上呼吸道,呼吸道深部的细支气管、肺泡,皮肤,消化道,B,,接口直采,1,2026/9/18 12:50:25
单选题,氮氧化物主要伤害人体的（）。,眼、上呼吸道,呼吸道深部的细支气管、肺泡,皮肤,消化道,B,,接口直采,1,2026/9/18 12:50:25
单选题,当被烧伤时，正确的急救方法应该是：（）,以最快的速度用冷水冲洗烧伤部位,立即用嘴吹灼伤部位,立刻包扎,立刻送医院,A,,接口直采,1,2026/9/18 12:50:15
单选题,当不慎把大量浓硫酸滴在皮肤上时，正确的处理方法是：( ),用酒精棉球擦,不作处理，马上去医院,用碱液中和后，用水冲洗,以吸水性强的纸或布吸去后，再用水冲洗,D,,接口直采,1,2026/9/18 12:50:15
单选题,当不慎把少量浓硫酸滴在皮肤上(在皮肤上没形成挂液)时，正确的处理方法是：( ),用酒精棉球擦,不作处理，马上去医院,用碱液中和后，用水冲洗,用水直接冲洗,D,,接口直采,1,2026/9/18 12:50:15
单选题,当打开房门闻到燃气气味时，要迅速（），以防止引起火灾。,打开燃气灶具查找漏气部位,打开门窗通风,两者都是,两者都不是,B,,接口直采,1,2026/9/18 12:50:32
单选题,当电烙铁使用完成后，正确的处理方式是：（）,放在烙铁架上自然冷却,放在桌子上自然冷却,马上用东西包裹起来,放哪儿无所谓,A,,接口直采,1,2026/9/18 12:50:37
单选题,当发现车辆发动机舱冒烟，并有起火迹象时，操作者应立即将车辆停在安全位置，然后应：（）,立即迅速打开发动机舱，用灭火器向起火点喷射灭火,立即迅速打开发动机舱盖并留出一道缝隙，然后向机舱内喷射一定量的灭火剂后再完全打开机舱盖，并向起火点喷射灭火剂,报警,以上都不对,B,,接口直采,1,2026/9/18 12:50:37
单选题,当发现眼睛可能进了粉屑，应采取措施：（）,坚持实习，下班后上医院,先告诉指导教师，尽快上医院检查,坚持实习，不是特别难受就不上医院,立刻上医院进行检查,B,,接口直采,1,2026/9/18 12:50:37
单选题,当量剂量的国际单位名称的符号是：（）,Gy,rad,Sv,rem,C,,接口直采,1,2026/9/18 12:50:16
单选题,当你看到实验室里电闸箱内的刀闸处于断开状态时，正确的处理方式是：（）,帮助合上刀闸,在该刀闸控制的房间里巡视一番没有发现问题后合上刀闸,喊叫几声发现没有人应答后合上刀闸,请专业人员处理,D,,接口直采,1,2026/9/18 12:50:18
单选题,当有汞（水银）溅失时，应如何处理现场?,用水擦,用拖把拖,扫干净后倒入垃圾桶,收集水银，用硫磺粉盖上并统一处理,D,,接口直采,1,2026/9/18 12:50:25
单选题,低温下使用压力容器易产生：（）,延性破裂,腐蚀破裂,脆性破裂,疲劳破裂,C,,接口直采,1,2026/9/18 12:50:30
单选题,点焊枪时，应该用:( ),打火机,火柴,点火枪,以上都可以,C,,接口直采,1,2026/9/18 12:50:37
单选题,电磁环境控制限值（GB 8702-2014）适用于电磁环境中控制（）的评价和管理。,环境质量,公众曝露,电磁辐射,电场强度,B,,接口直采,1,2026/9/18 12:50:16
单选题,电磁环境控制限值（GB 8702-2014）中，频率50Hz电磁辐射的磁感应强度B控制限值是（）,50,20μT,100μT,10,C,,接口直采,1,2026/9/18 12:50:16
单选题,电磁环境控制限值（GB 8702-2014）中，频率50Hz电磁辐射的电场强度E控制限值是（）,4kV/m,200kV/m,50kV/m,40kV/m,A,,接口直采,1,2026/9/18 12:50:16
单选题,电感耦合等离子体质谱仪测试样品前，最好提前（）对仪器进行抽真空，如仪器一直处于待机状态，则可以直接进行样品测试。,半天,一天,三天,一周,B,,接口直采,1,2026/9/18 12:50:38
单选题,电感耦合等离子体质谱仪的样品采集完后，应先用（）冲洗系统5min，再用（）冲洗系统5min。,纯水、5％HNO3,5%HNO3、纯水,纯水、5％HCI,5%HCI、纯水,C,,接口直采,1,2026/9/18 12:50:38
单选题,电感耦合等离子体质谱仪维护保养需定期更换循环水，一般（）一次。,每月,每季度,每半年,每年,D,,接口直采,1,2026/9/18 12:50:38
单选题,电感耦合等离子体质谱仪维护保养需定期检查机械泵的油位及颜色，添加或更换油，一般（）一次。,每月,每季度,每半年,每年,C,,接口直采,1,2026/9/18 12:50:38
单选题,电感耦合等离子体质谱仪维护保养需定期清洗雾室、雾化器、炬管、锥及透镜，一般（）一次，如果灵敏度降低则需立即清洗。,每月,每季度,每半年,每年,A,,接口直采,1,2026/9/18 12:50:38
单选题,电焊工作的地点不应该:( ),缺少急救员,多设合适的灭火器,存放易燃物体,以上都对,C,,接口直采,1,2026/9/18 12:50:37
单选题,电焊时，若有其它人在场，应采取下列哪项安全措施?,放置警告牌以示警惕,放置警告牌，在工作场所周围设置屏幕,规定在场人士佩戴眼镜,以上都不对,B,,接口直采,1,2026/9/18 12:50:37
单选题,电击致命的根本原因在于：（）,电压,电阻,电流,频率,C,,接口直采,1,2026/9/18 12:50:37
单选题,电气设备的外壳具有什么防护措施：（）,保护性接零或接地,绝缘,防锈漆,无,A,,接口直采,1,2026/9/18 12:50:37
单选题,电线插座损坏时，既不美观也不方便工作，并造成：( ),吸潮漏电,空气开关跳闸,触电伤害,以上都是,D,,接口直采,1,2026/9/18 12:50:37
单选题,电线插座损坏时会引起：（）,工作不方便,不美观,触电伤害,工作方便,C,,接口直采,1,2026/9/18 12:50:18
单选题,电线接地时，人体距离接地点越近，跨步电压越高；距离越远，跨步电压越低。一般情况下距离接地体（），跨步电压可看成是零。,10m以内,20m以外,30m以外,50m以外,B,,接口直采,1,2026/9/18 12:50:37
单选题,电压（）以下不必考虑电击的危险。,10V,25V,36V,65V,B,,接口直采,1,2026/9/18 12:50:37
单选题,电源电压高于电容耐压时，会引起：（）,电容发热,电容短路,电容爆裂,电容不会爆裂,C,,接口直采,1,2026/9/18 12:50:37
单选题,电源开关应安装在什么材料的基座上：（）,不燃材料,可燃材料,易燃材料,低燃点材料,A,,接口直采,1,2026/9/18 12:50:32
单选题,电子天平一般按照精度或等级进行划分为：（）,超微量电子天平,微量天平、半微量天平,常量电子天平,以上均是,D,,接口直采,1,2026/9/18 12:50:38
单选题,动物检疫隔离室的安全度应达到（）以上生物安全级别。,I级,II级,III级,IV级,B,,接口直采,1,2026/9/18 12:50:35
单选题,动物检疫隔离室的洁净度应至少符合实验动物（）设施指标。,普通环境,清洁环境,屏障环境,隔离环境,C,,接口直采,1,2026/9/18 12:50:35
单选题,动物实验室安全教育的3个层面是理论教育、（）和过程教育。,现场教育,操作教育,案例教育,视频教育,A,,接口直采,1,2026/9/18 12:50:35
单选题,动物在麻醉期体温：（）,容易上升,容易下降,容易忽高忽低,基本平稳,B,,接口直采,1,2026/9/18 12:50:35
单选题,都有维护消防安全、保护消防措施、预防火灾、报告火警的义务。,消防官兵,任何单位和个人,单位保安,公安民警,B,,接口直采,1,2026/9/18 12:50:32
单选题,断开蓄电池电极正确的做法是：（）,先断开负极后断开正极,先断开正极后断开负极,以上都对,以上都不对,A,,接口直采,1,2026/9/18 12:50:21
单选题,锻造操作时应注意做到：（）,掌钳者不必夹牢工件,掌钳者必须夹牢工件，但可以不放稳工件,掌钳者可随意摆放工件,掌钳者夹牢和放稳工件，打锤者按照掌钳者要求操锤，注意控制锤击方向,D,,接口直采,1,2026/9/18 12:50:37
单选题,锻造过程中，不锤击时，操作者应注意的问题是：（）,脚应随即离开踏杆,脚应一直踩在踏杆,脚踩的位置没要求,以上都不是,A,,接口直采,1,2026/9/18 12:50:37
单选题,锻造过程中，不锤击时，应注意什么事项？,脚可以一直搭在踏杆上，只要不用力,脚应离开踏杆,脚可以时而踩在踏杆，时而离开踏杆,不用注意,A,,接口直采,1,2026/9/18 12:50:37
单选题,锻造过程中，对于尚未冷却透的锻件，操作者应注意的问题是：（）,身体可以接触它,身体不得接触它,用嘴对其吹气，促使其冷却,直接伸手去取,B,,接口直采,1,2026/9/18 12:50:37
单选题,锻造过程中，对于尚未冷却透的锻件，应注意：（ ）,可以接触它,不得接触它,用嘴对其吹气，促使其冷却,直接伸手去取,B,,接口直采,1,2026/9/18 12:50:37
单选题,锻造过程中，对站立位置有何要求：（ ）,不要站立在容易飞出锻件毛边的地方,不要站在锻造设备附近,对站立位置没有限制要求,以上都是,A,,接口直采,1,2026/9/18 12:50:37
单选题,锻造过程中，脚踩踏杆时，要注意什么事项？,脚跟不许悬空,脚跟可以悬空,脚跟时而悬空时而不悬空,以上都是,A,,接口直采,1,2026/9/18 12:50:37
单选题,对伴有电磁辐射的设备进行操作和管理的人员，应施行电磁辐射防护训练。训练内容不包括：（）,频谱仪的使用,常用防护措施、用具及使用方法,个人防护用具及使用方法,电磁辐射的性质及其危害性，电磁辐射防护规定,A,,接口直采,1,2026/9/18 12:50:16
单选题,对常用的又是易制毒的试剂，应：( ),放在试剂架上,放在抽屉里，并由专人管理,锁在实验室的试剂柜中，并由专人管理,以上都是,C,,接口直采,1,2026/9/18 12:50:25
单选题,对发生计算机安全事故和案件的计算机信息系统，如存在安全隐患的，( ) 应当要求限期整改。,人民法院,公安机关,发案单位的主管部门,以上都可以,B,,接口直采,1,2026/9/18 12:50:42
单选题,对刚浇注完的铸件，下面哪项操作是正确的？,浇水加速其冷却,用手去摸铸件,立即落砂清理出铸件,待其冷却一定时间后再进行落砂清理,D,,接口直采,1,2026/9/18 12:50:37
单选题,对刚浇注完的铸件，应如何进行处理？,浇水加速其冷却,用手去摸铸件,立即落砂清理出铸件,待其冷却一定时间后再进行落砂清理,D,,接口直采,1,2026/9/18 12:50:37
单选题,对人类而言，下列那种情况不属于生物威胁的来源：( )。,各种致病微生物、转基因生物,外来生物入侵,工厂烟囱排放的空气污染,生物恐怖事件,C,,接口直采,1,2026/9/18 12:50:35
单选题,对实验室安全检查的重点是：( ),可燃易燃性、可传染性、放射性物质、有毒物质的使用和存放,清除污染和废弃物处置情况,规章制度的建立和执行情况,以上都是,D,,接口直采,1,2026/9/18 12:50:27
单选题,对受伤人员进行急救的第一步应该是：（）,观察伤者有无意识,对出血部位进行包扎,进行胸外心脏按压,在伤者耳边呼叫,A,,接口直采,1,2026/9/18 12:50:15
单选题,对数控机床数控系统内部存储的所有参数，应注意：（）,严禁私自打开，改动和删除,可以任意打开，改动和删除,可以任意打开，但不可改动和删除,以上都不对,A,,接口直采,1,2026/9/18 12:50:37
单选题,对危险废物的容器和包装物以及收集、贮存、运输、处置危险废物的设施、场所，必须：,设置危险废物识别标志,设置生活垃圾识别标志,不用设置识别标志,以上都是,A,,接口直采,1,2026/9/18 12:50:20
单选题,对危险废物的容器和包装物以及收集、贮存、运输、处置危险废物的设施、场所，必须：（）,设置生活垃圾识别标志,设置危险废物识别标志,设置毒性标志,不用设置识别标志,B,,接口直采,1,2026/9/18 12:50:20
单选题,对于比水轻又不溶于水的易燃和可燃液体，如苯、甲苯、汽油、轻柴油等的火灾，不可以（）,用水灭火,用泡沫覆盖,用沙掩埋,用二氧化碳灭火剂,A,,接口直采,1,2026/9/18 12:50:32
单选题,对于焊接操作，以下正确的是：（）,允许氧气橡胶软管替代乙炔气橡胶软管使用,焊接时，可以将电线搭在身上或踏在脚下,气焊与气割前，必须检查输送气体的橡胶软管有无磨损、扎伤、老化、裂纹等现象，发现损坏应立即更新,当气体保护电弧焊采用水冷电极时，因冷却水无污染，可选择直排,C,,接口直采,1,2026/9/18 12:50:37
单选题,对于实验室的微波炉，下列哪种说法是错误的？,微波炉开启后，会产生很强的电磁辐射，操作人员应远离,严禁将易燃易爆等危险化学品放入微波炉中加热,实验室的微波炉也可加热食品,对密闭压力容器使用微波炉加热时应注意严格按照安全规范操作,C,,接口直采,1,2026/9/18 12:50:38
单选题,对于实验室内的初期火灾，不正确的做法有：（）,用水浇灭,用灭火器扑灭,用湿毛巾覆盖,用东西扇灭,D,,接口直采,1,2026/9/18 12:50:32
单选题,对于相同厚度的下列物质，哪种对1MeV能量的γ射线屏蔽效果好？,水,水泥,铁,铅,D,,接口直采,1,2026/9/18 12:50:16
单选题,对于小鼠、大鼠、豚鼠和兔这4种常用实验动物而言，以下哪种病毒是必需的病毒检测项目：（）,仙台病毒,狂犬病病毒,多瘤病毒,轮状病毒,A,,接口直采,1,2026/9/18 12:50:35
单选题,对于小鼠、大鼠、豚鼠和兔这4种常用实验动物而言，以下哪种病原菌不属于必需的病原菌检测项目：（）,肺炎克雷伯杆菌,金黄色葡萄球菌,铜绿假单胞菌（绿脓杆菌）,结核分枝杆菌,D,,接口直采,1,2026/9/18 12:50:35
单选题,对于小鼠、大鼠、豚鼠和兔这4种常用实验动物而言，以下哪种寄生虫不属于必需的寄生虫检测项目：（）,体外寄生虫（节肢动物）,弓形虫,疟原虫,鞭毛虫,C,,接口直采,1,2026/9/18 12:50:35
单选题,对于一些吸入或食入少量即能中毒致死的化学试剂，生物试验中致死量（LD50）在50mg/kg以下的称为剧毒化学试剂，以下哪个不是剧毒化学试剂：( ),氰化钾,三氧化二砷,氯化汞,苯,D,,接口直采,1,2026/9/18 12:50:25
单选题,对铸件进行落砂清理时，下面哪项操作是正确的？,直接伸手测试铸件温度,直接伸手测试型砂温度,戴好防护手套再进行落砂清理,以上都不是,C,,接口直采,1,2026/9/18 12:50:37
单选题,对铸件进行落砂清理时，应注意什么事项？,直接伸手测试铸件温度,直接伸手测试型砂温度,戴好防护手套再进行落砂清理,以上都不对,C,,接口直采,1,2026/9/18 12:50:37
单选题,二级生物安全水平实验室结构和设施、安全操作规程、安全设备适用于（）,实验室存在通常会引起人或动物严重疾病的病原微生物,实验室存在对人或动物致病不易致严重危害的病原微生物,实验室存在对人或动物致严重疾病的病原微生物,以上都不是,B,,接口直采,1,2026/9/18 12:50:35
单选题,二硫化碳中加一点（），可长期保存。,煤油,植物油,水,硫酸,C,,接口直采,1,2026/9/18 12:50:25
单选题,二氧化碳灭火剂不适用于扑救（）火灾。,图书,精密仪器,贵重仪器,火药,D,,接口直采,1,2026/9/18 12:50:32
单选题,二氧化碳灭火器不适宜扑救：（）,贵重仪器设备,档案资料,计算机,钾、钠、镁、铝等物质,D,,接口直采,1,2026/9/18 12:50:32
单选题,发生触电事故的危险电压一般是从（）开始。,24V,26V,65V,110V,C,,接口直采,1,2026/9/18 12:50:37
单选题,发生触电事故的危险电压一般是多少伏以上？,24,26,65,110,C,,接口直采,1,2026/9/18 12:50:18
单选题,发生火灾后，逃生方法错误的是：（）,发生火灾后，选择最近的逃生出口,逃离火场的路线上遇有浓烟烈火时，必须把自己的衣服淋湿；再找一块湿毛巾捂住口鼻，以起到隔热滤毒的作用,在有浓烟的情况下，采用低姿势撤离，视线不清时，手摸墙壁徐徐撤离,高层实验室的楼道内烟雾过浓，无法冲出时，选择跳楼逃生,D,,接口直采,1,2026/9/18 12:50:32
单选题,发生火灾应当立即报警。任何单位、个人都应当（）为报警提供便利，不能阻拦报警。,无偿,有偿,自愿,自觉,A,,接口直采,1,2026/9/18 12:50:32
单选题,发生人畜共患病时，须立即向学校有关机构报告，同时还必须立即向当地什么职能部门报告？,卫生厅,农业厅,卫生防疫部门,医院,C,,接口直采,1,2026/9/18 12:50:35
单选题,发生人畜共患病时，须立即向学校有关机构报告，同时还必须立即向当地什么职能部门报告？（）,卫生厅,农业厅,卫生防疫部门,以上都是,C,,接口直采,1,2026/9/18 12:50:35
单选题,发生危险化学品丢失、被盗、泄漏等安全事故时，事故实验室应立即上报，采取有效控制措施，启动（）。,应急预案,内部管控措施,安全预案,一级防护屏障,A,,接口直采,1,2026/9/18 12:50:15
单选题,"发生危险化学品事故后,应该向什么方向疏散？",下风,上风,顺风,,B,,接口直采,1,2026/9/18 12:50:15
单选题,发现电器着火应该怎么办：（）,别管它，赶紧跑,在保障安全的情况下先灭火，然后关电源,在保障安全的情况下先关掉电源，然后灭火,以上都不是,C,,接口直采,1,2026/9/18 12:50:32
单选题,发现人员触电时，应采取（）使之脱离电源。,立即用手拉开触电人员,大声呼救,用绝缘物体拨开电源或触电者,用铁棍拨开电源线,C,,接口直采,1,2026/9/18 12:50:15
单选题,凡在潮湿工作场所或在金属容器内使用手提式电动用具或照明灯时，应采用（）安全电压。,12V,36V,50V,100V,A,,接口直采,1,2026/9/18 12:50:37
单选题,防护服型或混合型BSL-4实验室中，工作人员需穿着整体的由生命维持系统供气的（）工作服。,正压,负压,常压,高压,A,,接口直采,1,2026/9/18 12:50:35
单选题,防火墙能够( )。,防范恶意的知情者,防范通过它的恶意连接,防备新的网络安全问题,完全防止传送已被病毒感染的软件和文件,B,,接口直采,1,2026/9/18 12:50:42
单选题,放射防护的目的就是通过采取各种有效的放射防护措施，降低受照者所受到的辐射剂量，从而有效地避免（）的发生，并将（）的发生率降低到最低程度，有效保护实验人员和公众。,随机性效应，确定性效应,确定性效应，随机性效应,固定性效应，随机性效应,随机性效应，固定性效应,B,,接口直采,1,2026/9/18 12:50:16
单选题,放射工作单位应当组织上岗后的放射工作人员定期进行职业健康检查，两次检查的时间间隔不应该超过（），必要时可增加临时性检查。,1年,2年,3年,4年,B,,接口直采,1,2026/9/18 12:50:16
单选题,放射化学实验室操作的Pu、Am、Np等的同位素都属于极毒放射性核素，Pu 这些核素对人体的最大威胁体现在：（）,化学毒性,中子流,强β射线,强γ射线,A,,接口直采,1,2026/9/18 12:50:16
单选题,放射化学实验室需要操作多种放射性物质。根据放射性核素半衰期长短不同，含有这些核素的废物一般要求分开存放。短半衰期废物在存放一定时间后，经过测量低于放射性豁免值时可以作为一般废物处理。一般而言，短半衰期废物的存放时间要求多久？,存放至实验结束,存放1周左右,存放1～2个月,存放10个半衰期以上,D,,接口直采,1,2026/9/18 12:50:16
单选题,放射性核素的半衰期（T1/2）的定义是：（）,放射性核素的原子核数目衰变一半时的概率,放射性核素衰减时间为其寿命一半时的原子核数目,放射性核素的原子核数目衰变一半所需要的时间,以上都不对,C,,接口直采,1,2026/9/18 12:50:16
单选题,放射性核素发出的射线作用人体的形式主要有（）两种。,长照射和短照射,内照射和外照射,强照射和弱照射,单一照射和复合照射,B,,接口直采,1,2026/9/18 12:50:16
单选题,放射性核素可分为（）性核素和（）性核素。,稳定、非稳定,单体放射、多体放射,天然放射、人工放射,辐射、非辐射,C,,接口直采,1,2026/9/18 12:50:16
单选题,放射性活度常用单位有居里（（Ci），1Ci与贝可（Bq）的换算关系为：（）,1Ci=3.7×107 Bq,1Ci=3.7×1010 Bq,1Ci=5.7×1010 Bq,1Ci=3.7×1011 Bq,B,,接口直采,1,2026/9/18 12:50:16
单选题,放射性事故中受照人员的二级医疗救治由（）实施。,本单位,本单位所在社区的社区医院,本单位所在省市应急医疗救治机构,三级医疗救治单位,C,,接口直采,1,2026/9/18 12:50:16
单选题,放射性事故中受照人员的三级医疗救治由（）实施。,本单位,本单位所在社区的社区医院,本单位所在省市应急医疗救治机构,三级医疗救治单位,D,,接口直采,1,2026/9/18 12:50:16
单选题,放射性事故中受照人员的一级医疗救治是由（）组织实施。,本单位,本单位所在社区的社区医院,本单位所在省市应急医疗救治机构,三级医疗救治单位,A,,接口直采,1,2026/9/18 12:50:16
单选题,放置在阻燃防爆容器柜之外的可燃液体的总量不超过：（）,10L,20L,30L,40L,A,,接口直采,1,2026/9/18 12:50:25
单选题,废机油处理的规定是：（）,量不大可以倒在土地上自然渗掉,集中一定量后卖给小贩,集中一定量后交设备处,统一由专人负责烧掉,C,,接口直采,1,2026/9/18 12:50:37
单选题,废弃的有害固体药品，应：( ),不经处理解毒后就丢弃在生活垃圾处,经处理解毒后，才可丢弃在生活垃圾处,收集起来由专业公司处理,以上都是,C,,接口直采,1,2026/9/18 12:50:20
单选题,废弃的有害固体药品应如何处理？,按一般固体废物处理,按生活垃圾处理,经处理解毒后，按生活垃圾处理,收集起来由专业公司处理,D,,接口直采,1,2026/9/18 12:50:20
单选题,辐射防护检测中常见的个人剂量计不包括如下的（）。,个人剂量笔,光玻璃剂量计,热感应剂量计,数字式个人报警器,C,,接口直采,1,2026/9/18 12:50:16
单选题,辐射防护检测中个人剂量监测的内容包括（）两部分。,长照射和短照射,外照射和内照射,强照射和弱照射,单一照射和复合照射,B,,接口直采,1,2026/9/18 12:50:16
单选题,辐射工作人员在岗期间，享有每（）年参加一次健康复检的权利，（）年须参加一次辐射安全与防护知识复训。未参加复检和复训，或复检和复训不合格的辐射工作人员，不得继续从事辐射工作。,"2,2","4,4","4,2","2,4",D,,接口直采,1,2026/9/18 12:50:16
单选题,辐射致癌属于哪种效应？（）,急性,遗传,随机性,确定性,C,,接口直采,1,2026/9/18 12:50:16
单选题,辐射致癌一般有10～20年的潜伏期，其中辐射致（）潜伏期最短，一般在（）之内便可以发生。,肺癌，3年,骨髓瘤，3年,白血病，5年,甲状腺癌，5年,C,,接口直采,1,2026/9/18 12:50:16
单选题,腐蚀性物质的强烈腐蚀性表现在以下哪些方面：（）,对人体有腐蚀作用,对有机物质有腐蚀作用,对金属有腐蚀作用,以上均是,D,,接口直采,1,2026/9/18 12:50:25
单选题,负责核发剧毒化学品购买许可证。,安全生产监督管理部门,公安机关,生态环境主管部门,交通运输主管部门,B,,接口直采,1,2026/9/18 12:50:25
单选题,负责核发危险化学品经营许可证。,安全生产监督管理部门,公安机关,生态环境主管部门,交通运输主管部门,A,,接口直采,1,2026/9/18 12:50:25
单选题,负责统筹协调网络安全工作的部门是：,公安部,国家网信部门,工信部,市场监管总局,B,,接口直采,1,2026/9/18 12:50:42
单选题,负责危险化学品道路运输企业驾驶人员的资格认定。,安全生产监督管理部门,公安机关,卫生主管部门,交通运输主管部门,D,,接口直采,1,2026/9/18 12:50:25
单选题,负责危险化学品毒性鉴定的管理。,安全生产监督管理部门,公安机关,卫生主管部门,交通运输主管部门,C,,接口直采,1,2026/9/18 12:50:25
单选题,负责危险化学品运输车辆的道路交通安全管理。,安全生产监督管理部门,公安机关,生态环境主管部门,交通运输主管部门,B,,接口直采,1,2026/9/18 12:50:25
单选题,负责危险化学品运输工具的安全管理。,安全生产监督管理部门,公安机关,卫生主管部门,交通运输主管部门,D,,接口直采,1,2026/9/18 12:50:25
单选题,感染动物的粪、尿、唾液等分泌和排泄物中常含有大量的病原体，其所形成的（）常成为主要的传播感染源。,动物垃圾,实验室,垫料,气溶胶,D,,接口直采,1,2026/9/18 12:50:35
单选题,感染动物实验完成后，动物尸体及废弃物转移出特殊实验室前，应采取哪种方法处理？,药水浸泡,高压灭菌,深埋,焚烧,B,,接口直采,1,2026/9/18 12:50:35
单选题,感染性废弃物的处置最常用的方法是：（ ）,焚烧和填埋,焚烧和灭菌,填埋和灭菌,消毒和焚烧,B,,接口直采,1,2026/9/18 12:50:35
单选题,感染性废弃物的管理程序应包括以下哪些内容？（）,指定专人负责和协调感染性废弃物的管理,建立隔离、包装、转运、保存和处置程序,建立审核及质量保证程序,以上都是,D,,接口直采,1,2026/9/18 12:50:35
单选题,干粉灭火器不适宜扑救：（）,金属燃烧,石油产品火灾,有机溶剂火灾,油漆火灾,A,,接口直采,1,2026/9/18 12:50:32
单选题,干粉灭火器适用于：( ),电器起火,可燃气体起火,有机溶剂起火,以上都是,D,,接口直采,1,2026/9/18 12:50:32
单选题,干热灭菌使用温度和时间通常为：（ ）,160℃以上，2～4h,"100～140℃,1～5h",160℃以上，15～30min,"100～140℃,15～30min",A,,接口直采,1,2026/9/18 12:50:35
单选题,干热灭菌效果监测的生物指示物为：（）,嗜热脂肪杆菌芽孢,枯草杆菌黑色变种芽孢,短小芽孢杆菌,粪链球菌,B,,接口直采,1,2026/9/18 12:50:35
单选题,高浓度的含酚废液可用乙酸丁酯萃取，再用少量（）反萃取、经调节pH值后，进行重蒸馏回收。,氢氧化钠,氯化钠,丙酮,生石灰,A,,接口直采,1,2026/9/18 12:50:20
单选题,高温实验装置使用注意事项错误的是：( ),注意防护高温对人体的辐射,熟悉高温装置的使用方法，并细心地进行操作,如不得已非将高温炉之类高温装置置于耐热性差的实验台上进行实验时，装置与台面之间要保留一厘米以上的间隙，并加垫隔热层，以防台面着火,使用高温装置的实验，要求在防火建筑内或配备有防火设施的室内进行，并要求密闭，减少热量损失,D,,接口直采,1,2026/9/18 12:50:38
单选题,高效液相色谱仪应使用经过纯水机处理过的超纯水，水电阻应达到：（）,10.2MΩ,15.2MΩ,18.2MΩ,20.2MΩ,C,,接口直采,1,2026/9/18 12:50:38
单选题,高效液相色谱仪长时间不用时，流动相水相的溶液瓶及泵前管路中容易滋生细菌，应改用（）保存。,20％甲醇水溶液,10％甲醇水溶液,10％乙醇水溶液,20％乙醇水溶液,B,,接口直采,1,2026/9/18 12:50:38
单选题,高压灭菌锅的安全阀是（）状态，接通电源加热时放气阀应处于（）状态。,打开、关闭,关闭、打开,打开、打开,关闭、关闭,B,,接口直采,1,2026/9/18 12:50:30
单选题,高压灭菌器不能用于（）物品的灭菌。,普通培养基,医用生理盐水,外科手术敷料和器械,血清,D,,接口直采,1,2026/9/18 12:50:38
单选题,高压线辐射场强与气候变化的关系是：（）,雨天辐射场强高，晴天辐射场强低,雨天辐射场强低，晴天辐射场强高,没有差别,没有关系,A,,接口直采,1,2026/9/18 12:50:16
单选题,高致病性病原微生物菌（毒）种或者样本的运输方式不包括（）,应当通过陆路运输,可以通过水路运输,紧急情况下运输或者需要运往国外的，可以通过民用航空运输,地区内运输可通过公共电（汽）车和城市铁路运输,D,,接口直采,1,2026/9/18 12:50:35
单选题,个人信息保护影响评估不包括以下哪项内容？,处理目的是否合法,对个人权益的影响,处理者的盈利能力,保护措施是否有效,C,,接口直采,1,2026/9/18 12:50:42
单选题,个人信息处理的基本原则不包括以下哪一项？,合法正当,公开透明,经济利益最大化,最小必要,C,,接口直采,1,2026/9/18 12:50:42
单选题,个人信息处理者拒绝个人行使其权利请求的，个人可以：,直接报警,向法院起诉,向网信部门投诉,B和C均可,D,,接口直采,1,2026/9/18 12:50:42
单选题,个人信息处理者应当保存个人信息保护影响评估报告至少：,1年,2年,3年,5年,C,,接口直采,1,2026/9/18 12:50:42
单选题,个人信息处理者应当在个人信息泄露后多长时间内通知个人？,24小时,48小时,立即,72小时,C,,接口直采,1,2026/9/18 12:50:42
单选题,个人信息处理者应当指定个人信息保护负责人的条件是：,所有处理者都必须指定,处理信息数量达到网信部门规定,仅国家机关需指定,仅跨境提供信息时需指定,B,,接口直采,1,2026/9/18 12:50:42
单选题,个人信息泄露时，网络运营者应当：,隐瞒不报,立即采取补救措施,继续运营,删除所有数据,B,,接口直采,1,2026/9/18 12:50:42
单选题,各实验室在运送化学废弃物到各校区临时收集中转仓库之前，可以：（）,堆放在走廊上,堆放在过道上,集中分类存放在实验室内，贴好物品标签,以上都是,C,,接口直采,1,2026/9/18 12:50:20
单选题,根据《高等学校基础课实验教学示范中心建设标准》，医学与医学生物学教学实验室房间高度应不低于（）m。,2,2.5,3,3.5,B,,接口直采,1,2026/9/18 12:50:35
单选题,根据《中华人民共和国突发事件应对法》的规定，自然灾害、事故灾难和公共卫生事件的预警级别分为四级，即一级、二级、三级和四级，分别用下列何种颜色标示？,红、橙、黄、蓝,红、黄、橙、绿,红、黄、绿、蓝,黄、红、橙、蓝,A,,接口直采,1,2026/9/18 12:50:15
单选题,根据操作放射性物质的活度水平，放射性实验室的控制区可以分为：（）,放射性活性区、中间区、非放射性活性区,高活性区、中活性区、低活性区和清洁区,监督区、中间区、非限制区,,B,,接口直采,1,2026/9/18 12:50:16
单选题,根据放射性核素的毒性，可将核素分为4组，分别是：（）,高毒组、中毒组、低毒组、无毒组,高毒组、中毒组、低毒组、弱毒组,极毒组、高毒组、中毒组、低毒组,极毒组、高毒组、中毒组、弱毒组,C,,接口直采,1,2026/9/18 12:50:16
单选题,根据规定，取得特种作业人员操作证的特种作业人员（司炉工除外），每隔（ ）年要进行一次复审。,1,2,3,4,B,,接口直采,1,2026/9/18 12:50:30
单选题,根据教育部《高等学校基础课实验教学示范中心建设标准》文件要求，教学实验人均实验室面积至少（）㎡。,2,2.5,3,3.5,B,,接口直采,1,2026/9/18 12:50:35
单选题,根据联合国原子辐射效应科学委员会UNSCEAR 2000报告书，天然本底辐射所致全世界人均年有效剂量为：（）,0.002mSv,0.005mSv,0.4mSv,2.4mSv,D,,接口直采,1,2026/9/18 12:50:16
单选题,根据农业部规定，动物病原微生物按危害程度可分为四类，其中哪类危害程度最高？,第一类,第二类,第三类,第四类,A,,接口直采,1,2026/9/18 12:50:35
单选题,根据实验动物相关法规，我国实验动物管理实行：（）,检测证制度,安全证制度,认可证制度,许可证制度,D,,接口直采,1,2026/9/18 12:50:35
单选题,根据所操作的生物因子的危害程度和采取的防护措施，实验室生物安全防护水平分为（）级。,3,4,5,6,B,,接口直采,1,2026/9/18 12:50:35
单选题,根据卫生部规定，人间传染的病原微生物按危害程度可分为四类，其中哪类危害程度最高？,第一类,第二类,第三类,第四类,A,,接口直采,1,2026/9/18 12:50:35
单选题,根据我国有关放射防护法规与标准要求，辐射工作人员必须接受指定的职业照射的个人剂量监测。目前国内较多采用（）剂量计。,笔形电离室,胶片,热释光（TLD）,玻璃,C,,接口直采,1,2026/9/18 12:50:16
单选题,根据用途，实验器皿可分为：（）,计量类,反应类、容器类,分离类、固定夹持类,以上均是,D,,接口直采,1,2026/9/18 12:50:38
单选题,工作地点相对湿度大于75％时，属于什么环境：（）,危险、易触电,不危险,一般,特殊,A,,接口直采,1,2026/9/18 12:50:37
单选题,工作台，机床上使用的局部照明灯，电压不得超过：（）,48伏,110伏,36伏,以上都不对,C,,接口直采,1,2026/9/18 12:50:37
单选题,钩端螺旋体病治疗首选药物为：（）,红霉素,阿奇霉素,青霉素,卡那霉素,C,,接口直采,1,2026/9/18 12:50:35
单选题,购买、使用放射源、非密封放射性物质和射线装置，应提前向哪个部门提出申请？,安全委员会,技术安全办公室,辐射防护办公室,保卫处,C,,接口直采,1,2026/9/18 12:50:16
单选题,购买剧毒化学品、易制爆危险化学品的单位应当在购买后（）日内，向所在地公安机关备案。,3,5,10,15,B,,接口直采,1,2026/9/18 12:50:25
单选题,购买剧毒药品说法错误的是：( ),向学校保卫处申请并批准备案,经过公安局审批,经过环保局审批,通过正常渠道在指定的化学危险品商店购买,C,,接口直采,1,2026/9/18 12:50:25
单选题,故意制作、传播计算机病毒等破坏性程序，影响计算机系统正常运行， 后果严重的，将受到( )处罚。,处五年以下有期徒刑或者拘役,拘留,罚款,警告,A,,接口直采,1,2026/9/18 12:50:42
单选题,故意制作、传播计算机病毒等破坏性程序，影响计算机系统正常运行，（ ）的，应依照法律处五年以下有期徒刑或者拘役。,后果严重,产生危害,造成系统失常,信息丢失,A,,接口直采,1,2026/9/18 12:50:42
单选题,关键信息基础设施的安全保护工作由哪个部门负责指导监督？,国家市场监管总局,国务院公安部门,国家卫健委,教育部,B,,接口直采,1,2026/9/18 12:50:42
单选题,关键信息基础设施的认定规则由谁制定？,运营者自行制定,保护工作部门制定,公安机关制定,网信部门统一制定,B,,接口直采,1,2026/9/18 12:50:42
单选题,关键信息基础设施的运营者应当对重要系统和数据库进行：,加密,容灾备份,公开,删除,B,,接口直采,1,2026/9/18 12:50:42
单选题,关键信息基础设施的运营者应当设置：,营销团队,专门安全管理机构,财务部门,人力资源部,B,,接口直采,1,2026/9/18 12:50:42
单选题,关于存储化学品说法错误的是：( ),化学危险物品应当分类、分项存放，相互之间保持安全距离,遇火、遇潮容易燃烧、爆炸或产生有毒气体的化学危险品，不得在露天、潮湿、漏雨或低洼容易积水的地点存放,受阳光照射易燃烧、易爆炸或产生有毒气体的化学危险品和桶装、罐装等易燃液体、气体应当在密闭地点存放,防护和灭火方法相互抵触的化学危险品，不得在同一仓库或同一储存室存放,C,,接口直采,1,2026/9/18 12:50:25
单选题,关于存放自燃性试剂说法错误的是：( ),单独储存,储存于通风、阴凉、干燥处,存放于试剂架上,远离明火及热源，防止太阳直射,C,,接口直采,1,2026/9/18 12:50:25
单选题,关于单位编制应急预案，下列做法正确的是：（）,由本单位工会领导组织成立应急预案编制工作组,应急预案的评审均由上级主管部门或地方政府安全监管部门组织,预案评审后，经主要负责人签署发布并上报有关部门备案,除评估本单位应急能力外，还应评估相邻单位应急能力,C,,接口直采,1,2026/9/18 12:50:15
单选题,关于盗版软件，下列说法正确的是（ ）。,对于盗版软件，只要只使用，不做商业盈利，其使用并不违法,拷贝、使用网上的应用软件都是违法的,对防病毒软件，可以使用盗版软件,不管何种情况，使用盗版软件都不合法,D,,接口直采,1,2026/9/18 12:50:42
单选题,关于防火墙技术，说法正确的是（ ）。,防火墙技术都需要专门的硬件支持,防火墙的主要功能是预防网络病毒的攻击,防火墙不可能防住所有的网络攻击,防火墙只能预防外网对内网的攻击,C,,接口直采,1,2026/9/18 12:50:42
单选题,关于放射性活度衰减规律，下列哪种说法正确？（）,加压、加热可以改变指数衰减规律,加电磁场可以改变指数衰减规律,机械运动可以改变指数衰减规律,放射性衰变是由原子核内部运动规律所决定的，外部条件不能改变衰减规律,D,,接口直采,1,2026/9/18 12:50:16
单选题,关于化学品的使用、管理，下列说法哪个是错误的？,打开塑料瓶的化学品时不要过于用力挤压，否则可能导致液体溢出或迸溅到身体上,有机溶剂可以置于普通冰箱保存,分清标签，认真阅读标签，按标签使用,共用化学品从专用柜里取出，使用时注意保持标签的完整，用后放回专用柜,B,,接口直采,1,2026/9/18 12:50:25
单选题,关于计算机中使用的软件，叙述错误的是（ ）。,软件凝结着专业人员的劳动成果,软件像书籍一样，借来复制一下并不损害他人,未经软件著作权人的同意复制其软件是侵权行为,软件如同硬件一样，也是一种商品,B,,接口直采,1,2026/9/18 12:50:42
单选题,关于检查气瓶是否存在漏气现象，以下操作不正确的是？,用手感应检查位置有无气流,在检查位置抹少许肥皂水,对于可燃气体可在检查处点火检测,软胶管一端套在气瓶上，一端连气球，观察气球膨胀状态。,C,,接口直采,1,2026/9/18 12:50:30
单选题,关于剧毒化学品以下说法错误的是：（）,使用剧毒化学品的单位应配备专门的保险柜,存放剧毒化学品的保险柜需双人双锁,领取剧毒化学品应双人收发、双人运输,盛装剧毒化学品的空瓶可以直接按一般危险废物处置,D,,接口直采,1,2026/9/18 12:50:25
单选题,关于生物安全实验室个人责任，其中错误的是：（）,食品、饮料及类似物品只应在指定的区域中准备和食用,实验室内禁止吸烟,禁止在工作区域内使用化妆品和处理隐形眼镜，长发应束在脑后，工作时若戴有戒指、耳环、手表、手镯、项链和其他珠宝应将其置于个人防护装备内,所有实验室工作人员应接受免疫以预防其可能被所接触的生物因子感染，并应按有关规定保存免疫纪录和免疫前血清,D,,接口直采,1,2026/9/18 12:50:35
单选题,关于实验室危险废物的存放，以下说法错误的是：（）,应避免高温、日晒、雨淋,避免不相容性危险废物近距离存放,可存放于实验室楼道和学生实验的公共区间,应保持通风，远离火源,C,,接口直采,1,2026/9/18 12:50:20
单选题,关于危险化学品说法错误的是：（）,国家对危险化学品经营实行许可制度,购买危险化学品需查看销售企业的危险化学品经营许可证,未经许可的任何单位和个人不得经营危险化学品,可以在淘宝或京东等网购平台购买危险化学品,D,,接口直采,1,2026/9/18 12:50:25
单选题,关于液氮使用，说法有误的是：（）,接触皮肤，会引起皮肤冻伤,在易燃物上方使用较多液氮，不会引起易燃物着火,少量接触眼睛，可能会引起眼睛失明,快速蒸发可能会造成现场空气缺氧,B,,接口直采,1,2026/9/18 12:50:25
单选题,关于重铬酸钾洗液，下列说法错误的是：,将化学反应用过的玻璃器皿不经处理，直接放入重铬酸钾洗液浸泡,浸泡玻璃器皿时，不可以将手直接插入洗液缸里取放器皿,从洗液中捞出器皿后，立即放进清洗杯，避免洗液滴落在洗液缸外等处。然后马上用水连同手套一起清洗。,取放器皿应戴上专用手套，但仍不能在洗液里的时间过长。,A,,接口直采,1,2026/9/18 12:50:25
单选题,"观察交换机状态指示灯可以初步判断交换机故障,交换机运行中设备指示灯显示红色表示()。",告警,正常,待机,繁忙,A,,接口直采,1,2026/9/18 12:50:42
单选题,国家对放射源实行分类管理，根据对人体健康和环境的潜在危害程度，将放射源分为：（）,I类、II类,I类、II类、III类,I类、II类、III类、IV类,I类、II类、III类、IV类、V类,D,,接口直采,1,2026/9/18 12:50:16
单选题,国家对放射源实行分类管理，根据对人体健康和环境的潜在危害程度，将放射源分为（ ）类。,I、II,I、II、III,I、II、II、IV,I、II、III、IV、V,D,,接口直采,1,2026/9/18 12:50:16
单选题,国家对射线装置实行分类管理，根据对人体健康和环境的潜在危害程度，将射线装置分为：（）,I类、II类,I类、II类、III类、IV类,I类、II类、III类,I类、II类、III类、IV类、V类,C,,接口直采,1,2026/9/18 12:50:16
单选题,国家对射线装置实行分类管理，根据对人体健康和环境的潜在危害程度，将射线装置分为（ ）类。,I、II,I、II、III,I、II、II、IV,I、II、III、IV、V,B,,接口直采,1,2026/9/18 12:50:16
单选题,国家核心数据的管理制度是：,一般管理,更加严格的管理,无需管理,仅由企业自主管理,B,,接口直采,1,2026/9/18 12:50:42
单选题,国家机关委托他人处理政务数据时，应当：,无需监督,经过批准并监督受托方,由受托方全权负责,可随意委托,B,,接口直采,1,2026/9/18 12:50:42
单选题,过氧化酸、硝酸铵、硝酸钾、高氯酸及其盐、重铬酸及其盐、高锰酸及其盐、过氧化苯甲酸、五氧化二磷等是强氧化剂，使用时应注意：( ),环境温度不要高于30℃,通风要良好,不要加热，不要与有机物或还原性物质共同使用,以上都是,D,,接口直采,1,2026/9/18 12:50:25
单选题,含汞、铅、镉等重金属的实验室废液，可通过（）进行预处理。,中和法,吸附法,氧化还原法,硫化物沉淀法,D,,接口直采,1,2026/9/18 12:50:20
单选题,含量较低的实验室有机废液，可通过（）进行预处理。,稀释法,吸附法,中和法,絮凝沉淀法,B,,接口直采,1,2026/9/18 12:50:20
单选题,含砷废液进行预处理时，可加入氧化钙，调节并控制pH值至（），生成砷酸钙和亚砷酸钙沉淀。,7,8,6∼10,10,B,,接口直采,1,2026/9/18 12:50:20
单选题,含有朊粒蛋白的组织标本暴露于（）1h可以基本失活。,4％戊二醛,10％福尔马林,96％甲酸,含1％有效氯的次氯酸钠,C,,接口直采,1,2026/9/18 12:50:35
单选题,含Cr6+或含还原性有毒物质的实验室废液，可通过（）进行预处理。,稀释法,吸附法,氧化还原法,絮凝沉淀法,C,,接口直采,1,2026/9/18 12:50:20
单选题,焊接完成后，下列哪个做法是正确的？,把焊件随处放置,手摸焊缝，检查焊接质量,为了快速冷却，可以浇水,自然冷却,D,,接口直采,1,2026/9/18 12:50:37
单选题,黑客在攻击中进行端口扫描可以完成( )。,检测黑客自己计算机已开放哪些端口,口令破译,获知目标主机开放了哪些端口服务,截获网络流量,D,,接口直采,1,2026/9/18 12:50:42
单选题,黑客造成的主要安全隐患包括( )。,破坏系统、窃取信息及伪造信息,攻击系统、获取信息及假冒信息,进入系统、损毁信息及谣传信息,,A,,接口直采,1,2026/9/18 12:50:42
单选题,烘箱、电阻炉等加热设备的服役期一般最多为（）年。,5,6,10,12,D,,接口直采,1,2026/9/18 12:50:38
单选题,猴B病毒病是由猴B病毒又称疱疹病毒引起的（）和猴共患的一种传染病。,小鼠,大鼠,豚鼠,人,D,,接口直采,1,2026/9/18 12:50:35
单选题,互联网电子邮件服务提供者对用户的( )和互联网电子邮件地址负有保密的义务。,个人注册信息,收入信息,所在单位的信息,,A,,接口直采,1,2026/9/18 12:50:42
单选题,化学品的毒性可以通过皮肤吸收、消化道吸收及呼吸道吸收等三种方式对人体健康产生危害，下列不正确的预防措施是：( ),实验过程中使用三氯甲烷时戴防尘口罩,实验过程中移取强酸、强碱溶液应带防酸碱手套,实验场所严禁携带食物；禁止用饮料瓶装化学药品，防止误食,称取粉末状的有毒药品时，要带口罩防止吸入,A,,接口直采,1,2026/9/18 12:50:28
单选题,化学强腐蚀烫、烧伤事故发生后，应( )，保持创伤面的洁净以待医务人员治疗。或用适合于消除这类化学药品的特种溶剂、溶液仔细洗涤烫、烧伤面。,迅速用大量清水冲洗干净皮肤,迅速解脱伤者被污染衣服，及时用大量清水冲洗干净皮肤,迅速解脱伤者被污染衣服,以上都是,B,,接口直采,1,2026/9/18 12:50:15
单选题,化学实验室原则上不允许使用的加热热源是：（）,水浴、蒸汽浴,油浴、沙浴,明火电炉,电热板,C,,接口直采,1,2026/9/18 12:50:25
单选题,化学危险药品对人身会有刺激眼睛、灼伤皮肤、损伤呼吸道、麻痹神经、燃烧爆炸等危险，一定要注意化学药品的使用安全，以下不正确的做法是：( ),了解所使用的危险化学药品的特性，不盲目操作，不违章使用。,妥善保管身边的危险化学药品，做到：标签完整，密封保存；避热、避光、远离火种。,室内可存放大量危险化学药品,严防室内积聚高浓度易燃易爆气体,C,,接口直采,1,2026/9/18 12:50:25
单选题,化学药品存放室要有防盗设施，保持通风，试剂存放应：( ),按不同类别分类存放,大量危险化学品存放在实验室,可以存放在走廊上,以上都是,A,,接口直采,1,2026/9/18 12:50:25
单选题,化学药品库中的一般药品应如何分类？,按生产日期分类,按有机、无机两大类，有机试剂再细分类存放,随意摆放,按购置日期分类,B,,接口直采,1,2026/9/18 12:50:25
单选题,黄磷自燃应如何扑救：( ),用高压水枪,用高压灭火器,用雾状水灭火或用泥土覆盖,以上都对,C,,接口直采,1,2026/9/18 12:50:25
单选题,回流和加热时，液体量不能超过烧瓶容量的：( ),1/2,2/3,3/4,4/5,B,,接口直采,1,2026/9/18 12:50:21
单选题,混合气体瓶的瓶体颜色均为：（）,红色,银灰色,白色,黑色,B,,接口直采,1,2026/9/18 12:50:23
单选题,混合气体瓶既具有毒性且又有氧化性时，头色上部为（），下部为（）。,大红色、浅绿色,乳白色、墨绿色,淡黄色、淡蓝色,黑色、浅灰色,C,,接口直采,1,2026/9/18 12:50:23
单选题,混合气体瓶既具有可燃性且又有毒性时，头色上部为（），下部为（）。,淡紫色、淡蓝色,淡蓝色、浅绿色,浅绿色、淡黄色,大红色、淡黄色,D,,接口直采,1,2026/9/18 12:50:23
单选题,混和或相互接触时，不会产生大量热量而着火、爆炸的是：（）,KMnO4和浓硫酸,CCl4和碱金属,硝铵和酸,浓HNO4和胺类,B,,接口直采,1,2026/9/18 12:50:25
单选题,混和时不会生成高敏感、不稳定或者具有爆炸性物质的是：( ),醚和醇类,烯烃和空气,氯酸盐和铵盐,亚硝酸盐和铵盐,A,,接口直采,1,2026/9/18 12:50:25
单选题,活泼金属应存放在：（ ）,密封容器中并放入冰箱,密封容器中并放入干燥器,泡在煤油里密封避光保存,密封容器中并放入通风柜,C,,接口直采,1,2026/9/18 12:50:25
单选题,活泼金属应存放在何处？,密封容器中并放入冰箱,密封容器中并放入干燥器,泡在煤油里密封避光保存,密封容器中并放入密闭柜子内,C,,接口直采,1,2026/9/18 12:50:25
单选题,火灾不能用水扑灭。,棉布、家具,金属钾、钠,木材、纸张,塑料、泡沫,B,,接口直采,1,2026/9/18 12:50:32
单选题,火灾初起阶段是扑救火灾（）的阶段。,最不利,最有利,较不利,无差别,B,,接口直采,1,2026/9/18 12:50:32
单选题,火灾初始阶段是扑救火灾（）的阶段。,最不利,最有利,较不利,较有利,B,,接口直采,1,2026/9/18 12:50:32
单选题,火灾蔓延的途径是:( ),热传导,热对流,热辐射,以上都是,D,,接口直采,1,2026/9/18 12:50:32
单选题,火灾致命最主要的原因是：（）,中毒,被人践踏,窒息,烧伤,C,,接口直采,1,2026/9/18 12:50:15
单选题,火灾中引起人员大量伤亡的主要原因是（）。,互相踩踏致死,吸入烟气窒息死亡,被火烧死,跳楼摔死,B,,接口直采,1,2026/9/18 12:50:32
单选题,机床铣削中应注意：（）,用手摸旋转工件,用手清除切屑,用嘴吹掉铁屑,用铁钩或毛刷清理铁屑,D,,接口直采,1,2026/9/18 12:50:37
单选题,机体受照射剂量较大，在（）Gy以上时，可造成细胞大量死亡，组织器官功能失代偿，表现为一系列全身症状。,0.2,0.5,1,2,C,,接口直采,1,2026/9/18 12:50:16
单选题,急救中固定的目的是：（）,复位,防止骨折断端移位,止血,防止污染,B,,接口直采,1,2026/9/18 12:50:15
单选题,计算机安全属性不包括（ ）。,可用性和可审性,可判断性和可靠性,完整性和可审性,保密性和可控性,B,,接口直采,1,2026/9/18 12:50:42
单选题,计算机安全属性中的保密性是指（ ）。,用户的身份要保密,用户使用信息的时间要保密,用户使用IP地址要保密,确保信息不暴露给未经授权的实体,D,,接口直采,1,2026/9/18 12:50:42
单选题,计算机病毒是（ ）,一种侵犯计算机的细菌,一种坏的磁盘区域,一种特殊程序,一种特殊的计算机,C,,接口直采,1,2026/9/18 12:50:42
单选题,计算机感染特洛伊木马后的典型现象是( )。,程序异常退出,有未知程序试图建立网络连接,邮箱被垃圾邮件填满,Windows系统黑屏,B,,接口直采,1,2026/9/18 12:50:42
单选题,计算机机房内宜配置（ ）,干粉灭火器,泡沫型灭火器,二氧化碳灭火器,储水设备,C,,接口直采,1,2026/9/18 12:50:42
单选题,计算机染上病毒后不可能出现的现象是（ ）。,"系统出现异常启动或经常""死机""",程序或数据突然丢失,磁盘空间变小,打印机经常卡纸,D,,接口直采,1,2026/9/18 12:50:42
单选题,计算机信息系统发生安全事故和案件，应当( )在内报告当地公安机关公共信息网络安全监察部门。,8小时,48小时,36小时,24小时,D,,接口直采,1,2026/9/18 12:50:42
单选题,剂量与点源距离的关系为：（）,正比,反比,平方正比,平方反比,D,,接口直采,1,2026/9/18 12:50:16
单选题,加热和蒸馏有易燃试剂的实验时，不能用：( ),水浴锅,明火,通风橱,以上都是,B,,接口直采,1,2026/9/18 12:50:25
单选题,加热盛有固体的试管时，管口应。,略向上,完全朝上,完全向下,略向下,D,,接口直采,1,2026/9/18 12:50:21
单选题,加热时使用试管夹，试管夹应夹在距管口（）处。,1/2,2/3,1/3,1/4,C,,接口直采,1,2026/9/18 12:50:21
单选题,甲苯的毒性级别是：（）,微毒,低毒,中等,高毒,B,,接口直采,1,2026/9/18 12:50:25
单选题,甲醇的毒性级别是：（ ）,高毒,中等毒性,低毒,微毒,C,,接口直采,1,2026/9/18 12:50:25
单选题,甲醇的毒性级别是：（）,微毒,低毒,中等,高毒,B,,接口直采,1,2026/9/18 12:50:25
单选题,甲级非密封源工作场所日等效最大操作量为：（）,>4×10^9,2×10^7∼4×10^9,豁免活度值以上至2×10^7,豁免活度值以下,A,,接口直采,1,2026/9/18 12:50:16
单选题,甲冒充新闻工作者，以在新闻网站上发布隐私为要挟，向乙、丙、丁等人索取了数十万财物。甲的行为应当认定为（ ）。,诈骗罪,敲诈勒索罪,招摇撞骗罪,寻衅滋事罪,B,,接口直采,1,2026/9/18 12:50:42
单选题,甲醛的毒性级别是：（ ）,剧毒,高毒,中等毒性,低毒,C,,接口直采,1,2026/9/18 12:50:25
单选题,甲醛的毒性级别是：（）,微毒,低毒,中等,高毒,C,,接口直采,1,2026/9/18 12:50:25
单选题,甲醛易聚合，开瓶后可适量加入：（）,甲酸,甲醇,乙酸,乙醇,B,,接口直采,1,2026/9/18 12:50:25
单选题,将文件从FTP服务器传输到客户机的过程称为（ ）。,上载,下载,浏览,计费,B,,接口直采,1,2026/9/18 12:50:42
单选题,浇注过程中一旦发生安全事故，应：（）,迅速逃离现场,保持镇静，及时汇报并听从指导人员安排,按自己判断，进行处理,以上都不对,B,,接口直采,1,2026/9/18 12:50:37
单选题,教育部要求高校实验室安全管理组织体系建设包括领导机构、督查队伍及专（兼）职的安全工作人员，有明确的（），有队伍建设计划等。,安全检查标准,安全准入制度,安全应急预案,岗位职责,D,,接口直采,1,2026/9/18 12:50:27
单选题,接地或接零保护线的颜色为：（）,绿色,蓝色,黄色,黄绿双色,D,,接口直采,1,2026/9/18 12:50:37
单选题,结扎止血带时应尽量靠近伤口，选择部位时宜在大腿：（）,上1／3处,下1／3处,上2／3处,下2／3处,C,,接口直采,1,2026/9/18 12:50:15
单选题,结扎止血带时应尽量靠近伤口，选择部位时宜在上臂：（）,上1／2处,下1／2处,上1／3处,下1／3处,A,,接口直采,1,2026/9/18 12:50:15
单选题,金属钾、钠、锂、钙、电石等固体化学试剂，遇水即可发生激烈反应，并放出大量热，也可产生爆炸，它们应如何存放：( ),直接放在试剂瓶中保存,浸没在煤油中保存（容器不得渗漏），附近不得有盐酸、硝酸等散发酸雾的物质存在,用纸密封包裹存放,放在铁盒子里,B,,接口直采,1,2026/9/18 12:50:25
单选题,金属钠着火可采用的灭火方式有：( ),干砂,水,湿抹布,泡沫灭火器,A,,接口直采,1,2026/9/18 12:50:25
单选题,金属Hg具有高毒性，常温下挥发情况如何？,不挥发,慢慢挥发,很快挥发,需要在一定条件下才会挥发,B,,接口直采,1,2026/9/18 12:50:25
单选题,进行高速切削机械操作时，以下说法错误的是：（）,穿好工作服，戴好防护眼镜,衣袖口应扣紧，长发学生戴好工作帽,工作场所禁戴手套、长围巾、领带、手镯等配饰物,夏天可以穿露趾凉鞋,D,,接口直采,1,2026/9/18 12:50:37
单选题,进行口对口人工呼吸时，以下表述错误的是：（）,吹气时，要用手捏住伤者的鼻子,每次吹气之间应有一定的间隙,每分钟一般吹气次数为8～10次,每分钟一般吹气次数为10～12次,C,,接口直采,1,2026/9/18 12:50:15
单选题,进行危险物质、挥发性有机溶剂、特定化学物质或毒性化学物质等操作实验或研究，说法错误的是：( ),必须戴防护口罩,必须戴防护手套,必须戴防护眼镜,无所谓,D,,接口直采,1,2026/9/18 12:50:25
单选题,进行危险性实验时，应：( ),单人操作,必须要有两人以上,必须要有三人,以上都是,B,,接口直采,1,2026/9/18 12:50:27
单选题,进行胸外心脏按压时，应用（）放在按压位置。,手背面,手心位置,手掌指端部位,手掌掌根部位,D,,接口直采,1,2026/9/18 12:50:15
单选题,进行照明设施的接电操作，应采取的防触电措施为：( ),湿手操作,切断电源,站在金属登子或梯子上,戴上手套,B,,接口直采,1,2026/9/18 12:50:18
单选题,精密仪器实验室安全运行条件的要求主要为：（）,温度、湿度,洁净度,防震,以上均是,D,,接口直采,1,2026/9/18 12:50:38
单选题,境外实验动物大小鼠进口检疫期为：（）,1周,2周,1个月,3个月,C,,接口直采,1,2026/9/18 12:50:35
单选题,境外组织从事侵害中国公民个人信息权益的，国家网信部门可以：,直接罚款,列入限制或禁止清单,封锁其网站,要求其道歉,B,,接口直采,1,2026/9/18 12:50:42
单选题,静电的危害不包括：（）,让仪器产生噪声和失真,引起电气装置能耗增大,可能引发爆炸及火灾事故,扰乱精密仪器,B,,接口直采,1,2026/9/18 12:50:18
单选题,静电电压最高可达( )，放电时易产生静电火花，引起火灾。,50伏,上万伏,220伏,380伏,B,,接口直采,1,2026/9/18 12:50:18
单选题,静电电压最高可达（），可现场放电，产生静电火花，引起火灾。,50V,100V,220V,数万V,D,,接口直采,1,2026/9/18 12:50:37
单选题,静脉出血时的血液颜色呈：（）,鲜红色,暗红色,鲜红色变暗红色,暗红色变鲜红色,B,,接口直采,1,2026/9/18 12:50:15
单选题,酒精灯内的酒精量最多可加至容器的：（）,全满,四分之三,一半,三分之二,D,,接口直采,1,2026/9/18 12:50:25
单选题,酒精灯内的乙醇少于其容积的（），需要添加乙醇。,1/6,1/4,1/2,2/3,B,,接口直采,1,2026/9/18 12:50:21
单选题,救护人员判断伤者有无意识，正确的做法是：（）,轻拍伤者的两侧肩部，大声呼唤,看伤者瞳孔,摇晃伤者身体，大声呼唤,测伤者脉搏,A,,接口直采,1,2026/9/18 12:50:15
单选题,救护人员在救治的过程中应该遵循的原则是：（）,先治病后救命,先救命后治病,先轻伤后重伤,有病治病，有命救命,B,,接口直采,1,2026/9/18 12:50:15
单选题,救治者对有脉搏成人患者只人工呼吸而不需要胸外按压的频率为：（）,12～20次／min,8～10次／min,10～12次／min,6～12次／min,C,,接口直采,1,2026/9/18 12:50:15
单选题,具有下列哪些性质的化学品属于化学危险品：( ),爆炸,易燃、腐蚀、放射性,毒害,以上都是,D,,接口直采,1,2026/9/18 12:50:25
单选题,剧毒、易制毒、易制爆、易爆、麻醉药品与精神类药品等化学品的存放、保管、领取、使用、处置均应遵循相关安全流程并保留（）记录。,购买,用量,储存,台账,D,,接口直采,1,2026/9/18 12:50:25
单选题,剧毒化学品安全检查制度，安全主管负责人组织相关责任单位，（）对剧毒化学品库开展安全检查。,每月,每半年,每季度,每年,A,,接口直采,1,2026/9/18 12:50:25
单选题,剧毒化学品和易制爆危险化学品事故应急处置预案，明示处置流程和报警电话，（）开展针对性应急演练。,每月,每半年,每季度,每年,D,,接口直采,1,2026/9/18 12:50:25
单选题,剧毒化学品库应设（）名管理员。,1,2,3,4,B,,接口直采,1,2026/9/18 12:50:25
单选题,剧毒化学品入库前须经（）人验收。,1,2,3,4,B,,接口直采,1,2026/9/18 12:50:25
单选题,剧毒物品保管人员应做到:( ),日清月结,帐物相符,手续齐全,以上都对,D,,接口直采,1,2026/9/18 12:50:25
单选题,剧毒物品必须保管、储存在什么地方？,铁皮柜,木柜子,带双锁的铁皮保险柜,带双锁的木柜子,C,,接口直采,1,2026/9/18 12:50:25
单选题,剧毒物品使用完或残存物处理完的空瓶，应：( ),随生活垃圾丢弃,交回学校后勤技术物资服务中心,交回学校保卫处,以上都不是,B,,接口直采,1,2026/9/18 12:50:20
单选题,开启冻干物质安瓿瓶时，由于压力降低其部分冻干物可能会溅出，应在（）操作。,实验台上,无菌室内,生物安全柜内,以上都是,C,,接口直采,1,2026/9/18 12:50:35
单选题,开展动物实验过程中，以下哪些做法是正确的？,废弃的动物尸体与器官可作为饲料原料再利用,废弃的动物尸体与器官可自行焚烧处理,实验动物排泄物可以作为肥料再利用,实验动物应从国家指定的具有资质的单位获得,D,,接口直采,1,2026/9/18 12:50:35
单选题,开展麻醉药品和精神药品实验研究活动应当具备下列条件：（）,以医疗、科学研究或者教学为目的,有保证实验所需麻醉药品和精神药品安全的措施和管理制度,单位及其工作人员2年内没有违反有关禁毒的法律、行政法规规定的行为,以上均是,D,,接口直采,1,2026/9/18 12:50:25
单选题,可能导致气体钢瓶爆炸的危险因素不包括：（）,搬动过程的震动,撞击,安装压力表,日晒,C,,接口直采,1,2026/9/18 12:50:23
单选题,可燃气体、蒸气、粉尘与空气（或助燃气体）的混合物，必须在一定的浓度范围内，遇到足以起爆的火源才能发生爆炸。这个可爆炸的浓度范围，叫做该爆炸物的（）,爆炸点,爆炸浓度极限,爆炸上限,爆炸下限,B,,接口直采,1,2026/9/18 12:50:32
单选题,可燃物质发生化学爆炸必须具备的条件有：（）,存在可燃物质,可燃物质与助燃物质（如氧气）混合达到一定比例范围,具有足够的引爆能量（如火源、高温等）,以上均是,D,,接口直采,1,2026/9/18 12:50:32
单选题,可以用水扑灭的火灾是：（）,油类起火,酒精起火,电器起火,棉被起火,D,,接口直采,1,2026/9/18 12:50:32
单选题,控制造成事故的（）是事故救援的重要任务。,事故危害,危险源,事故隐患,以上都不是,B,,接口直采,1,2026/9/18 12:50:15
单选题,快速溶剂萃取仪不可使用自燃点在（）的溶剂。,40~320℃,80~320℃,40~220℃,80~220℃,A,,接口直采,1,2026/9/18 12:50:38
单选题,雷电放电具有什么特点：（）,电流大，电压高,电流小，电压高,电流大，电压低,电磁波辐射,A,,接口直采,1,2026/9/18 12:50:37
单选题,雷电放电具有什么特点？,电流大，电压高,电流小，电压高,电流大，电压低,电磁波辐射,A,,接口直采,1,2026/9/18 12:50:18
单选题,离心操作时，为防液体溢出，离心管中样品装量不能超过离心管体积的多少？,2/3,1/3,1/2,3/4,A,,接口直采,1,2026/9/18 12:50:38
单选题,离子色谱仪如遇长期无实验任务时，每月至少开机（），每次冲洗系统不少于（）。,一次、半小时,一次、一小时,两次、一小时,两次、半小时,D,,接口直采,1,2026/9/18 12:50:38
单选题,连接蓄电池电极正确的方法是：（）,先接上负极后接上正极,先接上正极后接上负极,依据使用习惯,以上都不对,B,,接口直采,1,2026/9/18 12:50:21
单选题,两个辐射工作单位之间转让放射性同位素，每次转让前需报（）审查批准。,所在地卫健委,所在地公安主管部门,所在地市级环保主管部门,所在地省级环保主管部门,D,,接口直采,1,2026/9/18 12:50:16
单选题,两个辐射工作单位之间转让放射性同位素时，分批次转让非密封放射性物质的，转入单位可以每（）一次上报所在地省级环保主管部门审查批准。,3个月,6个月,9个月,1年,B,,接口直采,1,2026/9/18 12:50:16
单选题,量大的含氰废液可用碱性氯化法处理，先用碱调至pH>10，再加入（），使CN氧化成氰酸盐，并进一步分解为二氧化碳和氮气。,高锰酸钾,生石灰,漂白粉,重铬酸钾,C,,接口直采,1,2026/9/18 12:50:20
单选题,领取及存放化学药品时，以下说法错误的是：( ),确认容器上标示的中文名称是否为需要的实验用药品。,学习并清楚化学药品危害标示和图样。,化学药品应分类存放。,有机溶剂，固体化学药品，酸、碱化合物可以存放于同一药品柜中。,D,,接口直采,1,2026/9/18 12:50:25
单选题,领取及存放化学药品时，以下说法错误的是：（）,确认容器上标示的中文名称是否为需要的实验用药品,学习并清楚化学药品危害标示和图样,化学药品应分类存放,有机溶剂，固体化学药品，酸、碱化合物可以存放于同一药品柜中,D,,接口直采,1,2026/9/18 12:50:25
单选题,领取剧毒物品时，必须：( ),双人领用(其中一人必须是实验室的教师),单人领用,双人领用(两人都是实验室的学生),以上都是,A,,接口直采,1,2026/9/18 12:50:25
单选题,浏览网页时，弹出“最热门的视频聊天室”的页面，遇到这种情况，一般怎么办？（ ）,现在网络主播很流行，很多网站都有，可以点开看看,安装流行杀毒软件，然后再打开这个页面,访问完这个页面之后，全盘做病毒扫描,弹出的广告页面，风险太大，不应该去点击,D,,接口直采,1,2026/9/18 12:50:42
单选题,流行性出血热，即肾综合征出血热，是由流行性出血热病毒引起的主要发生在（）的烈性传染病，也是一种人畜共患的自然疫源性传染病。,小鼠,大鼠,豚鼠,猴子,B,,接口直采,1,2026/9/18 12:50:35
单选题,流行性出血热病毒会在下面哪种动物体内隐性携带、不发生疾病，而人感染后会出现出血热症状？,小鼠,大鼠,仓鼠,沙鼠,B,,接口直采,1,2026/9/18 12:50:35
单选题,楼内失火应：（）,从疏散通道逃离,乘坐电梯逃离,在现场等待救援,见到门口就跑,A,,接口直采,1,2026/9/18 12:50:32
单选题,漏电保护器的使用是防止：（）,触电事故,电压波动,电荷超负荷,电流波动,A,,接口直采,1,2026/9/18 12:50:37
单选题,漏电保护器对下例哪种情况不起作用？,单手碰到带电体,人体碰到带电设备,双手碰到两相电线（此时人体作为负载，已触电）,人体碰到漏电机壳,C,,接口直采,1,2026/9/18 12:50:18
单选题,漏电保护器对下列哪种情况不起作用：（）,单手碰到带电体,双手碰到两相电线,人体碰到带电设备,人体碰到漏电机壳,B,,接口直采,1,2026/9/18 12:50:37
单选题,铝粉、保险粉自燃时如何扑救？,用水灭火,用泡沫灭火器,用干粉灭火器,用干砂子灭火,D,,接口直采,1,2026/9/18 12:50:32
单选题,氯仿的毒性级别是：（ ）,剧毒,高毒,中等毒性,低毒,C,,接口直采,1,2026/9/18 12:50:25
单选题,氯仿的毒性级别是：（）,中等,低毒,高毒,剧毒,A,,接口直采,1,2026/9/18 12:50:25
单选题,氯气和一氧化碳作用生成的光气毒性比氯气：（）,大,小,一样,不确定,A,,接口直采,1,2026/9/18 12:50:25
单选题,氯气急性中毒可引起严重并发症，如气胸、纵隔气肿等，不会引起什么症状？,中、重度昏迷,支气管哮喘,慢性支气管炎,严重窒息,C,,接口直采,1,2026/9/18 12:50:25
单选题,氯气气体瓶的外表颜色是：（）,红色,银灰色,深绿色,黑色,C,,接口直采,1,2026/9/18 12:50:23
单选题,氯气气体瓶的字体颜色是：（）,红色,银灰色,白色,黑色,C,,接口直采,1,2026/9/18 12:50:23
单选题,麻醉药品和第一类精神药品的专用账册的保存期限应当自药品有效期期满之日起不少于（）年。,1年,2年,3年,5年,D,,接口直采,1,2026/9/18 12:50:25
单选题,满足（）条件的被划定为压力容器。,工作压力≥0.1MPa,容积≥0.03r，并且内直径（非圆形截面内边界最大几何尺寸）≥150mn,盛装介质为气体、液化气体以及介质最高工作温度≥其标准沸点的液体,以上3个条件同时具备,D,,接口直采,1,2026/9/18 12:50:23
单选题,慢性放射病通常和造血组织损伤相联系，（）是机体在受到照射时最为敏感的反应之一。,外周血白细胞数量减少,外周血血小板数量减少,外周血血细胞数量减少,外周血干细胞数量减少,A,,接口直采,1,2026/9/18 12:50:16
单选题,迷道是一种进出通道，它利用的原理是：（）,辐射多次散射达到减弱辐射水平的目的,辐射被墙体直接吸收达到减弱辐射水平的目的,其迷宫式的结构来隐藏辐射源防止外部人员误入,以上都对,A,,接口直采,1,2026/9/18 12:50:16
单选题,免费软件下载，是利用了Internet提供的（ ）功能。,网上聊天,文件传输,电子邮件,电子商务,B,,接口直采,1,2026/9/18 12:50:42
单选题,灭火的四种方法是：（）,捂盖法、扑打法、浇水法、隔开法,扑灭法、救火法、化学法、泡沫法,隔离法、窒息法、冷却法、化学抑制法,以上都不是,C,,接口直采,1,2026/9/18 12:50:32
单选题,灭火器应放置在：（）,隐蔽的地方,易于取用的地方,远离实验室的地方,仓库,B,,接口直采,1,2026/9/18 12:50:32
单选题,民用照明电路电压是以下哪种：（）,交流电压220V,交流电压280V,直流电压220V,直流电压280V,A,,接口直采,1,2026/9/18 12:50:37
单选题,模型工具使用后应如何放置？,放在工作台上,及时放在工具箱中,随意放置,放在随手可即的地方,B,,接口直采,1,2026/9/18 12:50:37
单选题,摩擦是产生静电的一种主要原因，尤其在干燥的环境中，人体的活动和物体的移动都会产生很强的静电。静电在突然释放时会对人体或设备造成损伤，以下哪种是防止静电事故的主要办法：（）,人体接触对静电敏感设备时提前释放自己身体中积累的电荷，例如带静电防护手环、使用静电防护毯等,用电设备良好接地,保证电路良好的绝缘,在易产生静电的场所梳理头发,A,,接口直采,1,2026/9/18 12:50:37
单选题,某元素的同位素是指其：（）,核内的中子数和质子数相同,具有相同原子序数但质量数不同,核外的电子数与核内的质子数不同,以上都不对,B,,接口直采,1,2026/9/18 12:50:16
单选题,木马程序一般是指潜藏在用户电脑中带有恶意性质的 ( )，利用它可以在用户不知情的情况下窃取用户联网电脑上的重要数据信息。,远程控制软件,计算机操作系统,木头做的马,,A,,接口直采,1,2026/9/18 12:50:42
单选题,目前，（）生物安全柜是使用最广泛的实验室安全设备。,I级,II级,III级,IV级,B,,接口直采,1,2026/9/18 12:50:35
单选题,目前各医院中最常用于肿瘤放射治疗的电离辐射类型是哪一类？,α射线,β射线,光子（γ射线和X射线）,中子,C,,接口直采,1,2026/9/18 12:50:16
单选题,目前实验动物中，比较严重的人畜共患病是什么？,兔瘟病,犬瘟热,出血热病,猴B病毒病,C,,接口直采,1,2026/9/18 12:50:35
单选题,目前在企业内部网与外部网之间，检查网络传送的数据是否会对网络安全构成威胁的主要设备是（ ）。,路由器,防火墙,交换机,网关,B,,接口直采,1,2026/9/18 12:50:42
单选题,钠、钾等碱金属须贮存于：( ),水中,酒精中,煤油中,暴露在空气中,C,,接口直采,1,2026/9/18 12:50:25
单选题,能相互反应产生有毒气体的废液，应：( ),随垃圾丢弃,向下水口倾倒,不得倒入同一收集桶中,以上都是,C,,接口直采,1,2026/9/18 12:50:20
单选题,拟建放射性实验室的单位在申请领取许可证前，应当组织编制和填报环境影响评价文件，并上报（）审批。,卫健委,科技部,环保主管部门,教育部,C,,接口直采,1,2026/9/18 12:50:16
单选题,凝胶净化系统油脂的上样量控制在（）（标准柱）。,4g以下,3g以下,2g以下,1g以下,B,,接口直采,1,2026/9/18 12:50:38
单选题,凝胶净化系统至少（）冲洗一次柱子。,每1周,每2周,每3周,每4周,D,,接口直采,1,2026/9/18 12:50:38
单选题,浓硫酸临时使用可暂时存放至（）中。,广口瓶,塑料瓶,磨口瓶,容量瓶,C,,接口直采,1,2026/9/18 12:50:25
单选题,判断成人有无心跳，一般检查：（）,颈动脉,肱动脉,股动脉,锁骨下动脉,A,,接口直采,1,2026/9/18 12:50:15
单选题,判断口对口人工呼吸法是否正确有效，首先观察：（）,口唇发绀是否改善,胸廓是否扩张,瞳孔是否缩小,心跳有无恢复,B,,接口直采,1,2026/9/18 12:50:15
单选题,泡沫灭火器不能用于扑救（）火灾。,塑料,汽油,金属钠,通风管道,C,,接口直采,1,2026/9/18 12:50:32
单选题,喷雾消毒法是采用各种化学消毒药物形成的气溶胶对空气和物体表面进行消毒，以下不能用作喷雾消毒的常见化学消毒药物有：（）,0.05％百毒杀,70％酒精溶液,过氧乙酸,甲醛,D,,接口直采,1,2026/9/18 12:50:35
单选题,砒霜的成分是：（）,砷酸钠,三氧化砷,三氧化二砷,五氧化二砷,C,,接口直采,1,2026/9/18 12:50:25
单选题,皮肤若被低温（如固体二氧化碳、液氮）冻伤，应：( ),马上送医院,用温水慢慢恢复体温,用火烘烤,应尽快浸入热水,B,,接口直采,1,2026/9/18 12:50:15
单选题,皮下、肌内、腹腔及静脉注射后拔出针头时，针眼处会有液体漏出，一定要注意用（）拭净。,纸巾,纱布,酒精棉球,棉签,C,,接口直采,1,2026/9/18 12:50:35
单选题,扑救爆炸物品火灾时，（）用沙土盖压，以防造成更大伤害。,可以,禁止,必须,视情况,B,,接口直采,1,2026/9/18 12:50:32
单选题,扑救烟灰缸里的杂物、废纸篓里的废纸片等初期小火时，错误的做法是：(),用水或灭火器扑灭,用手拍灭,用湿毛巾覆盖,以上都不是,B,,接口直采,1,2026/9/18 12:50:32
单选题,扑救易燃液体火灾时，应该（）,用灭火器,用水泼,扑打,用棉布覆盖,A,,接口直采,1,2026/9/18 12:50:32
单选题,扑救易燃液体火灾时，应用哪种方法：（),用灭火器,用水泼,扑打,以上都是,A,,接口直采,1,2026/9/18 12:50:32
单选题,扑救易燃液体火灾时，应用那种方法？,用灭火器,用水泼,扑打,以上都可以,A,,接口直采,1,2026/9/18 12:50:32
单选题,扑灭电器火灾不宜使用下列何种灭火器材：（）,二氧化碳灭火器,干粉灭火器,泡沫灭火器,灭火砂,C,,接口直采,1,2026/9/18 12:50:32
单选题,扑灭电器火灾不宜使用下列何种灭火器材？,二氧化碳灭火器,干粉灭火器,泡沫灭火器,灭火砂,C,,接口直采,1,2026/9/18 12:50:32
单选题,普通塑料、有机玻璃制品的加热温度不能超过：( ),40℃,60℃,80℃,100℃,B,,接口直采,1,2026/9/18 12:50:21
单选题,起模针及气孔针在使用后，应该：（）,针尖朝下放入工具箱内,针尖朝上放入工具箱内,插入型砂堆中,不用注意,A,,接口直采,1,2026/9/18 12:50:37
单选题,起重机接近终点时，应该：（）,及时按下停车按钮，尽可能不动用行程限位器,等待行程限位器动作,加快起重机动作速度,以上都不对,A,,接口直采,1,2026/9/18 12:50:30
单选题,气相色谱-质谱仪的氦气钢瓶输出压力应设置为。,0.1MPa,0.25MPa,0.5MPa,1MPa,C,,接口直采,1,2026/9/18 12:50:38
单选题,气相色谱-质谱仪若突然停电，应立即按顺序关闭（）。①气相色谱②质谱③计算机电源④氦气开关,①②③④,④①③②,①④②③,④①②③,A,,接口直采,1,2026/9/18 12:50:38
单选题,汽车被举升后，维修人员进入其下进行操作时需要采取哪种保护措施？,举升机机械锁止,使用液压千斤顶支撑,使用砖头支撑,使用机械千斤顶支撑,A,,接口直采,1,2026/9/18 12:50:37
单选题,强碱烧伤处理错误的是：( ),立即用稀盐酸冲洗,立即用1%～2%的醋酸冲洗,立即用大量水冲洗,先进行应急处理，再去医院处理,A,,接口直采,1,2026/9/18 12:50:15
单选题,强氧化剂与有机物、镁粉、铝粉、锌粉可形成爆炸性混合物，以下哪种物质是安全的？,H2O2,NH4NO3,K2SO4,高氯酸及其盐,C,,接口直采,1,2026/9/18 12:50:25
单选题,氢氟酸应放置在（）中。,玻璃瓶,广口瓶,棕色瓶,塑料瓶,D,,接口直采,1,2026/9/18 12:50:38
单选题,氢氟酸有强烈的腐蚀性和危害性，皮肤接触氢氟酸后可出现疼痛及灼伤，随时间疼痛渐剧，皮肤下组织被破坏，这种破坏会传播到骨骼。下面哪个说法是错误的？,稀的氢氟酸危害性很低，不会产生严重烧伤,氢氟酸蒸气溶于眼球内的液体中会对人的视力造成永久损害,使用氢氟酸一定要戴防护手套，注意不要接触氢氟酸蒸汽,工作结束后要注意用水冲洗手套、器皿等，不能有任何残余留下,A,,接口直采,1,2026/9/18 12:50:25
单选题,氢气的爆炸极限是：（）,4.1%～74.2%,2%～90%,3%～74.2%,3%～90%,A,,接口直采,1,2026/9/18 12:50:25
单选题,氢气瓶的规定涂色为：（）,淡绿,淡黄,银灰,紫红,A,,接口直采,1,2026/9/18 12:50:23
单选题,倾倒液体试剂时，瓶上标签应朝哪一个方向？,上方,下方,左方,右方,A,,接口直采,1,2026/9/18 12:50:25
单选题,清洁区所用消毒液的有效氯浓度是：（）,400mg/L,450mg/L,500mg/L,600mg/L,C,,接口直采,1,2026/9/18 12:50:35
单选题,取用试剂时，错误的说法是：( ),不能用手接触试剂，以免危害健康和沾污试剂。,瓶塞应倒置桌面上，以免弄脏，取用试剂后，立即盖严，将试剂瓶放回原处，标签朝外。,要用干净的药匙取固体试剂，用过的药匙要洗净擦干才能再用。,多取的试剂可倒回原瓶，避免浪费。,D,,接口直采,1,2026/9/18 12:50:25
单选题,确认设备或线路无电，应以（）指示作为根据。,电压表,检验正常的验电器,断开信号,验电笔,B,,接口直采,1,2026/9/18 12:50:37
单选题,让只有合法用户在自己允许的权限内使用信息，它属于（ ）。,防病毒技术,保证信息完整性的技术,保证信息可靠性的技术,访问控制技术,D,,接口直采,1,2026/9/18 12:50:42
单选题,热处理实验采用的淬火介质如水、矿物油、其他混合介质等，使用后如直接排入下水道会造成（）的污染。,空气质量,水环境,两者都是,两者都不是,B,,接口直采,1,2026/9/18 12:50:37
单选题,人工呼吸时属于有效的通气的是：（）,通气有阻力,胸廓有起伏,通气大于5s,胸廓无起伏,B,,接口直采,1,2026/9/18 12:50:15
单选题,人体内每天因食物摄入的放射性物质，哪种最多？（）,K-40,K-41,I-131,I-133,A,,接口直采,1,2026/9/18 12:50:16
单选题,人体在电磁场作用下，由于（）将使人体受到不同程度的伤害。,电流,电压,电磁波辐射,电击,C,,接口直采,1,2026/9/18 12:50:37
单选题,人体在电磁场作用下会受到不同程度的伤害，其原因是（ ）？,电流,电压,电磁波辐射,静电,C,,接口直采,1,2026/9/18 12:50:18
单选题,人体中存在的天然放射性核素是：（）,I-131,Co-60,Cs-137,K-40,D,,接口直采,1,2026/9/18 12:50:16
单选题,认证技术不包括（ ）。,消息认证技术,身份认证技术,数字签名技术,病毒识别技术,D,,接口直采,1,2026/9/18 12:50:42
单选题,任何电气设备在未验明无电之前，一律认为：（）,有电,可能有电,无电,可能无电,A,,接口直采,1,2026/9/18 12:50:37
单选题,任何原因致现场空气中氧浓度低于（）时，可使人立即意识丧失或电击式死亡。,0.14,0.15,0.22,0.25,A,,接口直采,1,2026/9/18 12:50:15
单选题,任何组织或个人不得利用互联网电子邮件从事传播淫秽色情信息、窃取他人信息或者等违法犯罪活动，否则构成犯罪的，依法追究刑事责任，尚不构成犯罪的，由公安机关等依照有关法律、行政法规的规定予以处罚;电信业务提供者从事上述活动的，并由电信管理机构依据( )有关行政法规处罚。,故意传播计算机病毒,发送商业广告,传播公益信息,,A,,接口直采,1,2026/9/18 12:50:42
单选题,任何组织或者个人注册微博客账号，制作、复制、发布、传播信息内容的，应当使用( )，不得以虚假、冒用的居民身份信息、企业注册信息、组织机构代码信息进行注册。网站开展微博客服务，应当保证前款规定的注册用户信息真实。,真实身份信息,正确的网站信息,真实的ID,工商注册信息,A,,接口直采,1,2026/9/18 12:50:42
单选题,日常上网过程中，下列选项存在安全风险的行为是（ ）。,将电脑开机密码设置成复杂的15位强密码,安装盗版的操作系统,在QQ聊天过程中不点击任何不明链接,避免在不同网站使用相同的用户名和口令,B,,接口直采,1,2026/9/18 12:50:42
单选题,容器中的溶剂或易燃化学品发生燃烧，下列处理方式不正确的是（ ）,用干粉灭火器灭火,加水灭火,用不易燃的瓷砖或玻璃片盖住瓶口灭火,用湿抹布盖住瓶口灭火,B,,接口直采,1,2026/9/18 12:50:25
单选题,溶剂溅出并燃烧应如何处理？,马上使用灭火器灭火,马上向燃烧处盖砂子或浇水,马上用石棉布盖住燃烧处，尽快移去临近的其它溶剂，关闭热源和电源，再灭火,以上都对,C,,接口直采,1,2026/9/18 12:50:15
单选题,如果动物来源不清楚，而且是珍贵动物，必须在（）隔离室内进行检疫。,正压,负压,常压,高压,B,,接口直采,1,2026/9/18 12:50:35
单选题,如果高温设备在使用的过程中发出警报，需要：（）,停止实验，故障解决之后再继续进行,加速开展实验，结束后解决故障,直接关闭电源,继续开展实验，结束后关闭电源,A,,接口直采,1,2026/9/18 12:50:38
单选题,如果工作场所潮湿，为避免触电，使用手持电动工具的人应：（）,穿防静电鞋操作,穿防静电衣服操作,站在绝缘胶板上操作,站在铁板上操作,C,,接口直采,1,2026/9/18 12:50:37
单选题,如果您发现自已被手机短信或互联网站上的信息诈骗后，应当及时向( )报案，以查处诈骗者，挽回经济损失。,消费者协会,电信监管机构,公安机关,检察机关,C,,接口直采,1,2026/9/18 12:50:42
单选题,如果实验出现火情，要立即：( ),停止加热，移开可燃物，切断电源，用灭火器灭火,打开实验室门，尽快疏散、撤离人员,用干毛巾覆盖上火源，使火焰熄灭,以上都是,A,,接口直采,1,2026/9/18 12:50:32
单选题,如果实验出现火情，要立即：（）,停止加热，移开可燃物，切断电源，用灭火器灭火,穿戴上防火护具，坚持把实验做完,用干毛巾覆盖火源，使火焰熄灭,用棉被扑打火源，使火焰熄灭,A,,接口直采,1,2026/9/18 12:50:32
单选题,如果是为了补充种源或开发新品种而捕捉的野生动物，必须首先在（）进行隔离检疫，并取得动物检疫部门出具的证明。,当地,运输车辆中,实际使用单位的实验动物饲养室,实际使用单位的实验操作间,A,,接口直采,1,2026/9/18 12:50:35
单选题,如果是为了补充种源或开发新品种而捕捉的野生动物，经当地检疫合格运抵实验动物处所后，需经再次检疫，而且必须在（）检疫隔离室内进行检疫。,正压,负压,常压,高压,B,,接口直采,1,2026/9/18 12:50:35
单选题,如果仪器设备的工作电压不详，能否使用？,能,不能,用了再说,以上都不对,B,,接口直采,1,2026/9/18 12:50:37
单选题,如果有化学品进入眼睛，应立即：（）,滴氯霉素眼药水,用大量清水冲洗眼睛,用干净手帕擦拭,送医治疗,B,,接口直采,1,2026/9/18 12:50:15
单选题,如何判定II型生物安全柜对工作人员的防护能力？,在生物安全柜内人工产生指示微生物（枯草芽孢杆菌）芽孢气溶胶，在生物安全柜外用撞击采集器中的培养皿采集枯草杆菌芽孢杆菌芽孢,在生物安全柜内人工产生微生物（枯草芽孢杆菌）芽孢气溶胶，在生物安全柜左侧和右侧用撞击采集器中的培养皿采集枯草杆菌芽孢杆菌芽孢,以上都是,以上都不是,A,,接口直采,1,2026/9/18 12:50:35
单选题,如何判定II型生物安全柜交叉污染防护性能？,在生物安全柜内一侧人工产生指示微生物（枯草芽孢杆菌）芽孢气溶胶，在生物安全柜内另一侧用培养皿采集枯草杆菌芽孢以判定其交叉污染防护能力,在生物安全柜内同侧人工产生指示微生物（枯草芽孢杆菌）芽孢气溶胶，并用培养皿采集以判定其交叉污染防护能力,以上都是,以上都不是,A,,接口直采,1,2026/9/18 12:50:35
单选题,锐物容器应在内容物达到（）前置换。,1/2,2/3,4/5,全满,B,,接口直采,1,2026/9/18 12:50:20
单选题,若保护类型为个体防护、针对危险度4级微生物、防护服型实验室，应选择（）生物安全柜。,I级,II级,III级,I级、II级均可,D,,接口直采,1,2026/9/18 12:50:35
单选题,若保护类型为个体防护、针对危险度4级微生物、手套箱型实验室，应选择（）生物安全柜。,I级,II级,III级,IV级,C,,接口直采,1,2026/9/18 12:50:35
单选题,若对于挥发性放射性核素／化学品的防护，不应选择（）生物安全柜。,I级,II级A1型,II级B2型,III级,B,,接口直采,1,2026/9/18 12:50:35
单选题,若某种废液倒入回收桶会发生危险，则应：( ),直接向下水口倾倒,随垃圾一起丢弃,单独暂存于容器中，并贴上标签,以上都是,C,,接口直采,1,2026/9/18 12:50:20
单选题,若某种废液倒入回收桶会发生危险，则应：（）,稀释后直接向下水口倾倒,随一般垃圾一起丢弃,单独暂存于容器中，并贴上标签,自行处理,C,,接口直采,1,2026/9/18 12:50:20
单选题,若实验动物发生危害性大的疫病，应在疫情扑灭经消毒处理后（）方可解除封锁。,1周,2周,1个月,3周,C,,接口直采,1,2026/9/18 12:50:35
单选题,三孔插座上哪个孔是火线：（）,右下,左下,上,以上都不是,A,,接口直采,1,2026/9/18 12:50:37
单选题,扫描工具( )。,只能作为攻击工具,只能作为防范工具,既可作为攻击工具也可以作为防范工具,,C,,接口直采,1,2026/9/18 12:50:42
单选题,杀毒软件不可能杀掉的病毒是（ ）。,磁盘阵列上的病毒,硬盘上的病毒,网络上的病毒,U盘上的病毒,C,,接口直采,1,2026/9/18 12:50:42
单选题,闪点越低，越容易燃烧。闪点在－4℃以上的溶剂是：( ),甲醇、乙醇、乙腈,乙酸乙酯、乙酸甲酯,乙醚、石油醚,汽油、丙酮、苯,A,,接口直采,1,2026/9/18 12:50:25
单选题,伤口包扎时应遵循（）“四要”。,快、稳、准、牢,快、准、紧、牢,快、全、轻、牢,快、准、轻、牢,D,,接口直采,1,2026/9/18 12:50:15
单选题,伤口包扎时应做到（）“五不”。,不摸、不冲、不送、不作标记、不上药,不摸、不冲、不取、不送、不上药,不摸、不冲、不止痛、不取、不上药,不摸、不冲、不送、不取、不止血,B,,接口直采,1,2026/9/18 12:50:15
单选题,少量的含氰废液可先加氢氧化钠调pH>10，再加入几克（）使CN氧化分解。,高锰酸钾,生石灰,漂白粉,重铬酸钾,A,,接口直采,1,2026/9/18 12:50:20
单选题,少量酸不慎滴在皮肤上，正确处理方式是：（）,用大量水冲洗,不作处理，送医院,用酒精擦拭,用碱液中和,A,,接口直采,1,2026/9/18 12:50:15
单选题,设备运行中，发现试件装歪了，可以：（ ）,直接用用去调整,不停机，用工具调整,停机，重新安装后运行,不停机，直至加工完毕,C,,接口直采,1,2026/9/18 12:50:38
单选题,涉及保密的实验室的建设和运行的所有信息都应该按照保密相关规定予以管理，尤其是生物安全三级及以上级别的实验室，相关档案需保管达（）年以上。,5,10,15,20,D,,接口直采,1,2026/9/18 12:50:27
单选题,涉及生物安全性的动物实验，必须在哪一种实验室中进行？,净化式实验室,普通实验室,ABSL-1以上生物安全实验室,正压实验室,C,,接口直采,1,2026/9/18 12:50:35
单选题,涉及有毒、有害、有气味化合物的实验须在（）进行。,实验室内,前处理实验室内,通风柜中,工作正常的通风柜中,D,,接口直采,1,2026/9/18 12:50:25
单选题,涉及有毒试剂的操作时，应采取的保护措施包括：（）,佩戴适当的个人防护器具 。,了解试剂毒性，在通风橱中操作。,做好应急处置预案。,以上都是。,D,,接口直采,1,2026/9/18 12:50:28
单选题,申请剧毒化学品购买许可证，申请人应当向所在地县级人民政府公安机关提交哪些材料？（）,营业执照或者法人证书（登记证书）的复印件,拟购买的剧毒化学品品种、数量的说明,购买剧毒化学品用途的说明及经办人的身份证明,以上均是,D,,接口直采,1,2026/9/18 12:50:25
单选题,身上着火，最好的做法是：( ),就地打滚或用水冲,奔跑,大声呼救,边跑边脱衣服,A,,接口直采,1,2026/9/18 12:50:32
单选题,身上着火后，下列哪种灭火方法是错误的：（ ）,用厚重衣物覆盖压灭火苗,就地打滚,迎风快跑,站在喷淋器下开水喷淋,C,,接口直采,1,2026/9/18 12:50:32
单选题,生产、经营、储存、运输、使用危险化学品和处置废弃危险化学品的单位，其（ ）必须保证本单位危险化学品的安全管理符合有关法律、法规、规章的规定和国家标准，并对本单位危险化学品的安全负责。,主要负责人,技术人员,从业人员,安全管理人员,A,,接口直采,1,2026/9/18 12:50:25
单选题,生物安全二级实验室内进行操作最基本的个人防护装置包括（）,白大褂，单层手套，护目镜,防护服，双层手套，帽子和呼吸面罩,白大褂，单层手套，护目镜和呼吸面罩,以上均不是,C,,接口直采,1,2026/9/18 12:50:35
单选题,生物安全二级实验室应具备以下哪种条件？（）,生物安全柜,准入许可、单向气流和生物安全柜,A和B，以及呼吸保护装置,以上均不是,B,,接口直采,1,2026/9/18 12:50:35
单选题,生物安全水平二级及以上的实验室，进行生物材料匀浆或搅拌操作时，应在（）开启。,实验台上,生物安全柜内,无菌室内,洁净工作台,B,,接口直采,1,2026/9/18 12:50:35
单选题,生物实验剩余的菌液应该如何处理？,直接倒入下水道,直接倒入废液桶,加入杀菌剂后，倒入废液桶,加入杀菌剂后，倒入下水道,C,,接口直采,1,2026/9/18 12:50:20
单选题,生物实验室的死亡动物尸体、组织碎块，一般如何处理？,密封在塑料袋内，丢入垃圾桶中,密封在专用塑料袋内，丢入垃圾桶中,密封在专用塑料袋内，交专门处理机构,密封在专用塑料袋内，冷冻保存，交专门处理机构,D,,接口直采,1,2026/9/18 12:50:20
单选题,生物实验室转移生物材料至实验室外其他地方时需注意：（）,穿上实验服将待转移生物材料放入实验服口袋中转出,戴上手套将待转生物材料手持转出,将待转移生物材料密封在不易泄漏、不易破损的二级容器中转出,细胞培养瓶中的细胞可以直接转运,C,,接口直采,1,2026/9/18 12:50:35
单选题,生物实验中的一次性手套及沾染EB致癌物质的物品，应：( ),丢弃在普通垃圾箱内,统一收集和处理,随意放在实验室,以上都是,B,,接口直采,1,2026/9/18 12:50:20
单选题,师生进入生化类实验室工作，一定要搞清楚( )等位置，出现情况能做好相应的自救工作。,门窗的位置,易燃、易爆物品大位置,冲眼器、紧急喷淋、急救药箱的位置,以上都是,C,,接口直采,1,2026/9/18 12:50:28
单选题,湿热灭菌是利用热的作用来杀菌，通常在（）中进行。,高压蒸汽灭菌器,高温烘箱,高温水浴锅,以上都是,A,,接口直采,1,2026/9/18 12:50:35
单选题,湿热灭菌最高温度和时间通常为：（ ）,"100℃,15min","131℃,15min","121℃,15min","100℃,20min",C,,接口直采,1,2026/9/18 12:50:35
单选题,实施胸外心脏按压时，应使伤者：（）,俯卧在硬质平面上,仰卧在硬质平面上,侧卧在硬质平面上,平卧位,B,,接口直采,1,2026/9/18 12:50:15
单选题,实验车内能不能带备用燃油？,可以用塑料桶装20L以下燃油,可以用铁桶装20L以下燃油,不允许带备用燃油,带少量备用油对容器没有要求,C,,接口直采,1,2026/9/18 12:50:37
单选题,实验大楼安全出口的疏散门应：( ),自由开启,向外开启,向内开启,关闭，需要时可自行开启,B,,接口直采,1,2026/9/18 12:50:32
单选题,实验大楼安全出口的疏散门应：（）,自由开启,向外开启,向内开启,以上都不是,B,,接口直采,1,2026/9/18 12:50:32
单选题,实验大楼因出现火情发生浓烟已穿入实验室内时，以下哪种行为是正确的？,沿地面匍匐前进，当逃到门口时，不要站立开门,打开实验室门后不用随手关门,从楼上向楼下外逃时可以乘电梯,以上都是,A,,接口直采,1,2026/9/18 12:50:32
单选题,实验动物的生物安全性，指的是涉及动物的哪种实验？,化学实验,同位素实验,药物实验,病原微生物实验,D,,接口直采,1,2026/9/18 12:50:35
单选题,实验动物饲养设备应关注设施安全，如（）断电有可能造成动物闷死。,普通不透明小鼠笼,独立通风换气笼,普通全透明小鼠笼,小鼠开放式饲养笼,B,,接口直采,1,2026/9/18 12:50:35
单选题,实验动物疫病的感染途径包括经口感染、经呼吸道感染、昆虫媒介感染和（）,触摸感染,创伤及接触感染,飞沫感染,外伤感染,B,,接口直采,1,2026/9/18 12:50:35
单选题,实验动物在麻醉之前应禁食约：（）,1h,2h,4h,8h,D,,接口直采,1,2026/9/18 12:50:35
单选题,实验动物转至研究实验室进行实验，要求实验动物在实验室的停留时间不超过：(),3天,1周,1天,2天,C,,接口直采,1,2026/9/18 12:50:35
单选题,实验过程中，危险化学品的盛装容器或包装物应选用与其（）相适应的安全材质。,危险特性,物理形态,性质用途,化学品安全技术说明书,C,,接口直采,1,2026/9/18 12:50:25
单选题,实验过程中发生烧烫(灼)伤，错误的处理方法是：( ),浅表的小面积灼伤，以冷水冲洗15至30分钟至散热止痛,以生理食盐水擦拭（勿以药膏、牙膏、酱油涂抹或以纱布盖住）,若有水泡可自行刺破,大面积的灼伤，应紧急送至医院,C,,接口直采,1,2026/9/18 12:50:15
单选题,实验解剖用过的污染动物尸体，应：( ),放入塑料袋中，直接作为生活垃圾处理,放入塑料袋中，随意丢弃,先在实验室内灭菌后放入塑料袋中，再交由学校动物中心统一处理,以上都是,C,,接口直采,1,2026/9/18 12:50:35
单选题,实验解剖用过的无污染动物尸体，应：( ),随意丢弃,放入塑料袋中，直接作为生活垃圾处理,放入塑料袋中，交由学校动物中心统一处理,以上都是,C,,接口直采,1,2026/9/18 12:50:35
单选题,实验人员都要注意防止被实验设备产生的X射线照射，下列能够产生X射线的仪器是：( ),X射线衍射仪,721分光光度计,液相色谱,气相色谱,A,,接口直采,1,2026/9/18 12:50:16
单选题,实验人员都要注意防止被实验设备产生的X射线照射，下列能够产生X射线的仪器是：（）,气相色谱,液相色谱,X射线衍射仪,721分光光度计,C,,接口直采,1,2026/9/18 12:50:16
单选题,实验人员进入II级动物生物安全实验室（ABSL-2）需经历（）更衣过程。,1次,2次,3次,4次,B,,接口直采,1,2026/9/18 12:50:35
单选题,实验室、办公室等用电场所如需增加电气设备，以下做法正确的是：（）,老师自行改装,学生私自改接,报请实验室管理人员批准，然后请电气专业人员安装,以上都不正确,C,,接口直采,1,2026/9/18 12:50:37
单选题,实验室、办公室等用电场所如需增加电器设备，以下说法正确的是？,老师自行改装,须经学校有关部门批准，并由学校指派电工安装,学生可以私自改接,,B,,接口直采,1,2026/9/18 12:50:37
单选题,实验室、宿舍禁止使用电热水壶、热得快。一般电热水壶的功率为：( ),100W左右,200W左右,500W左右,800W以上,D,,接口直采,1,2026/9/18 12:50:37
单选题,实验室“三废”是指：（）,废液、废气、固体废物,废气、废屑、非有机溶剂,废料、废品、废气,废液、废渣、剩余药品,A,,接口直采,1,2026/9/18 12:50:20
单选题,实验室安全必须符合（）的发展理念。,事业发展,规范化管理,以人为本,服务中心工作,C,,接口直采,1,2026/9/18 12:50:27
单选题,实验室安全管理实行哪种管理？,校、（院）系、实验室三级管理,校、（院）系两级管理,院（系）、实验室两级管理,实验事自行管理,A,,接口直采,1,2026/9/18 12:50:27
单选题,实验室安全管理制度的制定应遵守以下4个基本原则：必要性原则、合法性原则、规范性原则、（）原则。,时效性,可行性,直观性,条件性,B,,接口直采,1,2026/9/18 12:50:27
单选题,实验室安全效益具有间接性、（）、长效性和潜在性等特性，安全效益的价值和作用是在安全事件（或事故）发生之时才能表现出来。,及时性,滞后性,直观性,短暂性,B,,接口直采,1,2026/9/18 12:50:27
单选题,实验室按照工作任务可以划分为教学实验室、科研实验室和（）,测试服务和生产开发类实验室,理科实验室,检测实验室,校准实验室,A,,接口直采,1,2026/9/18 12:50:27
单选题,实验室冰箱和超低温冰箱使用注意事项错误的是：( ),定期除霜、清理，清理后要对内表面进行消毒,储存的所有容器，应当标明物品名称、储存日期和储存者姓名,除非有防爆措施，否则冰箱内不能放置易燃易爆化学品溶液，冰箱门上应注明这一点,可以在冰箱内冷冻食品和水,D,,接口直采,1,2026/9/18 12:50:38
单选题,实验室产生的氯仿废液该如何处理？,直接倒入下水道,倒入一般有机物的废液回收桶,倒入含有过氧化物的废液回收桶,倒入含卤有机物的废液回收桶,D,,接口直采,1,2026/9/18 12:50:20
单选题,实验室产生的乙醚废液该如何处理？,直接倒入下水道,应存放于指定的废液桶中，定期交给相关部门进行回收,倒入含有过氧化物的废液回收桶,倒入含卤有机物的废液回收桶,B,,接口直采,1,2026/9/18 12:50:20
单选题,实验室常用溶剂应如何存放？,按生产厂家分开存放,按生产日期存放,按药品类别分开存放,按字母顺序存放,C,,接口直采,1,2026/9/18 12:50:25
单选题,实验室存放化学品不得使用哪类冰箱？,机械温控冰箱,电子温控冰箱,防爆冰箱,以上都不是,A,,接口直采,1,2026/9/18 12:50:25
单选题,实验室的废气类型包括：（）,有机废气,无机废气,生物气溶胶,以上均是,D,,接口直采,1,2026/9/18 12:50:20
单选题,实验室的废弃化学试剂和实验产生的有毒有害废液、废物，可以：( ),集中分类存放，贴好标签，待送中转站集中处理,向下水口倾倒,随垃圾丢弃,以上都不是,A,,接口直采,1,2026/9/18 12:50:20
单选题,实验室的通风形式分为：（）,自然通风,机械送排风,局部送排风,以上均是,D,,接口直采,1,2026/9/18 12:50:27
单选题,实验室的系统设计原则包括：（）,安全性、科学性,功能性、先进性,可行性、合理性,以上均是,D,,接口直采,1,2026/9/18 12:50:27
单选题,实验室电器设备所引起的火灾，应：( ),用水灭火,用二氧化碳或干粉灭火器灭火,用泡沫灭火器灭火,以上都是,B,,接口直采,1,2026/9/18 12:50:32
单选题,实验室发生苯酚泄漏时应采取：（）,用沙土覆盖,用水冲洗,直接清扫,用酸处理,A,,接口直采,1,2026/9/18 12:50:15
单选题,实验室发生辐射事故时，应及时向（）报告，由本单位主管部门将及时向环保、卫生、公安部门报告。,实验室安全负责人,本单位辐射安全管理部门,包括A和B,上述都不对,C,,接口直采,1,2026/9/18 12:50:16
单选题,实验室高压气瓶摆放应：（）,气瓶直立,气瓶直立固定,气瓶平放,气瓶平放固定,B,,接口直采,1,2026/9/18 12:50:23
单选题,实验室各种管理规章制度应该：( )。,上墙或便于取阅的地方,存放在档案柜中,由相关人员集中保管,保存在计算机内,A,,接口直采,1,2026/9/18 12:50:27
单选题,实验室管理人员到加油站购买少量试验用燃油时可以使用（）油桶。,专用金属油桶,大的玻璃瓶,结实的塑料油桶,结实的铁桶,A,,接口直采,1,2026/9/18 12:50:25
单选题,实验室火灾报警电铃响时，应当（）,立即停止实验，按照紧急预案迅速离开实验室,坚持做完实验后再离开,出去了解情况后再决定,打电话求救,A,,接口直采,1,2026/9/18 12:50:32
单选题,实验室或办公室内固定电线插座损坏时，将会引起：（）,工作不方便,触电伤害,短路,不美观,B,,接口直采,1,2026/9/18 12:50:37
单选题,实验室获得性感染最常见的暴露途径是：（）,完整皮肤,气溶胶,黏膜,破损皮肤,B,,接口直采,1,2026/9/18 12:50:35
单选题,实验室内的插座距地面的高度一般不低于：（）,0.1m,0.2m,0.3m,0.5m,C,,接口直采,1,2026/9/18 12:50:37
单选题,实验室内的汞蒸气会造成人员慢性中毒，为了减少汞液面的蒸发，可在汞液面上覆盖什么液体，效果最好？,水液体,甘油,5%Na2S·9H2O,以上都是,B,,接口直采,1,2026/9/18 12:50:25
单选题,实验室内的浓酸、浓碱处理，一般可：( ),先中和后倾倒，并用大量的水冲洗管道,不经处理，沿下水道流走,不需中和，直接向下水道倾倒,以上都是,A,,接口直采,1,2026/9/18 12:50:20
单选题,实验室内可以：( ),使用闸刀开关、木质配电板和花线,自己随意接、拉电线,固定电源插座未经允许不得拆装、改线,以上都可以,C,,接口直采,1,2026/9/18 12:50:37
单选题,实验室内使用乙炔气时，说法正确的是：( ),室内不可有明火，不可有产生电火花的电器,房间应密闭,室内应有高湿度,乙炔气可用铜管道输送,A,,接口直采,1,2026/9/18 12:50:23
单选题,实验室平时收集一般有毒有害化学废液时要注意哪些问题？,倒废液前危险废物标签上填写主要成分,废液桶留有至少1／10的体积空间，废液桶盖随时盖好,混合后会产生有毒有害气体或发生剧烈放热等情况的废液不能倒入同一收集桶中,以上均是,D,,接口直采,1,2026/9/18 12:50:20
单选题,实验室人员发生触电时，下例哪种行为是不正确的？,应迅速切断电源，将触电者上衣解开，取出口中异物，然后进行人工呼吸,应迅速注射兴奋剂,当患者伤势严重时，应立即送医院强救,以上都是,B,,接口直采,1,2026/9/18 12:50:15
单选题,实验室认可与检验检测机构资质认定都是对实验室技术条件及专业能力的评价许可，但是，实验室认可的实施主体是：（），而资质认定的实施主体是：（）,自愿申请的待评定实验室，检验检测机构,检验检测机构，自愿申请的待评定实验室,权威机构，由政府授权的政府机构,政府机构，权威机构,C,,接口直采,1,2026/9/18 12:50:27
单选题,实验室生物安全等级分四级，哪级生物安全防护要求最高？,一级（BSL-1）,二级（BSL-2）,三级（BSL-3）,四级（BSL-4）,D,,接口直采,1,2026/9/18 12:50:35
单选题,实验室生物安全防护的内容包括：( ),安全设备、个体防护装置和措施,严格的管理制度和标准化的操作程序和规程,实验室的特殊设计和建设要求,以上都是,D,,接口直采,1,2026/9/18 12:50:35
单选题,实验室生物安全水平根据所处理的病原（感染性）微生物及其毒素的危害程度共分为四级，（ ）级实验室的生物安全防护要求最高。,一级,二级,三级,四级,D,,接口直采,1,2026/9/18 12:50:35
单选题,实验室生物安全性问题不仅涉及动物间疾病的传播，最主要还关系到什么？,实验成败,实验室污染,人民身体健康,动物死亡,C,,接口直采,1,2026/9/18 12:50:35
单选题,实验室试制设备中使用的局部照明灯应采用安全电压，一般不得超过：（）,12V,24V,36V,48V,C,,接口直采,1,2026/9/18 12:50:37
单选题,"实验室水泵关闭前,阀门应该：（）",全开,全关,半开,无所谓,B,,接口直采,1,2026/9/18 12:50:37
单选题,实验室所有事件报告应形成的文件，内容不包括下列哪项？,事件的责任调查,事件的原因评估,预防类似事件发生的建议,事件的详细描述,A,,接口直采,1,2026/9/18 12:50:35
单选题,实验室仪器设备用电或线路发生故障着火时，应立即（），并组织人员用灭火器进行灭火。,将贵重仪器设备迅速转移,切断现场电源,将人员疏散,以上都是,B,,接口直采,1,2026/9/18 12:50:32
单选题,实验室用放射源一般较弱，常为微居里(μCi)或者毫居里(mCi)量级。1μCi换算成法定单位贝可（Bq）为：（）,3.7×103 Bq,7×104 Bq,3.7×106 Bq,3.7×108 Bq,B,,接口直采,1,2026/9/18 12:50:16
单选题,实验室在布局设计时，应重点考虑：（）,外通道、内通道,入口、门锁,面积、进深,以上均是,D,,接口直采,1,2026/9/18 12:50:27
单选题,实验室中常用的氧气钢瓶颜色为：（）,蓝色,黑色,红色,灰色,A,,接口直采,1,2026/9/18 12:50:23
单选题,实验室走廊净宽要满足安全疏散的要求，最小宽度为：（）,1米,1.4米,2米,2.4米,B,,接口直采,1,2026/9/18 12:50:27
单选题,实验室最常见的特种设备是：（）,压力容器,锅炉,起重机械,大型游乐设施,A,,接口直采,1,2026/9/18 12:50:30
单选题,实验台和实验柜的主要特点不包括：（）,需要附设水、电、燃气、负压吸引等各种管道,台面、柜壁等处需要做防腐蚀处理,满足存放各种形式、大小不一的实验器皿和各种试剂的需要,可以直接当办公桌使用,D,,接口直采,1,2026/9/18 12:50:38
单选题,实验完成后，废弃物及废液应如何处置？,倒入水槽中,分类收集后，送中转站暂存，然后交有资质的单位处理,倒入垃圾桶中,任意弃置,B,,接口直采,1,2026/9/18 12:50:20
单选题,实验用过的氰化钾溶液按哪一类废液收集处理？,一般无机物,一般有机物,含卤有机物,剧毒化学废液,D,,接口直采,1,2026/9/18 12:50:20
单选题,实验中溅入口中已下咽的强碱，先饮用大量水，再服用：（）,氢氧化铝膏，鸡蛋白,乙酸果汁，鸡蛋白,硫酸铜溶液（30g溶于一杯水中）催吐,牛奶,B,,接口直采,1,2026/9/18 12:50:15
单选题,实验中溅入口中已下咽的强酸，先饮用大量水，再服用：( ),氢氧化铝溶液，鸡蛋白,乙酸果汁，鸡蛋白,硫酸铜溶液（30g溶于一杯水中）催吐,以上都是,A,,接口直采,1,2026/9/18 12:50:15
单选题,实验中溅入口中已下咽的强酸，先饮用大量水，再服用（）。,氢氧化铝溶液，鸡蛋白,乙酸果汁，鸡蛋白,硫酸铜溶液（30g溶于一杯水中）催吐,以上都对,A,,接口直采,1,2026/9/18 12:50:15
单选题,实验中如遇刺激性及神经性中毒，先服牛奶或鸡蛋白使之缓和，再服用：( ),氢氧化铝膏，鸡蛋白,硫酸铜溶液（30g溶于一杯水中）催吐,乙酸果汁，鸡蛋白,以上都是,B,,接口直采,1,2026/9/18 12:50:15
单选题,实验中用到很多玻璃器皿，容易破碎，为避免造成割伤应该注意什么？,装配时不可用力过猛，用力处不可远离连接部位,不能口径不合而勉强连接,玻璃折断面需烧圆滑，不能有棱角,以上都是,D,,接口直采,1,2026/9/18 12:50:21
单选题,使网络服务器中充斥着大量要求回复的信息，消耗带宽，导致网络或系统停止正常服务，这属于什么攻击类型? ( ),拒绝服务,文件共享,BIND漏洞,远程过程调用,A,,接口直采,1,2026/9/18 12:50:42
单选题,使用（）的辐射工作单位的许可证，由国务院环保主管部门审批颁发；使用（）的辐射工作单位的许可证，由省级政府环保主管部门审批颁发。,I类放射性源和I类射线装置；II-V类放射源和射线装置,I类放射性源和I类射线装置；II-V类放射源和II类、II类射线装置,I类、II类放射性源和I类射线装置；III-V类放射源和射线装置,I类、II类放射性源和I类射线装置；III-V类放射源和II类、III类射线装置,B,,接口直采,1,2026/9/18 12:50:16
单选题,使用（）钢瓶时，操作者的双手、手套及工具等不得沾染油脂。,氢气瓶,氧气瓶,氮气瓶,氩气瓶,B,,接口直采,1,2026/9/18 12:50:23
单选题,使用（）时，操作者的双手、手套及工具等不得沾染油脂。,氢气瓶,氧气瓶,液化石油气钢瓶,氮气瓶,B,,接口直采,1,2026/9/18 12:50:23
单选题,使用车床切削工件时要先锁紧（）,尾座,尾座套筒,刀架,螺母,C,,接口直采,1,2026/9/18 12:50:37
单选题,使用的电气设备按有关安全规程，其外壳应（）防护措施。,无,有保护性接零或接地,有防锈漆,有绝缘塑料,B,,接口直采,1,2026/9/18 12:50:37
单选题,使用电气设备时，由于维护不当，当（）进入时可导致短路事故。,导电粉尘或纤维,强光辐射,高温环境,潮气,A,,接口直采,1,2026/9/18 12:50:37
单选题,使用干燥箱和恒温箱，应注意的事项有：( ),使用前检查电源，要有良好的接地线,箱内应保持清洁，放物网篮不得有锈，否则影响待干燥物品的洁净度,塑料、有机玻璃制品的加热温度不能超过60℃，玻璃制品的温度不能超过180℃，使用温度不能超过干燥箱的最高允许温度，用毕要及时切断电源,以上都对,D,,接口直采,1,2026/9/18 12:50:38
单选题,使用后的水工模型应如何放置?,放在仪器平台上,及时放入模型箱,随意放置,放在随手可即的地方,B,,接口直采,1,2026/9/18 12:50:37
单选题,使用碱金属引起燃烧应如何处理？,马上使用灭火器灭火,马上向燃烧处浇水灭火,马上用石棉布盖砂子盖住燃烧处，尽快移去临近其它溶剂，关闭热源和电源，再用灭火器灭火,以上都对,C,,接口直采,1,2026/9/18 12:50:15
单选题,使用剧毒化学品开展实验时，应严格执行（）人使用的要求，做好实验室通风换气和人员防护。,1,2,3,4,B,,接口直采,1,2026/9/18 12:50:25
单选题,使用离心机时下列哪种操作是错误的？,离心机必须盖紧盖子,不需要考虑离心管的对角平衡,液体不能超过离心管2/3,每次使用后要清洁离心机腔,B,,接口直采,1,2026/9/18 12:50:38
单选题,使用离子色谱仪时，氮气应将分压表调至：（）,0.1MPa,0.15MPa,0.2MPa,0.25MPa,C,,接口直采,1,2026/9/18 12:50:38
单选题,使用漏电保护器是为了防止：（）,触电事故,电压波动,电流过大,电流过小,A,,接口直采,1,2026/9/18 12:50:18
单选题,使用灭火器扑救火灾时要对准火焰的（）部位喷射。,上部,中部,根部,中上部,C,,接口直采,1,2026/9/18 12:50:32
单选题,使用灭火器扑救火灾时要对准火焰的什么部位喷射。,上部,中部,根部,中上部,C,,接口直采,1,2026/9/18 12:50:32
单选题,使用手持电动工具时，以下注意事项正确的是：（）,使用万能插座,使用漏电保护器,身体或衣服潮湿,保护接地,B,,接口直采,1,2026/9/18 12:50:37
单选题,使用手锯锯工件快要锯断时，哪种做法是正确的？,放慢锯削速度,加大锯削时的压力,锯削的速度可以加快,用榔头打断工件,A,,接口直采,1,2026/9/18 12:50:37
单选题,使用数控铣床上的“手动”方式进行操作前，操作者应留意当前（），确定不会撞到机床的其他设施后再执行操作指令。,刀具的位置,主轴转速,夹具位置,参数设置,A,,接口直采,1,2026/9/18 12:50:37
单选题,使用数控铣床时，操作者应定时检查：（）,润滑油油位,机床坐标系位置,电机,电源,A,,接口直采,1,2026/9/18 12:50:37
单选题,使用通风橱时，应拉下通风橱玻璃活动挡板至（）处，使胸部以上受玻璃视窗所屏护。,眼部,下巴,手肘,腰部,C,,接口直采,1,2026/9/18 12:50:38
单选题,"使用行车时,应注意：（）",学生可自行操作,学生可在老师指导下操作,持专业上岗证才能操作,有机动车驾驶执照可操作,C,,接口直采,1,2026/9/18 12:50:37
单选题,使用摇臂钻床工作结束时，正确的是：（）,戴好防护手套,将横臂降到一定位置,将横臂降到最低位置，主轴箱靠近主轴,不管横臂在何位置,C,,接口直采,1,2026/9/18 12:50:37
单选题,使用易燃易爆的化学药品，不正确的操作是：( ),可以用明火加热,在通风橱中进行操作,不可猛烈撞击,加热时使用水浴或油浴,A,,接口直采,1,2026/9/18 12:50:25
单选题,使用钻床时，是否可以戴手套操作？,不可以,可以,随便,按需要,A,,接口直采,1,2026/9/18 12:50:37
单选题,使用钻床钻孔时，工件是否需要牢固可靠地装夹？,不需要,需要,大的工件需要,小的工件不需要,B,,接口直采,1,2026/9/18 12:50:37
单选题,世界人口受到的人工辐射源的照射中，居于首位的是：（）,大气层核试验,医疗照射,地下核试验,核能生产,B,,接口直采,1,2026/9/18 12:50:16
单选题,世界卫生组织（WHO）为了指导实验室生物安全，减少实验室事故的发生，于（）年出版了（）（第1版）；1993年，WHO发布了该手册的第2版；2004年，由（）个国家和WHO的生物安全专家和官员对第2版进行重新修订和补充，出版了第3版。,1983，《实验室生物安全手册》，7,1985，《实验室安全手册》，9,1983，《实验室病原微生物安全手册》，7,1985，《实验室生物安全手册》，9,A,,接口直采,1,2026/9/18 12:50:35
单选题,世界卫生组织把感染性微生物分为（）个危害等级，美国CDC和NIH把感染性微生物分为（）个危害等级，中国将病原微生物分为（）类。,"2,2,2","3,3,3","4,4,4","5,5,5",C,,接口直采,1,2026/9/18 12:50:35
单选题,事故应急处置的总目标是通过有效的（），尽可能地降低事故的后果。,安全控制措施,医疗救治,宣传教育,应急处置行动,D,,接口直采,1,2026/9/18 12:50:15
单选题,事故应急处置工作应强调（）的应急准备。,上级单位,本单位,全社会,以上都是,B,,接口直采,1,2026/9/18 12:50:15
单选题,事故应急处置行动必须做到迅速，所谓迅速是要求建立：（）,事故应急预案,事故处理机制,应急响应机制,保障措施,C,,接口直采,1,2026/9/18 12:50:15
单选题,事故应急预案是在事故产生重大灾难（）采取的有效防护措施。,之前,之中,之后,以上都是,A,,接口直采,1,2026/9/18 12:50:15
单选题,事故应急预案现已成为各类突发事故的：（）,安全概述,应急基础,安全保证,基本保证,B,,接口直采,1,2026/9/18 12:50:15
单选题,试管在装溶液加热时应不超过容量的。,1/2,1/3,1/4,1/5,B,,接口直采,1,2026/9/18 12:50:21
单选题,试管在装溶液时应不超过容量的。,1/2,1/3,1/4,1/5,A,,接口直采,1,2026/9/18 12:50:21
单选题,试剂或异物溅入眼内，处理措施正确的是：( ),溴：大量水洗，再用1％NaHCO3溶液洗,酸：大量水洗，用1～2％NaHCO3溶液洗,碱：大量水洗，再以1％硼酸溶液洗,以上都对,D,,接口直采,1,2026/9/18 12:50:15
单选题,室内发生电气火灾，应首先进行：（）,切断电源,报警,灭火,逃跑,A,,接口直采,1,2026/9/18 12:50:37
单选题,室外照明灯具一般应选用（）型灯具。,防水,普通,防爆,开启,A,,接口直采,1,2026/9/18 12:50:37
单选题,室温较高时，有些试剂如氨水等，打开瓶塞的瞬间很易冲出气液流，应先如何处理，再打开瓶塞？,先将试剂瓶在热水中浸泡一段时间,振荡一段时间,先将试剂瓶在冷水中浸泡一段时间,先将试剂瓶颠倒一下,C,,接口直采,1,2026/9/18 12:50:25
单选题,适合于深埋到地下数百米或更深的稳定地层中处置的放射性废物是：（）,极低放废物,低放废物,中放废物,高放废物,D,,接口直采,1,2026/9/18 12:50:16
单选题,适用于饲育清洁级和无特定病原体实验动物的实验动物环境是：（）,普通环境,清洁环境,屏障环境,隔离环境,C,,接口直采,1,2026/9/18 12:50:35
单选题,适用于饲育无特定病原体、悉生及无菌实验动物的实验动物环境是：（）,隔离环境,清洁环境,屏障环境,普通环境,A,,接口直采,1,2026/9/18 12:50:35
单选题,适用于头顶及颞部动脉出血。,颌外动脉压迫止血法,颈总动脉压迫止血法,颞动脉压迫止血法,锁骨下动脉压迫止血法,C,,接口直采,1,2026/9/18 12:50:15
单选题,收集、贮存、运输、利用、处置动物实验室固体废物的单位和个人，必须采取防扬散、防流失、防渗漏或者其他防止（）的措施。,废物泄露,污染环境,废物丢失,污染空气,B,,接口直采,1,2026/9/18 12:50:35
单选题,手动操作数控铣床，为了确定不会超程或撞到机床的其它设施，应检查当前的什么？,刀具的位置,主轴转速,夹具位置,参数设置,A,,接口直采,1,2026/9/18 12:50:37
单选题,受日光照射能发生化学反应引起燃烧、爆炸、分解、化合或能产生有毒气体的危险化学品应储存在室内，包装采取（）措施。,避光,防火,防潮,防爆,A,,接口直采,1,2026/9/18 12:50:25
单选题,数据安全风险评估报告应当至少包含以下哪项内容？,处理者的利润情况,重要数据的种类和数量,员工工资水平,市场推广计划,B,,接口直采,1,2026/9/18 12:50:42
单选题,数据交易中介机构应当审核：,数据买家的信用记录,交易双方的身份,数据卖家的员工数量,数据存储的服务器型号,B,,接口直采,1,2026/9/18 12:50:42
单选题,数控车床在车削加工时必须：（）,关上防护门,不必关上防护门,根据需要可关也可开,关闭电源,A,,接口直采,1,2026/9/18 12:50:37
单选题,数控电火花线切割机床在正常加工时，突然有烧焦气味从机床电器柜中传出，应采取哪种处理措施？,顺着烧焦味道查找,用专用灭火器向电器柜喷射,不与理睬继续加工,关闭机床总电源后查找原因,D,,接口直采,1,2026/9/18 12:50:37
单选题,数控电火花线切割机床在正常加工时，突然有烧焦气味从机床电器柜中传出，应采取哪种处理措施？（）,顺着烧焦味道查找,用专用灭火器向电器柜喷射,不与理睬继续加工,关闭机床总电源后查找原因,D,,接口直采,1,2026/9/18 12:50:37
单选题,四肢大动脉出血或采用加压包扎后不能有效控制的大出血应采用：（）,加压包扎止血法,止血带止血法,指压止血法,按压止血法,B,,接口直采,1,2026/9/18 12:50:15
单选题,四肢小动脉、中小静脉或毛细血管出血应采用：（）,加压包扎止血法,按压止血法,指压止血法,止血带止血法,A,,接口直采,1,2026/9/18 12:50:15
单选题,随机性效应指的是（）与照射剂量的大小有关的一类效应。,严重程度,发生概率,剂量阈值,危险程度,B,,接口直采,1,2026/9/18 12:50:16
单选题,特低电压是指交流（）以下，直流120V以下的电压。,36V,50V,100V,120V,B,,接口直采,1,2026/9/18 12:50:37
单选题,特种设备出现故障或者发生异常情况时，特种设备使用单位应当：（）,停止使用设备，并对其进行全面检查，消除事故隐患，方可继续使用,停止设备，重新启动,继续使用，注意观察,无视，继续使用,A,,接口直采,1,2026/9/18 12:50:30
单选题,提倡文明上网，健康生活，我们不应该有下列哪种行为（ ）。,在网上对其他网友进行人身攻击,自觉抵制网上的虚假、低俗内容，让有害信息无处藏身,浏览合法网站，玩健康网络游戏，并用自己的行动影响周围的朋友,不信谣，不传谣，不造谣,A,,接口直采,1,2026/9/18 12:50:42
单选题,天气较热时，打开腐蚀性液体，应该：( ),直接用手,用毛巾先包住塞子,戴橡胶手套,用纸包住塞子,B,,接口直采,1,2026/9/18 12:50:28
单选题,通常外照射个人剂量监测的周期是：（）,1至2个月,2至3个月,3至6个月,6至12个月,B,,接口直采,1,2026/9/18 12:50:16
单选题,通过呼吸道传播的病原微生物容易引起不同的感染性疾病，因此引起实验室感染的最主要的因素是（）,气溶胶,接触,食入,以上都是,A,,接口直采,1,2026/9/18 12:50:35
单选题,同γ射线一样，（）射线也具有很强的穿透性。因此，大剂量该种射线的短期照射或微弱该种射线的长时间照射都会对身体造成严重的损伤。,a,β,X,激光,C,,接口直采,1,2026/9/18 12:50:16
单选题,头部发生创伤的人员，在送往医院前，采取下列急救措施中，（）是不正确的。,尽量减少不必要的活动,给伤者服止痛片止痛,运送途中应把伤者的头转向一侧，便于清除呕吐物,仔细观察伤者病情变化,B,,接口直采,1,2026/9/18 12:50:15
单选题,头颈部创伤的伤者用以下哪种方法打开气道？,仰头抬颈法,仰头举颏法,压额抬颌法,托颌法,D,,接口直采,1,2026/9/18 12:50:15
单选题,突发事件的特点是：（）,随机性、状态严重性、事发突然性,复杂变异性、事发突然性、高不确定性,潜在危险性、状态严重性、高不确定性,高不确定性、复杂变异性、潜在危险性,D,,接口直采,1,2026/9/18 12:50:15
单选题,外来人员进入剧毒化学品库监控室应填写：（）,出入登记表,危险化学品领用登记表,进入申请表,危险化学品领用申请表,A,,接口直采,1,2026/9/18 12:50:25
单选题,外照射的防护最主要是针对：（）,α射线和中子,中子和β射线,β射线与γ射线,γ射线和中子,D,,接口直采,1,2026/9/18 12:50:16
单选题,万一发生电气火灾，首先应该采取的第一条措施是：( ),打电话报警,切断电源,扑灭明火,求援,B,,接口直采,1,2026/9/18 12:50:37
单选题,网络安全法的施行日期是：,12月31日,6月1日,1月1日,11月7日,B,,接口直采,1,2026/9/18 12:50:42
单选题,网络安全服务体系中，安全服务不包括（ ）。,数据保密服务,访问控制服务,数据完整性服务,数据来源的合法性服务,D,,接口直采,1,2026/9/18 12:50:42
单选题,网络安全涉及范围包括：（）,加密、防黑客,防病毒,法律政策和管理问题,以上均是,D,,接口直采,1,2026/9/18 12:50:33
单选题,网络安全事件应急预案应定期：,修订,演练,公开,删除,B,,接口直采,1,2026/9/18 12:50:42
单选题,网络安全事件总结报告应在处置结束后多少日内上报？,10日,20日,30日,60日,C,,接口直采,1,2026/9/18 12:50:42
单选题,网络运营者收集个人信息时应遵循的原则不包括：,合法,正当,必要,强制,D,,接口直采,1,2026/9/18 12:50:42
单选题,网络运营者违反网络安全法最高可被罚款：,10万元,50万元,100万元,500万元,C,,接口直采,1,2026/9/18 12:50:42
单选题,网络运营者未按时报告事件，造成重大后果的，将：,不予处罚,从重处罚,仅警告,仅罚款,B,,接口直采,1,2026/9/18 12:50:42
单选题,网络运营者未要求用户提供真实身份信息的，最高可罚款：,5万元,50万元,100万元,500万元,B,,接口直采,1,2026/9/18 12:50:42
单选题,网络运营者应当留存网络日志不少于：,3个月,6个月,1年,2年,B,,接口直采,1,2026/9/18 12:50:42
单选题,网络运营者应向哪个部门统一报告网络安全事件？,国家市场监管总局,国家网信部门,地方工信局,商务部,B,,接口直采,1,2026/9/18 12:50:42
单选题,网页病毒主要通过以下途径传播。( ),邮件,文件交换,网络浏览,光盘,C,,接口直采,1,2026/9/18 12:50:42
单选题,网页恶意代码通常利用( )来实现植入并进行攻击。,口令攻击,U盘工具,IE浏览器的漏洞,拒绝服务攻击,C,,接口直采,1,2026/9/18 12:50:42
单选题,网站的安全协议是https时，该网站浏览时会进行( )处理。,口令验证,增加访问标记,身份验证,加密,D,,接口直采,1,2026/9/18 12:50:42
单选题,往玻璃管上套橡皮管（塞）时，不正确的做法是：( ),管端应烧圆滑,用布裹手或带厚手套，以防割伤手,可以使用薄壁玻管,加点水或润滑剂,C,,接口直采,1,2026/9/18 12:50:21
单选题,危险化学废弃物处理原则有哪些？,尽可能减少废弃物的产生,能通过回收、提纯的方法再利用的，首先应采取有效方法进行回收再利用,不能进行再利用和无害化处理的危险化学废弃物必须严格按学校和学院规定分类处理,以上均是,D,,接口直采,1,2026/9/18 12:50:20
单选题,危险化学废物处理的原则是：（）,自行处理,按生活垃圾处理,预处理后按生活垃圾处理,分类收集、定点存放、专人管理、集中处理,D,,接口直采,1,2026/9/18 12:50:20
单选题,危险化学品包括哪些物质？,爆炸品、易燃气体、易燃喷雾剂， 氧化性气体，加压气体,易燃液体，易燃固体，自反应物质，可自燃液体，自燃自热物质，遇水放出易燃气体的物质,氧化性液体，氧化性固体，有机过氧化物，腐蚀性物质,以上都是,D,,接口直采,1,2026/9/18 12:50:25
单选题,危险化学品的毒害包括：( ),皮肤腐蚀性/刺激性，眼损伤/眼刺激,急性中毒致死，器官或呼吸系统损伤，生殖细胞突变性，致癌性,"水环境危害性, 放射性危害",以上都是,D,,接口直采,1,2026/9/18 12:50:25
单选题,危险化学品的急性毒性表述中，半致死量LD50代表什么意义？,致死量,导致一半受试动物死亡的量,导致一半受试动物死亡的浓度,导致全部受试动物死亡的浓度,B,,接口直采,1,2026/9/18 12:50:25
单选题,危险化学品的容器或包装物应有清晰的：（）,联系人信息,化学品安全技术说明书,用途性质,标识或标签,D,,接口直采,1,2026/9/18 12:50:25
单选题,危险化学品管理方面，邮政管理部门负责：（）,依法查处寄递危险化学品的行为,发现危险化学品事故隐患,对危险化学品水路运输安全实施监督,危险化学品道路运输许可,A,,接口直采,1,2026/9/18 12:50:25
单选题,危险化学品空瓶应如何处理？,与普通废液一起处理,按生活垃圾处理,按危险废物暂存，待集中处理,以上都不对,C,,接口直采,1,2026/9/18 12:50:20
单选题,危险化学品泄漏处置中社会联动要求高是由于：（）,危险化学品泄漏现场处置需要消防、公安、武警、医疗救护、市政公用部门、交通运输部门、环保等多部门共同参与，才能完善处置,危险化学品泄漏现场处置需要所有人员穿戴个人防护衣服,危险化学品泄漏现场处置需要所有人员佩戴防护面具,危险化学品泄漏现场处置需要所有现场人员远离事故现场,A,,接口直采,1,2026/9/18 12:50:15
单选题,危险化学品应按（），在满足储存技术要求的专用储存柜分类存放。,化学性质,供货商,购买日期,物理形态,A,,接口直采,1,2026/9/18 12:50:25
单选题,危险源辨识时，从存在的能量和有害物质及其场所进行第（ ）类危险源辨识。,一,二,三,四,A,,接口直采,1,2026/9/18 12:50:27
单选题,微生物操作中释放的较大粒子和液滴（）会迅速沉降到工作台面和操作者的手上。实验室人员在操作时，应戴一次性手套，并避免触摸口、眼及面部。,直径>2μm,直径>3μm,直径>4μm,直径>5μm,D,,接口直采,1,2026/9/18 12:50:35
单选题,微生物的种类繁多，但能够与人和动物宿主有动态关系的微生物的数量是有限的，已知的大约有（）种。,400,1000,1200,1500,B,,接口直采,1,2026/9/18 12:50:35
单选题,微生物对消毒剂的抵抗力从高到低的顺序是：（）,细菌芽孢一分枝杆菌-亲水性病毒一真菌孢子一真菌繁殖体一细菌繁殖体-亲脂性病毒,细菌芽孢一真菌孢子一分枝杆菌-亲水性病毒一真菌繁殖体一细菌繁殖体-亲脂性病毒,细菌芽孢一分枝杆菌-真菌孢子-亲水性病毒一真菌繁殖体-细菌繁殖体-亲脂性病毒,真菌孢子-细菌芽孢一分枝杆菌一亲水性病毒一真菌繁殖体一细菌繁殖体一亲脂性病毒,B,,接口直采,1,2026/9/18 12:50:35
单选题,微生物培养后废弃物灭菌处理的温度和时间通常为：（）,"100℃,15min","121℃,15min","150℃,30min","180℃,30min",B,,接口直采,1,2026/9/18 12:50:20
单选题,违反本法向境外提供重要数据，最高可罚款：,10万元,100万元,500万元,1000万元,D,,接口直采,1,2026/9/18 12:50:42
单选题,违反国家规定，侵入国家事务、国防建设、尖端科学技术领域的计算机信息系统的，处（ ）以下有期徒刑或者拘役。,1年,2年,3年,6年,C,,接口直采,1,2026/9/18 12:50:42
单选题,为保护听力，建筑物理实验室工作人员所处环境的噪声，在任何情况下均不得超过？,115dB(A),100dB(A),95dB(A),85dB(A),A,,接口直采,1,2026/9/18 12:50:37
单选题,为保障安全，须贮存于煤油中的金属是：（）,钠,镁,铁,铜,A,,接口直采,1,2026/9/18 12:50:25
单选题,为避免被接种物洒落，微生物接种环的直径应为（）并完全封闭，柄的长度应（）以减小抖动。,"2∼3mm,<6cm","2∼3mm,>6cm","4∼6mm,<6cm","4∼6mm,>6cm",A,,接口直采,1,2026/9/18 12:50:35
单选题,为避免误食有毒的化学药品，以下说法正确的是：( ),可把食物、食具带进化验室,在实验室内可吃口香糖,使用化学药品后须先洗净双手方能进食,实验室内可以吸烟,C,,接口直采,1,2026/9/18 12:50:27
单选题,为达成放射卫生防护与管理要求，放射性实验室应采取“三区配置”，即将放射性实验室整体划分为：（）,放射性活性区、中间区、非放射性活性区,高活性区、中活性区、低活性区和清洁区,监督区、中间区、非限制区,工作区、观察区、准备区,C,,接口直采,1,2026/9/18 12:50:16
单选题,为防止触电，数控电火花线切割机床的工作灯采用了安全电压，其电压值为：（）,110V,24V,220V,380V,B,,接口直采,1,2026/9/18 12:50:37
单选题,为防止静电火花引起事故，凡是用来加工、储存各种易燃气体、液体的设备金属管、非导电材料管都必须：（）,有足够小的电阻,有足够大的电阻,可靠接地,绝缘,C,,接口直采,1,2026/9/18 12:50:37
单选题,为了安全，须贮存于煤油中的金属是：( ),钠,铝,铁,钙,A,,接口直采,1,2026/9/18 12:50:25
单选题,为了防范垃圾电子邮件，互联网电子邮件服务提供者应当按照信息产业部制定的技术标准建设互联网电子邮件服务系统，电子邮件服务器( )匿名转发功能。,使用,开启,关闭,,C,,接口直采,1,2026/9/18 12:50:42
单选题,为了防御网络监听，最常用的方法是 ( )。,采用物理传输(非网络),信息加密,无线网,使用专线传输,B,,接口直采,1,2026/9/18 12:50:42
单选题,为了防止各种各样的病毒对计算机系统造成危害，可以在计算机上安装防病毒软件，并注意及时()以保证能防止和查杀新近出现的病毒。,升级,分析,检查,以上都不对,A,,接口直采,1,2026/9/18 12:50:42
单选题,为了防止在开启或关闭玻璃容器时发生危险，下列哪一种瓶塞不适宜作为盛放具有爆炸危险性物质的玻璃容器的瓶塞？,软木塞,磨口玻璃塞,胶皮塞,橡胶塞,B,,接口直采,1,2026/9/18 12:50:25
单选题,为了鼓励用户对违规电子邮件发送行为进行举报，发动全社会的监督作用，信息产业部委托中国互联网协会设立了互联网电子邮件举报受理中心，其举报电话是010-12321，举报电子邮箱地址为( )。,abuse@anti-spam.cn,register@china-cic.org,member@china-cic.org,,A,,接口直采,1,2026/9/18 12:50:42
单选题,为消除静电危害，可采取的有效措施是：（）,绝缘,屏护,间距,接地,D,,接口直采,1,2026/9/18 12:50:37
单选题,未经中心洁净室规范培训的来访人员如需进入中心洁净室，应该（）,不准进入,填写临时进出申请表后，可以随意进出,填写临时进出申请表并由中心工作人员签字后，由有门禁权限的人员全程陪同,,C,,接口直采,1,2026/9/18 12:50:40
单选题,文艺青年张小五写了一部反映社会现实的小说，发表后引起热烈反响，好评如潮。甲网站觉得有利可图，擅自将该小说发布在网络上，供网民在线阅读。该网站侵犯了张小五的哪种著作权?( ),发表权,信息网络传播权,复制权,发行权,B,,接口直采,1,2026/9/18 12:50:42
单选题,我国第一部关于实验室生物安全的国家标准是于（）年由中华人民共和国国家质量监督检验检疫总局和中国国家标准化管理委员会颁布的（），具有里程碑的意义。,1998，《生物医学实验室生物安全准则》,2000，《病原微生物分类及生物安全》,2002，《微生物和生物医学实验室生物安全通用准则》,2004，《实验室一生物安全通用要求》,D,,接口直采,1,2026/9/18 12:50:35
单选题,我国对放射性事故中的受照人员的分级救治实行（）医疗救治体系。,二级,三级,四级,五级,B,,接口直采,1,2026/9/18 12:50:16
单选题,我国规定，安全电压最高是：（）。,50V,42V,36V,24V,B,,接口直采,1,2026/9/18 12:50:37
单选题,我国目前将生物安全防护水平分为（）个级别，（）生物安全防护水平最低，（）生物安全防护水平最高。,3，I级，II级,4，I级，IV级,3，III级，I级,4，IV级，I级,B,,接口直采,1,2026/9/18 12:50:35
单选题,我国气体钢瓶常用的颜色标记中，氮气的瓶身和标字颜色分别为：（）,黑、蓝,黄、黑,黑、黄,蓝、黑,C,,接口直采,1,2026/9/18 12:50:23
单选题,我国气体钢瓶常用的颜色标记中，氮气的瓶身颜色和标字颜色分别是：（）,黑色、蓝色,黄色、黑色,黑色、黄色,蓝色、黑色,C,,接口直采,1,2026/9/18 12:50:23
单选题,我国气体钢瓶常用的颜色标记中，乙炔的瓶身颜色和标字颜色分别是：（）,黑色、蓝色,黄色、黑色,白色、大红色,蓝色、黑色,C,,接口直采,1,2026/9/18 12:50:23
单选题,我国生物安全领域的第一个行业标准是于（）年经卫生部批准并颁布的卫生行业标准：（）,1998，《生物医学实验室生物安全准则》,2000，《病原微生物分类及生物安全》,2002，《微生物和生物医学实验室生物安全通用准则》,2004，《实验室-生物安全通用要求》,C,,接口直采,1,2026/9/18 12:50:35
单选题,我们国家最严重的职业病是（ ）,尘肺病,金属中毒,振动病,中暑,A,,接口直采,1,2026/9/18 12:50:27
单选题,我们所使用的手机的频段一般为1800MHz，其电场强度H控制限值是(),4kV/m,12V/m,12kV/m,4 V/m,B,,接口直采,1,2026/9/18 12:50:16
单选题,污染有朊粒蛋白的感染性废液应当用含（）处理1h。,4％戊二醛,10％福尔马林,96％甲酸,含2％有效氯的次氯酸钠,D,,接口直采,1,2026/9/18 12:50:35
单选题,吸入后与血红蛋白反应会造成身体组织缺氧。,氮气,一氧化碳,氧气,二氧化碳,B,,接口直采,1,2026/9/18 12:50:25
单选题,稀有气体气瓶的外表颜色是：（）,大红色,绿色,黑色,银灰色,D,,接口直采,1,2026/9/18 12:50:23
单选题,稀有气体气瓶的字体颜色是：（）,大红色,深绿色,黑色,白色,B,,接口直采,1,2026/9/18 12:50:23
单选题,铣床对刀时，应保证：（）,刀具静止，工件快速进给,刀具旋转，工件慢速手动进给,刀具静止，工件慢速进给,刀具旋转，工件快速手动进给,B,,接口直采,1,2026/9/18 12:50:37
单选题,铣床上刀具对刀时，应保证：（ ）,刀具静止，工件快速进给,刀具旋转，工件慢速手动进给,刀具静止，工件慢速进给,刀具旋转，工件快速手动进给,B,,接口直采,1,2026/9/18 12:50:37
单选题,下列（）火灾不能用水扑灭。,棉布,金属钾、钠,纸张,木材,B,,接口直采,1,2026/9/18 12:50:32
单选题,下列不可以用二氧化碳灭火器扑灭的火灾有：（）,试剂药品着火,仪器设备着火,易燃气体火灾,气瓶着火,C,,接口直采,1,2026/9/18 12:50:32
单选题,下列不属于剧毒化学品的是：（）,甲苯,氰化钾,氯化汞,氧化汞,A,,接口直采,1,2026/9/18 12:50:25
单选题,下列不属于危险化学品的是：( ),汽油、易燃液体,放射性物品,氧化剂、有机过氧化物、剧毒药品和感染性物品,氯化钾,D,,接口直采,1,2026/9/18 12:50:25
单选题,下列不属于易燃液体的是：( ),5%稀硫酸,乙醇,苯,二硫化碳,A,,接口直采,1,2026/9/18 12:50:25
单选题,下列对放射性垃圾安全管理的说法，不正确的是：（）,非放射性垃圾可与放射性垃圾混放,放射性垃圾应放入专用容器收集、包装、储存,非放射性垃圾和放射性垃圾必须分开放置,放射性垃圾应由专业部门统一处理,A,,接口直采,1,2026/9/18 12:50:20
单选题,下列防止电脑病毒感染的方法，错误的是（ ）,不随意打开来路不明的邮电,不用硬盘启动,不用来路不明的程序,使用杀毒软件,B,,接口直采,1,2026/9/18 12:50:42
单选题,下列粉尘中，哪种粉尘可能会发生爆炸：,生石灰,面粉,水泥,钛白粉,B,,接口直采,1,2026/9/18 12:50:25
单选题,下列关于混合物的描述错误的是：( ),三氧化铬的硫酸溶液与有机物混合，可能爆炸,硝酸氨与活性炭混合可能燃烧,高氯酸与金属盐混合可能爆炸,高氯酸与盐酸混合可能爆炸,D,,接口直采,1,2026/9/18 12:50:25
单选题,下列关于使用漏电保护器的说法，正确的是：（）,漏电保护器既可用于保护人身安全，还可用来对低压系统或设备的对地绝缘状况起到监督作用,漏电保护器安装点以后的线路不可对地绝缘,漏电保护器在日常使用中不可在通电状态下按动实验按钮来检验其是否灵敏可靠,漏电保护器可用于保护设备过载,A,,接口直采,1,2026/9/18 12:50:37
单选题,下列何者是会发生爆炸的物质？,氧化锌,三硝基甲苯,四氯化碳,氧化铁,B,,接口直采,1,2026/9/18 12:50:25
单选题,下列何种物质贮存于空气中易发生爆炸？,苯乙烯,对二甲苯,苯,甲苯,A,,接口直采,1,2026/9/18 12:50:25
单选题,下列几种物质中哪一种物质与乙醇混溶时易发生爆炸？,高氯酸,乙醚,水,丙酮,A,,接口直采,1,2026/9/18 12:50:25
单选题,下列加热热源，化学实验室原则不得使用的是：( ),明火电炉,水浴、蒸汽浴,油浴、沙浴、盐浴,电热板、电热套,A,,接口直采,1,2026/9/18 12:50:21
单选题,下列哪类数据不属于国家核心数据？,关系国家安全的数据,国民经济命脉数据,企业内部管理数据,重大公共利益数据,C,,接口直采,1,2026/9/18 12:50:42
单选题,下列哪项不是影响混合物爆炸极限的因素?,混合物的温度、压力,混合物的多少,混合物的含氧量,容器的大小,B,,接口直采,1,2026/9/18 12:50:32
单选题,下列哪项不属于敏感个人信息？,身份证号,行踪轨迹,匿名化后的数据,医疗记录,C,,接口直采,1,2026/9/18 12:50:42
单选题,下列哪项不属于数据处理活动？,数据收集,数据删除,数据匿名化,数据公开,C,,接口直采,1,2026/9/18 12:50:42
单选题,下列哪项措施不是减少气溶胶产生的有效方法？,规范操作,戴眼罩,加强人员培训,改进操作技术,B,,接口直采,1,2026/9/18 12:50:35
单选题,下列哪些气体混放可引起爆炸？,氮气和氧气,氢气和氧气,氧气和氩气,氦气和氮气,B,,接口直采,1,2026/9/18 12:50:23
单选题,下列哪些药品没有强挥发性？,甲酸,乙酸,硫酸,盐酸,C,,接口直采,1,2026/9/18 12:50:25
单选题,下列哪一类事件属于“特别重大网络安全事件”？,泄露100万人个人信息,造成500万元直接经济损失,省级门户网站瘫痪24小时以上,CII主要功能中断3小时,C,,接口直采,1,2026/9/18 12:50:42
单选题,下列哪种操作是不正确的?,戴褐色眼镜从事电焊,操作机床时，戴防护手套,借助推木操作剪切机械,以上都不正确,B,,接口直采,1,2026/9/18 12:50:37
单选题,下列哪种情形下，个人信息处理者可以不告知个人？,处理敏感信息,法律规定的保密情形,处理公开信息,委托处理信息,B,,接口直采,1,2026/9/18 12:50:42
单选题,下列哪种物质易发生爆炸？,氯化锌,氧化铁,三硝基甲苯,四氯化碳,C,,接口直采,1,2026/9/18 12:50:25
单选题,下列哪种物质与乙醇混溶时容易发生爆炸？,高氯酸,乙醚,纯水,丙酮,A,,接口直采,1,2026/9/18 12:50:25
单选题,下列哪种物质与乙醇混溶时易发生爆炸？,盐酸,乙醚,高氯酸,丙酮,C,,接口直采,1,2026/9/18 12:50:25
单选题,下列哪种物质组合起来对β射线屏蔽效果最好？,铅（内层）＋有机玻璃（外层）,铜（内层）＋铅（外层）,铁（内层）＋有机玻璃（外层）,有机玻璃（内层）＋铅（外层）,D,,接口直采,1,2026/9/18 12:50:16
单选题,下列哪种药品（试剂）在使用时不用注意干燥防潮？,二氧化硅,锂,碳化钙,磷化钙,A,,接口直采,1,2026/9/18 12:50:25
单选题,下列那一项不是发生爆炸的基本因素？,温度,压力,湿度,着火源,C,,接口直采,1,2026/9/18 12:50:32
单选题,下列气体须在通风橱内进行操作的是：( ),硫化氢,氟化氢,氯化氢,以上都是,D,,接口直采,2,2026/9/18 12:50:28
单选题,下列实验操作中，说法正确的是：( ),可以对容量瓶、量筒等容器加热,"在通风橱操作时, 可将头伸入通风柜内观察",非一次性防护手套脱下前必须冲洗干净，而一次性手套时须从后向前把里面翻出来脱下后再扔掉,可以抓住塑料瓶子或玻璃瓶子的盖子搬运瓶子,C,,接口直采,1,2026/9/18 12:50:28
单选题,下列实验室操作及安全的叙述，正确的是？,实验后所取用剩余的药品应小心倒回原容器，以免浪费。,当强碱溶液溅出时，可先用大量的水稀释后再处理。,温度计破碎流出的汞，宜洒上盐酸使反应为氯化汞后再弃之。,以上都是,B,,接口直采,1,2026/9/18 12:50:21
单选题,下列实验室操作及安全的叙述哪个是正确的？,嗅闻气体的气味时，应将鼻子和容器保持20公分以上的距离，并且不可用手挥引气体,当强碱溶液溅出时，可先用大量的水稀释后再处理,温度计破碎流出的汞，宜洒上盐酸使其反应为氯化汞后再弃之,实验后所取用剩余的药品应小心倒回原容器，以免浪费,B,,接口直采,1,2026/9/18 12:50:21
单选题,下列试剂哪个不用放在棕色瓶内保藏？,硫酸亚铁,高锰酸钾,亚硫酸钠,硫酸钠,D,,接口直采,1,2026/9/18 12:50:25
单选题,下列属于有毒气体的是：（）,二氧化碳,氢气,氮气,氰化氢,D,,接口直采,1,2026/9/18 12:50:23
单选题,下列说法错误的是：( ),丙酮、乙醇都有较强的挥发性和易燃性，二者都不能在任何有明火的地方使用,丙酮会对肝脏和大脑造成损害，因此避免吸入丙酮气体,强酸强碱等不能与身体接触,弱酸弱碱在使用中可以与身体接触,D,,接口直采,1,2026/9/18 12:50:25
单选题,下列说法错误的是：（）,丙酮、乙醇都有较强的挥发性和易燃性，二者都不能在任何有明火的地方使用,丙酮会对肝脏和大脑造成损害，因此应避免吸入丙酮气体,强酸强碱等不能与身体接触,弱酸弱碱在使用中可以与身体接触,D,,接口直采,1,2026/9/18 12:50:25
单选题,下列物质，对震动敏感的是：（）,硫酸钡,硫磺,白磷,硝酸钠,D,,接口直采,1,2026/9/18 12:50:25
单选题,下列物质不属于剧毒物的是：( ),碘甲烷、丙腈,氯乙酸、丙烯醛,五氯苯酚、铊,硫酸钡,D,,接口直采,1,2026/9/18 12:50:25
单选题,下列物质对震动敏感的是：（）,硫酸钡,硫黄,硝酸钠,白磷,C,,接口直采,1,2026/9/18 12:50:25
单选题,下列物质无毒的是：( ),乙二醇,硫化氢,乙醇,甲醛,C,,接口直采,1,2026/9/18 12:50:25
单选题,下列物质应避免与水接触以免发生危险的是：( ),氯化钠,氯化钙,四氢化铝,硫酸钙,C,,接口直采,1,2026/9/18 12:50:25
单选题,下列线路的敷设方式中，正确的是：（）,架空敷设时选用电缆桥架。,电缆沟敷设时沟内应填充混凝土并设置有效的排水措施。,当爆炸环境中气体、蒸气的密度比空气重时，电气爲路应架空敷设。,当爆炸环境中气体、蒸气的密度比空气轻时，电气爲路敷设在较高处或用电缆沟敷设。,A,,接口直采,1,2026/9/18 12:50:37
单选题,下列叙述中正确的是( )。,计算机病毒只感染可执行文件,只感染文本文件,只能通过软件复制的方式进行传,可以通过读写磁盘或者网络等方式进行传播,D,,接口直采,1,2026/9/18 12:50:42
单选题,下列选项中属于防爆的措施有：( ),防止形成爆炸性混合物的化学品泄漏,控制可燃物形成爆炸性混合物,消除火源、安装检测和报警装置,以上都是,D,,接口直采,1,2026/9/18 12:50:32
单选题,下面并不能有效预防病毒的方法是（ ）。,尽量不使用来路不明的U盘,使用别人的U盘时，先将该U盘设置为只读,使用别人的U盘时，先将该U盘用防病毒软件杀毒,别人要拷贝自己的U盘上的东西时，先将自己的U盘设置为只读,B,,接口直采,1,2026/9/18 12:50:42
单选题,下面关于防火墙说法正确的是（ ）。,防火墙必须由软件以及支持该软件运行的硬件系统构成,防火墙的功能是防止把网外未经授权的信息发送到内网,任何防火墙都能准确的检测出攻击来自哪一台计算机,防火墙的主要支撑技术是加密技术,A,,接口直采,1,2026/9/18 12:50:42
单选题,下面哪些物质彼此混合时，不容易引起火灾？,活性炭与硝酸铵,金属钾、钠和煤油,磷化氢、硅化氢、烷基金属、白磷等物质与空气接触,可燃性物质（木材、织物等）与浓硫酸,B,,接口直采,1,2026/9/18 12:50:25
单选题,下面哪组溶剂不属易燃类液体？,甲醇、乙醇,四氯化碳、乙酸,乙酸丁酯、石油醚,丙酮、甲苯,B,,接口直采,1,2026/9/18 12:50:25
单选题,下面所列试剂不用分开保存的是：( ),乙醚与高氯酸,苯与过氧化氢,丙酮与硝基化合物,浓硫酸与盐酸,D,,接口直采,1,2026/9/18 12:50:25
单选题,下面为预防计算机病毒，不正确的做法是（ ）。,一旦计算机染上病毒，立即格式化磁盘,尽量不要让他人使用自己的计算机，尤其是不能让其带他的程序盘来运行,不轻易下载不明的软件,要经常备份重要的数据文件,A,,接口直采,1,2026/9/18 12:50:42
单选题,现场心肺复苏操作首要步骤是：（）,心前区叩击,开放气道，保持呼吸道通畅,口对口人工呼吸,胸外心脏按压,B,,接口直采,1,2026/9/18 12:50:15
单选题,现代主动安全防御的主要手段是()。,探测、预警、监视、警报,嘹望、烟火、巡更、敲梆,调查、报告、分析、警报,以上都不对,A,,接口直采,1,2026/9/18 12:50:42
单选题,箱式电阻炉（马弗炉）使用过程中，当温度降至（）以下，才可以打开炉门。,200℃,300℃,400℃,500℃,A,,接口直采,1,2026/9/18 12:50:38
单选题,箱式电阻炉使用过程中，当炉温升至（ ）以上后，不得打开炉门进行快速冷却，以免烧坏炉衬和电热元件。,200℃,400℃,550℃,820℃,B,,接口直采,1,2026/9/18 12:50:37
单选题,箱式电阻炉使用过程中，当温度升至多少度以上后，不得打开炉门进行激烈冷却，以免烧坏炉衬和电热元件?,200℃,400℃,550℃,800℃,A,,接口直采,1,2026/9/18 12:50:38
单选题,向境外提供重要数据的，由哪个部门制定管理办法？,公安机关,国家网信部门会同有关部门,地方政府,企业自行决定,B,,接口直采,1,2026/9/18 12:50:42
单选题,向有限的空间输入超长的字符串是哪一种攻击手段?( ),缓冲区溢出,网络监听,拒绝服务,IP欺骗,A,,接口直采,1,2026/9/18 12:50:42
单选题,消除静电的方法有：（）,接触安全区内的金属接地棒,在手腕上佩戴接地腕带,穿着专用的防静电鞋、防静电工作服,以上均是,D,,接口直采,1,2026/9/18 12:50:18
单选题,消息认证的内容不包括（ ）。,证实消息发送者和接收者的真实性,消息内容是否曾受到偶然或有意的篡改,消息语义的正确性,消息的序号和时间,C,,接口直采,1,2026/9/18 12:50:42
单选题,小型试件在振动台面上进行振动环境试验时，采用以下哪种定位方式：（）,用胶带粘在振动台面上,用不少于3个螺钉牢固地固定在台面上,用502胶粘在振动台台面上,以上都不是,B,,接口直采,1,2026/9/18 12:50:37
单选题,新进人的动物应进行检疫隔离，兔、猫、犬地区性检防疫隔离时间为（）天。,10∼20,20∼30,30∼40,40∼50,B,,接口直采,1,2026/9/18 12:50:35
单选题,新进入的动物应进行检疫隔离，非人灵长类地区性检防疫隔离时间为（）天。,10∼20,20∼30,30∼50,40∼60,D,,接口直采,1,2026/9/18 12:50:35
单选题,新进入的动物应进行检疫隔离，小鼠、大鼠、沙土鼠、金黄地鼠和豚鼠地区性检防疫隔离时间为（）天。,2∼5,4∼10,5∼15,11∼20,C,,接口直采,1,2026/9/18 12:50:35
单选题,新砂轮安装时一般应经过二次（），以防产生震动和碎裂。,对刀,动平衡,磨削,以上都是,B,,接口直采,1,2026/9/18 12:50:37
单选题,胸外心脏按压频率为（）。,60次／min,80次／min,100次／min,120次／min,C,,接口直采,1,2026/9/18 12:50:15
单选题,溴灼伤处理方法的正确顺序是（）。①送医院；②用大量水冲洗；③用乙醇擦至灼伤处为白色。,③②①,②①③,③①②,②③①,D,,接口直采,1,2026/9/18 12:50:15
单选题,须避光保存的危险化学品及其所配制的试剂，均应按要求用（）容器（瓶）保存，或用深色纸包裹。,白色,红色,棕色,透明,C,,接口直采,1,2026/9/18 12:50:25
单选题,需要你将硫酸、氢氟酸、盐酸和氢氧化钠各一瓶从化学品柜搬到通风橱内，正确的方法是：( ),硫酸和盐酸同一次搬运，氢氟酸和氢氧化钠同一次搬运,硫酸和氢氟酸同一次搬运，盐酸和氢氧化钠同一次搬运,硫酸和氢氧化钠同一次搬运，盐酸和氢氟酸同一次搬运,硫酸和盐酸同一次搬运，氢氟酸、氢氧化钠分别单独搬运,D,,接口直采,1,2026/9/18 12:50:25
单选题,需要深埋处理，即需要埋在大约深几十米到几百米之间处置的放射性废物是：（）,极低放废物,低放废物,中放废物,高放废物,C,,接口直采,1,2026/9/18 12:50:16
单选题,需要在动物体上从事对人体和环境有中等危害或具有潜在危险的致病因子相关实验活动的，应当在符合动物实验室生物安全国家标准的（）实验室进行。,I级及以上,II级及以上,III级及以上,IV级,B,,接口直采,1,2026/9/18 12:50:35
单选题,需要在动物体上从事可通过呼吸途径使人感染，导致严重的、甚至是致死性疾病的感染性材料相关实验活动的，应当在符合动物实验室生物安全国家标准的（）实验室进行。,I级及以上,II级及以上,III级及以上,IV级,C,,接口直采,1,2026/9/18 12:50:35
单选题,需要在动物体上从事可通过气溶胶途径传播实验室感染和致命疾病的高度危险性相关实验活动的，应当在符合动物实验室生物安全国家标准的（）实验室进行。,I级及以上,II级及以上,III级及以上,IV级,D,,接口直采,1,2026/9/18 12:50:35
单选题,需要在工作后脱下所有防护服，淋浴后再离去的是（）实验室。,I级生物安全防护,II级生物安全防护,III级生物安全防护,IV级生物安全防护,D,,接口直采,1,2026/9/18 12:50:35
单选题,许多黑客攻击都是利用软件实现中的缓冲区溢出的漏洞，对于这一威胁，最可靠的解决方案是什么?( ),安装防火墙,安装入侵检测系统,给系统安装最新的补丁,安装防病毒软件,C,,接口直采,1,2026/9/18 12:50:42
单选题,旋桨流速仪传感器应该特别小心的部位是：（ ）,特殊情况可以,杆部,尾部接口,尾部套口,A,,接口直采,1,2026/9/18 12:50:37
单选题,旋桨流速仪实验结束后应该如何放置？,平放,竖放,头部悬空,尾部悬空,C,,接口直采,1,2026/9/18 12:50:37
单选题,学生参与试验时，是否可以驾驶试验车辆？,不允许,有驾驶证者才可以,指导教师批准者可以,有他人监督时才可以,A,,接口直采,1,2026/9/18 12:50:37
单选题,学生进行各类实验或实习的过程中，保证学生安全的直接责任人是（）。,现场指导教师,系安全负责人,安全员,中心主任,A,,接口直采,1,2026/9/18 12:50:27
单选题,学生进行各类实验或实习的过程中，当对设备操作有疑问请教同学时，被请教同学正确的做法是：（）,根据自己的理解给同学做讲解,让同学请教老师来解决疑问,以上都对,以上都不对,B,,接口直采,1,2026/9/18 12:50:38
单选题,学校对危险化学废物的处理的工作原则是：( ),自行处理,分类收集、定点存放、专人管理、集中处理,当作生活垃圾处理,以上都不对,B,,接口直采,1,2026/9/18 12:50:20
单选题,血管出血速度快、量多、危害性大。,动脉,静脉,毛细血管,外周血管,A,,接口直采,1,2026/9/18 12:50:15
单选题,压力表刻度盘上刻有的红线表示什么？（）,最低工作压力,最高工作压力,中间工作压力,最适合工作压力,B,,接口直采,1,2026/9/18 12:50:30
单选题,压力容器常用的泄压装置是：（）,安全阀和压力表,安全阀和防爆片,温度计和防爆片,以上都不是,B,,接口直采,1,2026/9/18 12:50:30
单选题,压力容器的安全阀的检验周期是：（）,每半年检验一次,每年检验一次,每两年检验一次,每年检验三次,B,,接口直采,1,2026/9/18 12:50:30
单选题,压力容器的压力表的检验周期是：（）,每半年检验一次,每年检验一次,每两年检验一次,每年检验三次,A,,接口直采,1,2026/9/18 12:50:30
单选题,压力越（），爆炸（）限显著增加，爆炸危险性增加。,高、上,高、下,低、上,低、下,A,,接口直采,1,2026/9/18 12:50:32
单选题,烟头的中心温度大概是多少度：（ ）,200～300℃,400～500℃,700～800℃,900～1000℃,C,,接口直采,1,2026/9/18 12:50:32
单选题,研究用的大多数物种的实验动物是过敏症的源头，多数对实验动物过敏症的从业者一般会在多长时间内出现过敏症状？,1年内,1～2年内,2～3年,3～4年,B,,接口直采,1,2026/9/18 12:50:35
单选题,盐酸、甲醛溶液、乙醚等易挥发试剂应如何合理存放？,和其它试剂混放,放在冰箱中,分类存放在干燥通风处,放在密闭的柜子中,C,,接口直采,1,2026/9/18 12:50:25
单选题,氧气钢瓶不得与下列哪种钢瓶混合存放：（）,乙炔钢瓶,氩气钢瓶,氮气钢瓶,液化钢瓶,A,,接口直采,1,2026/9/18 12:50:23
单选题,氧气气体瓶的外表颜色是：（）,大红色,绿色,蓝色,黑色,C,,接口直采,1,2026/9/18 12:50:23
单选题,氧气气体瓶的字体颜色是：（）,红色,白色,蓝色,黑色,D,,接口直采,1,2026/9/18 12:50:23
单选题,药品汞旁可放（）备用，发生遗撒时可迅速补救。,硫粉,锌粉,煤粉,石灰粉,A,,接口直采,1,2026/9/18 12:50:15
单选题,药品中毒的途径有哪些？,呼吸器官吸入,由皮肤渗入,吞入,以上都是,D,,接口直采,1,2026/9/18 12:50:25
单选题,要安全浏览网页，不应该( )。,在他人计算机上使用“自动登录”和“记住密码”功能,禁止使用Active(X)控件和Java 脚本,定期清理浏览器Cookies,定期清理浏览器缓存和上网历史记录,A,,接口直采,1,2026/9/18 12:50:42
单选题,一般电气设备铭牌上的电压和电流的数值是：（）,最大值,最小值,有效值,平均值,C,,接口直采,1,2026/9/18 12:50:37
单选题,一般将闪点在25℃以下的化学试剂列入易燃化学试剂，它们多是极易挥发的液体。以下哪种物质不是易燃化学试剂？,乙醚,苯,甘油,汽油,C,,接口直采,1,2026/9/18 12:50:25
单选题,一般认为，人体摆脱电流为（）左右。,1mA,10mA,50mA,100mA,B,,接口直采,1,2026/9/18 12:50:37
单选题,一般认为，人体感知电流为（）左右。,1mA,10mA,50mA,100mA,A,,接口直采,1,2026/9/18 12:50:37
单选题,一般认为，人体致命电流为（）左右。,1mA,10mA,50mA,100mA,C,,接口直采,1,2026/9/18 12:50:37
单选题,一般无机酸、碱液和稀硫酸不慎滴在皮肤上时，正确的处理方法是：( ),用酒精棉球擦,不作处理，马上去医院,用水直接冲洗,用碱液中和后，用水冲洗,C,,接口直采,1,2026/9/18 12:50:15
单选题,一般性的计算机安全事故和计算机违法案件可由( )受理。,案发地市级公安机关公共信息网络安全监察部门,案发地当地县级(区、市)公安机关治安部门,案发地当地县级(区、市)公安机关公共信息网络安全监察部门,案发地当地公安派出所,C,,接口直采,1,2026/9/18 12:50:42
单选题,一本实验原始记录本被细菌污染，适宜的消毒方法是：（）,干烤,高压蒸汽灭菌法,75％酒精浸泡,紫外线照射,D,,接口直采,1,2026/9/18 12:50:35
单选题,一旦出现实验动物生物安全性的问题，首先必须向学校哪个机构报告？,保卫处,校医院,校长办公室,实验动物突发事件应急小组,D,,接口直采,1,2026/9/18 12:50:35
单选题,一个放射源，其半衰期为10天。30天后，其活度为初始时的（）,1,1/8,1/16,1/32,B,,接口直采,1,2026/9/18 12:50:16
单选题,医学检验专业教学实验室要至少满足生物安全（）实验室的建设标准。,I级,II级,III级,IV级,B,,接口直采,1,2026/9/18 12:50:35
单选题,医学与医学生物学动物实验室的实验人员应（）至少进行一次健康检查。,每年,每半年,每3个月,每2年,A,,接口直采,1,2026/9/18 12:50:35
单选题,医学与医学生物学动物实验室的首要安全风险是：（）,实验人员安全,实验动物安全,实验试剂安全,实验仪器安全,B,,接口直采,1,2026/9/18 12:50:35
单选题,医学与医学生物学教学实验室要建立规范的岗前安全培训和（），对进入实验室的教师必须进行安全技能和操作规范培训，未经相关安全教育并取得合格成绩者不得进入教学实验室工作。,安全准入制度,安全学习制度,安全考核制度,安全教育制度,A,,接口直采,1,2026/9/18 12:50:35
单选题,医学与医学生物学教学实验室助教一般应至少先要完成（）量的实验教学训练才能带领学生开展实验活动。,同等,2倍,3倍,10倍,C,,接口直采,1,2026/9/18 12:50:35
单选题,医学与医学生物学实验室安全的首要原则是：（）,安全与科研两手都要抓、两手都要硬,科研第一、安全先行,安全第一、预防为主,预防第一、实验第二,C,,接口直采,1,2026/9/18 12:50:35
单选题,医学与医学生物学实验室安全管理的制度包括：一般安全管理制度、应急预案及安全事故处理制度和：（）,定期安全报告制度,全员安全准入制度,全员负责制度,对外安全责任制度,D,,接口直采,1,2026/9/18 12:50:35
单选题,医学与医学生物学实验室中的信息安全必须注重维护人体解剖学遗体捐献者信息、卫生统计学和（）信息（包括人类族群特殊信息）等医学伦理相关信息的安全。,.安全检查数据,遗传学,实验工作者,工作环境,B,,接口直采,1,2026/9/18 12:50:35
单选题,仪器设备三级保养主要内容是：（）,清洁、润滑、及时紧固易松动的零件，调整活动部分的间隙，检查零件、部件的完整,普遍进行拧紧、清洁、润滑、紧固,内部清洁、润滑，局部解体检查和调整,对设备主体部分进行解体检查和调整工作，必要时对达到规定磨损限度的零件加以更换,D,,接口直采,1,2026/9/18 12:50:38
单选题,乙醇的毒性级别是：（ ）,高毒,中等毒性,低毒,微毒,D,,接口直采,1,2026/9/18 12:50:25
单选题,乙醇的毒性级别是：（）,微毒,低毒,中等,高毒,A,,接口直采,1,2026/9/18 12:50:25
单选题,乙级非密封源工作场所日等效最大操作量为：（）,>4×10^9,2×10^7∼4×10^9,豁免活度值以上至2×10^7,豁免活度值以下,B,,接口直采,1,2026/9/18 12:50:16
单选题,乙醛易聚合，开瓶后可适量加入：（）,甲酸,甲醇,乙酸,乙醇,D,,接口直采,1,2026/9/18 12:50:25
单选题,以甲醛熏蒸法进行消毒，在准备消毒剂过程中，盛放药品的容器应尽量大一些，盛高锰酸钾的容器容积不宜小于甲醛溶液体积的（）倍，并要求耐腐蚀、耐热，尤其是在高温季节，否则易引起火灾。,4,6,8,10,A,,接口直采,1,2026/9/18 12:50:28
单选题,以甲醛熏蒸法进行消毒时，以消毒房间容积计算消毒药品用量，公式为：甲醛溶液用量＝（=()ml×房间容积(m^3)；高锰酸钾用量=20g×房间容积(m^3)。,10,20,40,60,C,,接口直采,1,2026/9/18 12:50:28
单选题,以网络为本的知识文明人们所关心的主要安全是( ),人身安全,社会安全,信息安全,,C,,接口直采,1,2026/9/18 12:50:42
单选题,以下（）出血最具危险性，如不及时处理将造成生命危险。,毛细血管出血,静脉出血,动脉出血,以上都是,C,,接口直采,1,2026/9/18 12:50:15
单选题,以下（）症状应判断为伤者无呼吸。,感受伤者口鼻处空气进出较弱,胸部有起伏,感到伤者呼吸急促,胸部有起伏，但口鼻处感受不到空气进出,D,,接口直采,1,2026/9/18 12:50:15
单选题,以下不采用“五双”管理的是：（）,易制爆危险化学品,剧毒化学品,第二类易制毒化学品,第一类精神药品,C,,接口直采,1,2026/9/18 12:50:25
单选题,以下不是危害臭氧层的物质是：（）,四氯化碳,三氯乙烷,一氧化碳,氟氯烃,C,,接口直采,1,2026/9/18 12:50:25
单选题,以下不是压力容器安全指标的是：（）,压力,容积,产品品牌,介质特性,C,,接口直采,1,2026/9/18 12:50:30
单选题,以下不属于《危险化学品安全管理条例》规定的危险化学品的是（）,浓硝酸,乙炔,氯气,放射性同位素,D,,接口直采,1,2026/9/18 12:50:25
单选题,以下不属于爆炸品的是：（）,三硝基甲苯,枪弹,苦味酸,液氮,D,,接口直采,1,2026/9/18 12:50:25
单选题,以下不属于化学爆炸的特点的是（）,反应速度极快,放出大量的热,产生大量的气体,不可避免,D,,接口直采,1,2026/9/18 12:50:25
单选题,以下不属于局部排风设备的是：（）,生物安全柜,排风柜,高压蒸汽灭菌器,排风罩,C,,接口直采,1,2026/9/18 12:50:27
单选题,以下不属于培养样本的设备仪器的是：（）,培养箱,生物安全柜,发酵罐,天平,D,,接口直采,1,2026/9/18 12:50:38
单选题,以下不属于气体的危险特性的是：（）,物理性、化学性爆炸,易燃性,挥发性,腐蚀性和毒害性,C,,接口直采,1,2026/9/18 12:50:23
单选题,以下不属于实验室盗窃事故发生的主要原因的是：（）,防盗安全意识淡薄,实验室进出无安全审核制度,安全管理体制不完善，安全责任不明,实验室地理位置的原因,D,,接口直采,1,2026/9/18 12:50:27
单选题,以下不属于实验室废气的是：（）,挥发性的化学试剂产生的有毒有害气体,细菌病毒实验中形成的含生物气溶胶的气体,实验室新风系统补充的空气,实验动物饲养、实验中产生的混浊气体,C,,接口直采,1,2026/9/18 12:50:20
单选题,以下不属于实验室加热设备的是：（）,水浴锅,烘箱,离心机,电吹风机,C,,接口直采,1,2026/9/18 12:50:38
单选题,以下不属于实验室使用加热设备的注意事项的是：（）,配备相应的防护设施,制定相应的应急预案,仪器使用过程中可离开,配置现场急救用品和消防设施,C,,接口直采,1,2026/9/18 12:50:38
单选题,以下不属于实验室危险废物的危险特性的是：（）,腐蚀性,不可再生性,易燃性,感染性,B,,接口直采,1,2026/9/18 12:50:20
单选题,以下不属于外界条件对设备仪器影响的风险因素的是：（）,操作人员对设备仪器的操作熟练程度,设备的使用年限,设备仪器的维护保养和运行管理制度,停电、停水等对设备仪器运行的影响,B,,接口直采,1,2026/9/18 12:50:38
单选题,以下不属于网络行为规范的是( ),不应未经许可而使用别人的计算机资源,不应用计算机进行偷窃,不应干扰别人的计算机工作,可以使用或拷贝没有受权的软件,D,,接口直采,1,2026/9/18 12:50:42
单选题,以下不属于维护网络安全的行为是：（）,不在实验室区域拷贝或者从互联网上下载、安装来历不明的软件、游戏等与工作无关的软件,密码设置尽可能使用字母、数字混排且定期更换,收到来历不明的电子邮件及文件及时打开查看,使用正版操作系统和操作软件并及时下载安装系统补丁程序,C,,接口直采,1,2026/9/18 12:50:33
单选题,以下不属于消防设备的是：（）,区域报警器,普通电梯,自动喷淋器,消火栓,B,,接口直采,1,2026/9/18 12:50:32
单选题,以下不属于校级管理部门的安全责任的是：（）,完善危险品安全管理组织框架、工作体系,开展危险化学品安全管理工作的宣传、培训,记录危险化学品使用台账,开展危险化学品安全综合检查,C,,接口直采,1,2026/9/18 12:50:27
单选题,以下不属于易燃固体的是：（）,磷,干冰,硫磺粉,固体镁,B,,接口直采,1,2026/9/18 12:50:25
单选题,以下不属于易燃气体的是：（）,氢气,氧气,甲烷,乙烷气,B,,接口直采,1,2026/9/18 12:50:23
单选题,以下不属于有毒气体的是：（）,氯气,溴化氢,硫化氢,氩气,D,,接口直采,1,2026/9/18 12:50:23
单选题,以下对报警电话描述错误的是：（）,119报警电话是免费的,发生火灾时任何人都可以拨打119,为了演练，平时可以拨打119,发生火灾后应及时拨打报警电话并通知相关负责人,C,,接口直采,1,2026/9/18 12:50:32
单选题,以下对放射性垃圾的安全管理不正确的是：( ),允许非放射性垃圾混入放射性垃圾,将放射性垃圾放入专用容器收集、包装、储存，由专业部门统一回收处理,严禁放射性垃圾放入非放射性垃圾,放射性垃圾和非放射性垃圾必须分开放置,A,,接口直采,1,2026/9/18 12:50:16
单选题,以下对网络空间的看法，正确的是（ ）。,网络空间虽然与现实空间不同，但同样需要法律,网络空间是虚拟空间，不需要法律,网络空间与现实空间分离，现实中的法律不适用于网络空间,网络空间是一个无国界的空间，不受法律约束,A,,接口直采,1,2026/9/18 12:50:42
单选题,以下符合急救与防护“四先四后”原则的是：( ),先抢后救,先轻后重,先缓后急,先病后伤,A,,接口直采,1,2026/9/18 12:50:15
单选题,以下符合网络道德规范的是（ ）。,利用计算机网络窃取学校服务器上的资源,私自删除其他同学计算机上的文件,不使用盗版软件,在网络上测试自己编写的计算机模拟病毒,C,,接口直采,1,2026/9/18 12:50:42
单选题,以下汞泄漏处理方法，不合理的为：（）,对于可见的汞球，可以用毛刷轻轻扫动集中，然后用铁铲或者硬纸铲起收集在容器中,使用表面光滑的金属锌丝进行吸附,使用细焊锡丝或者保险丝，经过多次对折做成麻花状，用5％左右的稀盐酸活化并晾干后吸附,用水稀释，冲洗,D,,接口直采,1,2026/9/18 12:50:20
单选题,以下关于防火墙的说法，正确的是（ ）,防火墙只能检查外部网络访问内网的合法性,只要安装了防火墙，则系统就不会受到黑客的攻击,防火墙的主要功能是查杀病毒,防火墙虽然能够提高网络的安全性，但不能保证网络绝对安全,D,,接口直采,1,2026/9/18 12:50:42
单选题,以下关于在电子显微镜实验室的相关安全操作，不正确的是？,在实验室没人时严禁开吹风机，严禁吹风机工作过夜,食物和饮料等不得带进电子显微镜设备间,仪器出现故障时，可先自行检查、解决问题，实在解决不了再联系管理员或者工程师,遇到危急情况时，应先保证自身安全，及时撤离现场并报警,C,,接口直采,1,2026/9/18 12:50:35
单选题,以下关于DOS攻击的描述，哪句话是正确的?( ),不需要侵入受攻击的系统,以窃取目标系统上的机密信息为目的,导致目标系统无法处理正常用户的请求,如果目标系统没有漏洞，远程攻击就不可能成功,C,,接口直采,1,2026/9/18 12:50:42
单选题,以下化学品受潮后会燃烧的是：（）,氢氧化钠,高锰酸钾,金属钠,硝酸,C,,接口直采,1,2026/9/18 12:50:25
单选题,以下化学品相互混合会引发爆炸的组合为：（）,过氧化物和镁,硫酸和盐酸,氢氧化钠和溴,钠和煤油,A,,接口直采,1,2026/9/18 12:50:25
单选题,以下化学品遇硫酸会发生爆炸的是：（）,高锰酸钾,铁,氢氧化钙,氢氧化钠,A,,接口直采,1,2026/9/18 12:50:25
单选题,以下化学品在空气中会自燃的是：（）,丙酮,石油醚,甲苯,三丁基铝,D,,接口直采,1,2026/9/18 12:50:25
单选题,以下机关、团体、企业、事业单位的消防安全职责，不正确的是：（）,组织防火检查，及时消除火灾隐患,制定消防安全制度、消防安全操作规程,不需对职工进行消防宣传教育,按照国家有关规定配置消防设施和器材，设置消防安全标志，并定期组织检验，确保消防设施和器材完好有效,C,,接口直采,1,2026/9/18 12:50:32
单选题,以下几种气体中，无毒的气体为：( ),氧气,一氧化碳,硫化氢,氰化氢,A,,接口直采,1,2026/9/18 12:50:25
单选题,以下几种气体中，有毒的气体为：( ),氧气,氮气,氯气,二氧化碳,C,,接口直采,1,2026/9/18 12:50:25
单选题,以下几种气体中，最毒的气体为：( ),氯气,光气（COCL2）,二氧化硫,三氧化硫,B,,接口直采,1,2026/9/18 12:50:25
单选题,以下均为洁净室中悬浮粒子的来源，其中，最主要的是（）,进入洁净室的人和物携带,人员在洁净室内进行实验时产生,建筑和设备产尘,,B,,接口直采,1,2026/9/18 12:50:40
单选题,以下哪个不是减少电磁辐射的方法？,用布覆盖辐射源,对辐射源进行屏蔽,辐射源远离敏感物体或人,尽量缩短处于辐射区的时间,A,,接口直采,1,2026/9/18 12:50:16
单选题,以下哪个机构作为学校辐射安全与防护管理领导小组的办事机构，归口具体负责全校辐射安全管理工作？,安全委员会,技术安全办公室,辐射防护办公室,保卫处,C,,接口直采,1,2026/9/18 12:50:16
单选题,以下哪个药品（试剂）在使用时不用注意干燥防潮？,锂,碳化钙,磷化钙,二氧化硅,D,,接口直采,1,2026/9/18 12:50:25
单选题,以下哪项不是呼吸、心跳停止的表现?,意识忽然丧失,颈动脉搏动不能触及,面色苍白转而紫绀,瞳孔缩小,D,,接口直采,1,2026/9/18 12:50:15
单选题,以下哪项不属于防止口令猜测的措施?()。,严格限定从一个给定的终端进行非法认证的次数,确保口令不在终端上再现,防止用户使用太短的口令,使用机器产生的口令,B,,接口直采,1,2026/9/18 12:50:42
单选题,以下哪种情况不属于“较大网络安全事件”？,泄露100万人以上个人信息,CII主要功能中断30分钟,造成500万元经济损失,地市级网站瘫痪2小时,B,,接口直采,1,2026/9/18 12:50:42
单选题,以下哪种酸具有强腐蚀性，使用时须做必要防护：( ),硝酸,硼酸,稀醋酸,,A,,接口直采,1,2026/9/18 12:50:25
单选题,以下哪种物品属于利器？（）,针头,刀片,载玻片和盖玻片,以上都是,D,,接口直采,1,2026/9/18 12:50:35
单选题,以下哪种物质不会灼伤皮肤？,强碱、强酸,强氧化剂,溴,KBr、NaBr水溶液,D,,接口直采,1,2026/9/18 12:50:25
单选题,以下设备不属于核磁设备组成的是：（）,磁体,机柜,液氮罐,探头,C,,接口直采,1,2026/9/18 12:50:16
单选题,以下实验室用电的注意事项错误的是：（）,实验前先检查用电设备，再接通电源,离开实验室或遇突然断电，应关闭电源,如仪器附近没有电源，可将电源线放置在通道上,做完实验或离开实验室要及时断电,C,,接口直采,1,2026/9/18 12:50:18
单选题,以下实验室用水注意事项中正确的是：（）,实验室产生的废酸可直接倒入下水道处理,实验用水包括自来水、蒸馏水和纯水,三级和四级生物安全实验室污染区的废水可以直接排入室外排水管网,含辐射物质类污水可以直接排放,B,,接口直采,1,2026/9/18 12:50:18
单选题,以下是废旧化学试剂处理注意事项的是：（）,在原瓶中存放并注明是废旧试剂,保持标签清晰,有利用价值的可以调剂给其他实验室使用,以上均是,D,,接口直采,1,2026/9/18 12:50:20
单选题,以下是酸灼伤的处理方法，其顺序为：( ) ①以1～2％NaHCO3溶液洗。 ②立即用大量水洗 ③送医院,①③②,②①③,③①②,③②①,B,,接口直采,1,2026/9/18 12:50:15
单选题,以下是溴灼伤处理方法，其顺序为：( ) ①送医院 ②立即用大量水洗 ③用乙醇擦至灼伤处为白色。,②③①,②①③,③②①,①②③,A,,接口直采,1,2026/9/18 12:50:15
单选题,以下属于保存样本的仪器设备的是：（）,超净工作台,离心机,冰箱,超声波清洗器,C,,接口直采,1,2026/9/18 12:50:38
单选题,以下属于实验室公共消防设施的有：（）,火灾自动报警系统,自动灭火系统,应急广播和应急照明,以上均是,D,,接口直采,1,2026/9/18 12:50:32
单选题,以下说法不正确的是：（）,易燃液体是指闪点不高于93℃的液体,易燃液体的蒸气与空气混合能形成爆炸性混合物,乙醚是高闪点液体,溶剂的易燃性取决于它的闪点,C,,接口直采,1,2026/9/18 12:50:25
单选题,以下四项中，（ ）不属于网络信息安全的防范措施。,身份验证,查看访问者的身份证,设置访问权限,安装防火墙,B,,接口直采,1,2026/9/18 12:50:42
单选题,以下物品中，（）可以带入洁净室。,引火源,危险物,颗粒源,以上皆不可以,D,,接口直采,1,2026/9/18 12:50:40
单选题,以下物质中，哪些应该在通风橱内操作?,氢气,氮气,氦气,氯化氢,D,,接口直采,1,2026/9/18 12:50:28
单选题,以下药品按毒性从大到小排序正确的是：( ),甲醛、苯、苯乙烯、丙酮,苯、甲醛、甲苯、丙酮,甲苯、甲醛、苯、丙酮,苯、丙酮、甲苯、甲醛,B,,接口直采,1,2026/9/18 12:50:25
单选题,以下药品按毒性从小到大排序正确的是：（）,丙酮、甲苯、甲醛、苯,甲苯、丙酮、甲醛、苯,丙酮、甲苯、苯、甲醛,甲苯、甲醛、丙酮、苯,A,,接口直采,1,2026/9/18 12:50:25
单选题,以下药品受震或受热可能发生爆炸的是：（）,过氧化物,高氯酸盐,乙炔铜,以上都是,D,,接口直采,1,2026/9/18 12:50:25
单选题,以下药品中，可以与水直接接触的是：( ),金属钠、钾,电石,白磷,金属氢化物,C,,接口直采,1,2026/9/18 12:50:25
单选题,以下液体中，投入金属钠最可能发火燃烧的是：：( ),无水乙醇,苯,水,汽油,C,,接口直采,1,2026/9/18 12:50:25
单选题,以下液体中，投入金属钠最可能发生燃烧的是：（）,无水乙醇,苯,水,汽油,C,,接口直采,1,2026/9/18 12:50:25
单选题,以下有关实验室用电的注意事项中，不正确的是：（）,实验前先检查用电设备，再接通电源；实验结束后，先关仪器设备，再关闭电源,工作人员离开实验室或遇突然断电，应关闭电源，尤其要关闭加热电器的电源开关,电源或电气设备的保险丝烧断后，可以用其他金属导线代替,任何电气设备在未验明无电之前，一律认为是有电的，不能盲目触及,C,,接口直采,1,2026/9/18 12:50:37
单选题,以下有关实验室用电的注意事项中，不正确的是（ ）,实验前先检查用电设备，再接通电源;实验结束后，先关仪器设备，再关闭电源,工作人员离开实验室或遇突然断电，应关闭电源开关,电源或电器设备的保险丝烧断后，可以用其它金属导线代替,,C,,接口直采,1,2026/9/18 12:50:42
单选题,"以下止血方法中,哪种不作为首选应用?",直接压迫止血法,止血点压迫止血法,填塞止血法,止血带止血法,D,,接口直采,1,2026/9/18 12:50:15
单选题,以小鼠、大鼠、地鼠、豚鼠、犬和猴为中间宿主，猫为终末宿主，能够在人与动物之间传染的重要人畜共患病是：（）,狂犬病,弓形虫病,猴B病毒病,流行性出血热,B,,接口直采,1,2026/9/18 12:50:35
单选题,易分解的过氧化氢溶液储存库温需保持在（）以下。,30℃,32℃,25℃,28℃,D,,接口直采,1,2026/9/18 12:50:25
单选题,易挥发的溴素储存库温需保持在（）以下。,25℃,28℃,30℃,32℃,B,,接口直采,1,2026/9/18 12:50:25
单选题,易燃化学试剂存放和使用的注意事项正确是：( ),要求单独存放于阴凉通风处,放在冰箱中时，要使用防爆冰箱,远离火源，绝对不能使用明火加热,以上都是,D,,接口直采,1,2026/9/18 12:50:25
单选题,易燃类液体的特点是：( ),闪点在25℃以下的液体，闪点越低，越易燃烧,极易挥发成气体,遇明火即燃烧,以上都是,D,,接口直采,1,2026/9/18 12:50:25
单选题,易燃气体是指温度20℃、标准大气压101.3kPa时，爆炸下限≤13％，或燃烧范围不小于（）个百分点的气体。,8,12,15,20,B,,接口直采,1,2026/9/18 12:50:32
单选题,易燃液体加热时可以：( ),用电炉加热，有人看管,用电热套加热可不用人看管,用水浴加热，并有人看管,用水浴加热不用人看管,C,,接口直采,1,2026/9/18 12:50:25
单选题,易制爆危化品安全检查制度，安全主管负责人组织相关责任单位，（）对易制爆危化品库开展安全检查。,每月,每半年,每季度,每年,A,,接口直采,1,2026/9/18 12:50:25
单选题,易制爆危险化学品库应（）进行盘库。,每周,每月,每季度,每半年,B,,接口直采,1,2026/9/18 12:50:25
单选题,易制爆危险化学品库应设（）名管理员。,1,2,3,4,B,,接口直采,1,2026/9/18 12:50:25
单选题,易制爆危险化学品入库前须经（）人验收。,1,2,3,4,B,,接口直采,1,2026/9/18 12:50:25
单选题,易制毒化学品采购前需经公安部门批准后办理：（）,危险化学品购买许可证,易制毒化学品购买许可证,危险化学品购买备案证明,易制毒化学品购买备案证明,D,,接口直采,1,2026/9/18 12:50:25
单选题,引起电器线路火灾的原因是：( ),短路,电火花,负荷过载,以上都是,D,,接口直采,1,2026/9/18 12:50:37
单选题,应急危险分析涉及的内容有：（）,危险辨识注意事项、结果和评价,危害辨识与风险评价程序,重大危险源辨识,以上都包括,D,,接口直采,1,2026/9/18 12:50:15
单选题,应急演练结束后应对演练的效果做出评价，并提交演练报告。演练报告必须详细说明的内容是：（）,应急演练的准备,应急演练的策划,应急演练过程中发现的问题,应急预案的结构及内容,C,,接口直采,1,2026/9/18 12:50:15
单选题,应急准备的目标是保持重大事故应急处置所需：（）,应急能力,应急条件,应急安排,应急需要,A,,接口直采,1,2026/9/18 12:50:15
单选题,应如何简单辨认有味的化学药品？,用鼻子对着瓶口去辨认气味,用舌头品尝试剂,将瓶口远离鼻子，用手在瓶口上方扇动，稍闻其味即可,取出一点，用鼻子对着闻,C,,接口直采,1,2026/9/18 12:50:25
单选题,应用下列哪种方法清理机械器具上的油污?,用汽油刷洗,用压缩空气喷,用抹布擦净,以上都不可以,C,,接口直采,1,2026/9/18 12:50:37
单选题,影响网络安全的因素不包括（ ）。,输入的数据容易被篡改,计算机病毒的攻击,IO设备产生的偶发故障,系统对处理数据的功能还不完善,C,,接口直采,1,2026/9/18 12:50:42
单选题,用过的废洗液应如何处理？,可直接倒入下水道,作为废液交相关部门统一处理,可以用来洗厕所,随意处置,B,,接口直采,1,2026/9/18 12:50:20
单选题,用户收到了一封可疑的电子邮件，要求用户提供银行账户及密码，这是属于何种攻击手段? ( ),缓存溢出攻击,钓鱼攻击,暗门攻击,DDOS 攻击,B,,接口直采,1,2026/9/18 12:50:42
单选题,"用灭火器灭火时,灭火器的喷射口应该对准火焰的( )。",上部,中部,根部,顶部,C,,接口直采,1,2026/9/18 12:50:42
单选题,用灭火器灭火时，应对准火焰的哪个部位喷射灭火剂：（）,根部,中部,上部,以上都是,A,,接口直采,1,2026/9/18 12:50:32
单选题,用某种方法把伪装消息还原成原有的内容的过程称为（ ）,消息,密文,解密,加密,C,,接口直采,1,2026/9/18 12:50:42
单选题,用热箱法测构件总传热系数时，冷、热箱的温度应尽可能与构件的使用温度一致，其温差宜高于：（）,5℃,10℃,15℃,20℃,C,,接口直采,1,2026/9/18 12:50:38
单选题,用烧杯加热液体时，液体的量以不超过烧杯容积的（）为宜，以防沸腾时液体外溢。,1/2,1/3,1/4,1/5,B,,接口直采,1,2026/9/18 12:50:21
单选题,用剩的活泼金属残渣的正确处理方法是：( ),连同溶剂一起作为废液处理,在氮气保护下，缓慢滴加乙醇，进行搅拌使所有金属反应完毕后，整体作为废液处理,将金属取出暴露在空气中使其氧化完全,以上都对,B,,接口直采,1,2026/9/18 12:50:20
单选题,用于饲养实验动物或进行动物实验的设施或部门，必须具备什么证明？,实验动物生产许可证,实验动物使用许可证,实验动物环境设施合格证,动物实验使用许可证,B,,接口直采,1,2026/9/18 12:50:35
单选题,用于有机玻璃的粘合的三氯甲烷（氯仿），应注意：（ ）,不可接触人体,可以接触人体,无所谓,特殊情况可以,A,,接口直采,1,2026/9/18 12:50:37
单选题,用于中毒后催吐和洗胃的防护化学药品是：（）,碘伏,75％乙醇,1：5000的高锰酸钾,1％硫酸铜,C,,接口直采,1,2026/9/18 12:50:15
单选题,由于行为人的过失引起火灾，造成严重后果的行为，构成（）。,纵火罪,失火罪,玩忽职守罪,故意杀人罪,B,,接口直采,1,2026/9/18 12:50:32
单选题,有毒有害废液应如何处理？,直接向下水道倾倒,稀释后向下水道倾倒,按生活垃圾处理,分类收集于密闭容器中，粘贴标签待集中处理,D,,接口直采,1,2026/9/18 12:50:20
单选题,有关包扎的表达，错误的是：（）,包扎动作要轻柔，不要触及伤口,包扎松紧要适宜,包扎时要保持伤员体位舒适,包扎方向由近心端向远心端，注意露出肢体末端,D,,接口直采,1,2026/9/18 12:50:15
单选题,有关气体钢瓶的正确使用和操作，以下说法中不正确的是：（）,各种压力表可通用,不可把气瓶内的气体用光，以防重新充气时发生危险,可燃性气瓶应与氧气瓶分开存放,检查减压阀是否关紧，方法是逆时针旋转调压手柄至螺旋杆松动为止,A,,接口直采,1,2026/9/18 12:50:23
单选题,有机废液收集到废液容器的（），其他废液收集到废液容器的（）时，须更换新的废液容器。,1/2 、2/3,2/3 、3/4,3/4、4/5,2/3 、4/5,C,,接口直采,1,2026/9/18 12:50:20
单选题,有机磷杀虫药中毒，在人体分布最多的器官为：（）,心脏,肝脏,肺,大脑,B,,接口直采,1,2026/9/18 12:50:15
单选题,有机物或能与水发生剧烈化学反应的药品着火，应用( ) ，以免扑救不当造成更大损害。,其他有机物灭火,自来水灭火,灭火器或沙子扑灭,以上都是,C,,接口直采,1,2026/9/18 12:50:32
单选题,有人触电时，使触电人员脱离电源的错误方法是：( ),借助工具使触电者脱离电源,抓触电人的手,抓触电人的干燥外衣,切断电源,B,,接口直采,1,2026/9/18 12:50:18
单选题,有效剂量E为人体各组织或器官的当量剂量乘以相应的组织权重因数后的和，有效剂量的：（ ）,单位为J，专有名为希［沃特］（Sv）,单位为J，专有名为戈［瑞］（Gy）,单位为J·kg-1 ，专有名为戈［瑞］（Gy）,单位为J·kg-1，专有名为希［沃特］（Sv）,D,,接口直采,1,2026/9/18 12:50:16
单选题,有些固体化学试剂（如硫化磷、赤磷、镁粉等）与氧化剂接触或在空气中受热、受冲击或磨擦能引起急剧燃烧，甚至爆炸。使用这些化学试剂时，要注意什么：,要注意周围环境湿度不要太高,周围温度一般不要超过30℃，最好在20℃以下,不要与强氧化剂接触,以上都是,D,,接口直采,1,2026/9/18 12:50:25
单选题,有些固体化学试剂接触空气即能发生强烈氧化作用，如黄磷，应如何保存：( ),要保存在水中,放在试剂瓶中保存,用纸包裹存放,放在盒子中,A,,接口直采,1,2026/9/18 12:50:25
单选题,"有异物刺人头部或胸部时,以下哪种急救方法是错误的?",快速送往医院救治,"用毛巾等物将异物固定住,不让其乱动","马上拔出,进行止血",以上都是,C,,接口直采,1,2026/9/18 12:50:15
单选题,遇火灾时（）乘坐电梯逃生。,可以,不可以,视当时情况决定是否,看逃生人流判断是否,B,,接口直采,1,2026/9/18 12:50:32
单选题,"遇水发生剧烈反应,容易产生爆炸或燃烧的化学品是:( )",K、Na、Mg、Ca、Li、AlH3、电石,K、Na、Ca、Li、AlH3、MgO、电石,K、Na、Ca、Li、AlH3、电石,K、Na、Mg、Li、AlH3、电石,C,,接口直采,1,2026/9/18 12:50:25
单选题,遇水容易燃烧爆炸的金属是：（）,铜,铅,铁,钾,D,,接口直采,1,2026/9/18 12:50:32
单选题,原子吸收分光光度计主机电源为“ON”时，如果触摸（）的插座，会因高压电引起触电。,空心阴极灯,实心阴,空心阳极灯,实心阳极灯,C,,接口直采,1,2026/9/18 12:50:38
单选题,运输高致病性病原微生物菌（毒）种或样本须有不少于2人护送，并采取相应的防护措施，以下哪种运输方式目前是不允许的？,城市铁路,飞机,专车,轮船,A,,接口直采,1,2026/9/18 12:50:35
单选题,运营者未按规定进行安全背景审查的，最高可处以多少罚款？,1万元,10万元,50万元,100万元,D,,接口直采,1,2026/9/18 12:50:42
单选题,运营者应当设置什么机构来负责关键信息基础设施的安全保护工作？,财务部门,人力资源部门,专门安全管理机构,市场营销部门,C,,接口直采,1,2026/9/18 12:50:42
单选题,运营者应在发生重大网络安全事件后向哪个部门报告？,仅向保护工作部门报告,仅向公安机关报告,向保护工作部门和公安机关报告,无需报告,C,,接口直采,1,2026/9/18 12:50:42
单选题,在（）年，中国颁布第一个行业标准WS 233-2002《微生物和生物医学实验室生物安全通用准则》，现已修订为WS 233-2017《病原微生物实验室生物安全通用准则》。,2000,2002,2004,2010,B,,接口直采,1,2026/9/18 12:50:35
单选题,在（）年，中国国家质量监督检验检疫总局和国家标准化管理委员会颁布了第1版GB19489-2004《实验室生物安全通用要求》。,2000,2002,2004,2010,C,,接口直采,1,2026/9/18 12:50:35
单选题,在（）年11月12日，由国务院总理签发中华人民共和国国务院令（第424号）公布施行（），使我国病原微生物实验室的管理工作步入法制化管理轨道，对我国防生物威胁和处理紧急卫生事件的建设具有现实的和深远的意义。,2001，《农业转基因生物安全条例》,2003，《病原微生物分类及生物安全管理条例》,2004，《病原微生物实验室生物安全管理条例》,2005，《传染性病原微生物实验室操作条例》,C,,接口直采,1,2026/9/18 12:50:35
单选题,在病原微生物实验室清除污染时可使用新鲜配制的含有效氯（）的次氯酸盐溶液，处理溢出的血液时，有效氯浓度应达到（）。,"1g/L,3g/L","1g/L,5g/L","2g/L,3g/L","2g/L,5g/L",B,,接口直采,1,2026/9/18 12:50:35
单选题,在测量交谈噪声时，若风速较大，则传声器( ),须加风罩,须降低高度,须适当转换方向,须增加高度,A,,接口直采,1,2026/9/18 12:50:38
单选题,在常压条件下加热蒸馏或回流时，液体量不能超过烧瓶容量的：（）,0.25,2/3,1/2,1/5,B,,接口直采,1,2026/9/18 12:50:21
单选题,在冲压过程中，如果工件卡在模子里，操作者正确处理的方法是：（）,直接用手拿,应使用专用工具取,可用手，也可用专用工具取,依据操作习惯,B,,接口直采,1,2026/9/18 12:50:37
单选题,在冲压过程中，如果工件卡在模子里，应如何处理？,直接用手拿,应使用专用工具取出,可用手，也可用专用工具取,用铁棒撬,B,,接口直采,1,2026/9/18 12:50:37
单选题,在冲压过程中，装卸工件时，操作者应注意的问题是：（）,脚应远离脚踏开关,脚应一直放在脚踏开关上,脚踩的位置没要求,以上都不是,A,,接口直采,1,2026/9/18 12:50:37
单选题,在冲压过程中，装卸工件时，应注意什么事项？,脚应离开踏杆,脚可以一直搭在踏杆上，只要不用力,脚可以一直搭在踏杆上，只要不用力,不用注意,A,,接口直采,1,2026/9/18 12:50:37
单选题,在打磨机上操作时，应如何增加或减少压力？,快速,随便,逐步,稳步,C,,接口直采,1,2026/9/18 12:50:37
单选题,在刀具旋转时，不准:（）,用手触摸刀具，但可以翻转工件,用手触摸刀具，但可以夹压工件,用手触摸刀具，但可以测量工件,以上都是,D,,接口直采,1,2026/9/18 12:50:37
单选题,在低压工作中，最小检修距离应不小于：（）,0.1m,0.2m,0.5m,1.0m,A,,接口直采,1,2026/9/18 12:50:37
单选题,在防火墙系统中，防火墙解决不了网络()的安全问题。,外部,DMZ,内部,中间件,C,,接口直采,1,2026/9/18 12:50:42
单选题,在防静电场所，下列哪种行为是正确的：（）,穿防静电服时，必须与防静电鞋配套使用,在防静电服上附加或佩戴金属物件,在易燃易爆场所穿脱防静电服,在有静电发生的场所，可以使用化纤防护用品,A,,接口直采,1,2026/9/18 12:50:37
单选题,在放射性实验室，操作放射性物质的放射性活度在毫居里水平的是：（）,高活性区,中活性区,低活性区,清洁区,A,,接口直采,1,2026/9/18 12:50:16
单选题,在放射性实验室，操作放射性物质的放射性活度在微居里水平的是：（）,高活性区,中活性区,低活性区,清洁区,C,,接口直采,1,2026/9/18 12:50:16
单选题,在放射性实验室，测量室和示踪室均属于（）,高活性区,中活性区,低活性区,清洁区,C,,接口直采,1,2026/9/18 12:50:16
单选题,在放射性实验室，注射室、扫描室、洗涤室均属于（）,高活性区,中活性区,低活性区,清洁区,B,,接口直采,1,2026/9/18 12:50:16
单选题,在放射性实验室，贮源室、核素发生器室、核素分生器室、开瓶分装室、污物处理室均属于（）,高活性区,中活性区,低活性区,清洁区,A,,接口直采,1,2026/9/18 12:50:16
单选题,在放射性同位素储存保管时，易构成外照射的放射性物质应放入专门的（）保险柜内，将发射（）射线、能量较低的同位素放人专门地方。,铜柜式，β,铜柜式，γ,铅砖式，β,铅砖式，γ,C,,接口直采,1,2026/9/18 12:50:16
单选题,在焊接作业中，为保护操作者的安全，保护片一般累计使用多久更换一次?,4小时,8小时,12小时,24小时,B,,接口直采,1,2026/9/18 12:50:37
单选题,在火灾初发阶段，应采取哪种方法撤离：（ ）,乘坐电梯,用湿毛巾捂住口鼻低姿从安全通道撤离,跳楼逃生,跑到楼顶呼救,B,,接口直采,1,2026/9/18 12:50:32
单选题,在火灾初发阶段，应采取哪种方法撤离？,乘坐电梯,用湿毛巾捂住口鼻低姿从安全通道撤离,跳楼逃生,跑到楼顶呼救,B,,接口直采,1,2026/9/18 12:50:32
单选题,在火灾逃生方法中，以下不正确的是：( ),用湿毛巾捂着嘴巴和鼻子,弯着身子快速跑到安全地点,躲在床底下，等待消防人员救援,马上从最近的消防通道跑到安全地点,C,,接口直采,1,2026/9/18 12:50:32
单选题,在机床操作过程中，当发现眼睛可能进了铁屑时，操作者正确的做法是：(),用手揉一揉，不痛就不用管它了,先告诉指导教师，并用自来水冲洗眼睛，如无效果马上去医院检查,坚持实习，不是特别难受就不上医院,坚持实习，下班后再去医院,B,,接口直采,1,2026/9/18 12:50:37
单选题,在机床加工过程中，以下安全注意事项描述错误的是？,禁止用手或其它任何方式接触正在旋转的主轴、工件或其它运动部位。,禁止加工过程中测量、变速，更不能用棉丝擦拭工件、也不能清扫机床。,车床运转中，操作者不得离开岗位，机床出现异常必须立即停车。,可以用手接触刀尖和铁屑，铁屑不一定要用铁钩子或毛刷来清理。,D,,接口直采,1,2026/9/18 12:50:37
单选题,在机械加工设备刀具切削过程中，如果发现试件装歪了，操作者正确的做法是：（）。,直接用手去调整,不停机，用工具调整,停机，重新安装后再运行,以上都不对,C,,接口直采,1,2026/9/18 12:50:37
单选题,在加密技术中，把明文变为密文的过程称为（ ）。,明文,密文,解密,加密,D,,接口直采,1,2026/9/18 12:50:42
单选题,在检疫隔离设施的（）被设定为最危险。,外围区,入口区,中心区,出口区,C,,接口直采,1,2026/9/18 12:50:35
单选题,在粒子能量相同条件下，下面哪种粒子的穿透力最弱？（）,γ光子,β粒子,α粒子,中子,C,,接口直采,1,2026/9/18 12:50:16
单选题,在某些特种设备使用之前，是否要按要求进行登记？（）,是,不用,无所谓,以上均可，没有要求,A,,接口直采,1,2026/9/18 12:50:30
单选题,在普通冰箱中不可以存放什么物品？,普通化学试剂,酶溶液,菌体,有机溶剂,D,,接口直采,1,2026/9/18 12:50:21
单选题,在生物实验室工作中，当你认为你可能发生了暴露感染，但不确定，检查手套后发现手套有破损，这时正确的想法是：（）,发生暴露感染,没有发生暴露感染,可以继续工作，应该没有问题,没有出血就没有感染,A,,接口直采,1,2026/9/18 12:50:35
单选题,在生物医学实验室中进行病原微生物未知基因操作，可能增加遗传修饰生物体的毒性，应使用（）,生物安全柜,净化工作台,实验台,通风柜,A,,接口直采,1,2026/9/18 12:50:35
单选题,在实验过程中闻到浓异味时，应：（）,关机离开,断电并报告管理人员,打开通风装置,继续进行实验,A,,接口直采,1,2026/9/18 12:50:15
单选题,在实验内容设计过程中，要尽量选择什么物品做实验？,无公害、无毒或低毒的物品,实验的残液、残渣较多的物品,实验的残液、残渣不可回收的物品,以上都是,A,,接口直采,1,2026/9/18 12:50:27
单选题,在实验室环境中，来自人体组织的朊病毒和动物体朊病毒应在（）实验室里操作。,BSL-1,BSL-2,BSL-3,BSL-4,B,,接口直采,1,2026/9/18 12:50:35
单选题,在实验中，以下哪种做法是错误的？,一旦浓硫酸落在人体身上时，用4.5%乙酸或1.5%左右的盐酸中和洗涤,一旦浓硫酸落在人体身上时，以弱碱（2%碳酸钠）或肥皂液中和洗涤,一旦碱液落在皮肤上时，用4.5%乙酸或1.5%左右的盐酸中和洗涤,以上都是,A,,接口直采,1,2026/9/18 12:50:15
单选题,在使用冲压机械时，人体哪个部位最容易受伤？,手和手指,脚,眼睛,脸,A,,接口直采,1,2026/9/18 12:50:37
单选题,在使用化学药品前应做好的准备有：( ),明确药品在实验中的作用,掌握药品的物理性质（如：熔点、沸点、密度等）和化学性质,了解药品的毒性；了解药品对人体的侵入途径和危险特性；了解中毒后的急救措施,以上都是,D,,接口直采,1,2026/9/18 12:50:25
单选题,在使用设备时，如果发现设备工作异常，应如何办？,停机并报告相关负责人员,关机走人,继续使用，注意观察,以上都不对,A,,接口直采,1,2026/9/18 12:50:38
单选题,在使用设备时，如果发现设备工作异常，怎么办？,停机并报告相关负责人员,关机走人,继续使用，注意观察,停机自行维修,A,,接口直采,1,2026/9/18 12:50:38
单选题,在使用数控机床加工零件时，应注意：（ ）,可以将自己编好的程序输入数控装置进行零件加工，碰到问题时可以随时改变程序,可以将自己编好的程序随时输入数控装置进行零件加工,严禁将未经验证的程序输入数控装置进行零件加工,以上都不对,A,,接口直采,1,2026/9/18 12:50:37
单选题,在使用数控铣床铣削加工时，正确的操作顺序是：（）,传输程序-自动加工,传输程序-安装工件-高速空运行-自动加工,传输程序-将刀具远离工件-自动加工,传输程序-将刀具远离工件一空运行-自动加工,D,,接口直采,1,2026/9/18 12:50:37
单选题,在使用铣床快速进给按钮或手柄时，操作者应注意：（）,刻度盘,主轴转速,刀具与工件的位置,刀具旋转方向,C,,接口直采,1,2026/9/18 12:50:37
单选题,在室外灭火时，应站在什么位置：（）,上风,下风,两者都是,两者都不是,A,,接口直采,1,2026/9/18 12:50:32
单选题,在网上会结交一些网友，下列哪些做法是理智的?,网上的朋友都是虚拟关系，没必要说真话,网友之间应以诚相待，彼此尊重,网友是陌生的，可以对他们随意透露隐私,谈得很投机，就可以轻易借钱给网友,B,,接口直采,1,2026/9/18 12:50:42
单选题,在微生物实验安全操作中，气密的（）生物安全柜为操作人员和实验室内外环境提供了最高水平的保护。,I级,II级,III级,IV级,C,,接口直采,1,2026/9/18 12:50:35
单选题,在铣床快速进给时，应注意：（）,刻度盘,主轴转速,刀具与工件的位置,刀具旋转方向,C,,接口直采,1,2026/9/18 12:50:37
单选题,在铣床上装卸工件时，工作台位置应保证：（）,刀具在工件左方,刀具在工件右方,刀具尽量远离工件,在对刀位置,C,,接口直采,1,2026/9/18 12:50:37
单选题,在铣床铣削中清理切屑时，操作者应使用（），以保证安全。,手,毛刷,棉丝,吹气,B,,接口直采,1,2026/9/18 12:50:37
单选题,在铣削中清理切屑时，应使用:( ),手,毛刷,棉丝,吹气,B,,接口直采,1,2026/9/18 12:50:37
单选题,在下列确认伤者有无意识的方法中，不宜采用的是：（）,在伤者耳边呼叫,轻轻拍打伤者肩部,用力敲打伤者头部,边呼叫边拍打伤者肩部,C,,接口直采,1,2026/9/18 12:50:15
单选题,在选择防护屏蔽时，适用于操作活度不高、持续时间较短的γ或β液体辐射源的（）,贮源防护屏蔽,组合式防护屏蔽,间接操作防护屏蔽,直接操作防护屏蔽,D,,接口直采,1,2026/9/18 12:50:16
单选题,在一些特殊应急的情况下，对有限信息的危害评估应充分利用有限的信息，这些情况下应当谨慎地采取一些较为保守的标本处理方法，如处理此类标本时最低需要（）生物安全水平。,I级,II级,III级,IV级,B,,接口直采,1,2026/9/18 12:50:35
单选题,在易燃易爆场所安装的电气设备和装置，需采用：（）,防爆电器,防水电器,防铁锈电器,普通电器,A,,接口直采,1,2026/9/18 12:50:37
单选题,在易燃易爆场所不可以穿：（）,布鞋,胶鞋,带钉鞋,运动鞋,C,,接口直采,1,2026/9/18 12:50:28
单选题,在易燃易爆场所不能穿：( ),布鞋,胶鞋,带钉鞋,以上都是,C,,接口直采,1,2026/9/18 12:50:25
单选题,在意外事故现场，对伤者判断是否心跳停止，最迅速有效的方法是：（）,观察反应,摸动脉搏动,听心音,测血压,B,,接口直采,1,2026/9/18 12:50:15
单选题,在用气安全使用要点中，下列描述正确的是：（）,为避免浪费，每次应尽量将气瓶内的气体用完,为了省力，可以将气瓶在地面上滚动运输,专瓶专用，不擅自更改气瓶钢印和颜色标记,关闭瓶阀时，可以用长柄螺纹扳手加紧，以防泄漏,C,,接口直采,1,2026/9/18 12:50:23
单选题,在用蒸发法处理放射性废液的过程中，减容比取决于：（）,原废液的含盐量,原废液的体积,浓缩物的含盐量,浓缩物的体积,A,,接口直采,1,2026/9/18 12:50:16
单选题,在遇到高压电线断落地面时，导线断落点多少米内，禁止人员进入。,10,20,30,50,B,,接口直采,1,2026/9/18 12:50:18
单选题,在蒸馏低沸点（低于80℃）有机化合物时应采取哪种方法加热？,煤气灯,热水浴,电炉,砂浴,B,,接口直采,1,2026/9/18 12:50:25
单选题,在蒸馏低沸点有机化合物时应采取哪种方法加热？,酒精灯,热水浴,电炉,砂浴,B,,接口直采,1,2026/9/18 12:50:21
单选题,在铸造浇注过程中一旦发生安全事故，应如何处理？,迅速逃离现场,保持镇静，及时汇报并听从指导人员安排,按自己判断，进行处理,以上都不是,B,,接口直采,1,2026/9/18 12:50:37
单选题,在铸造实习过程中，起模针及扎气孔针在使用后，应注意的事项是：（）,针尖朝上放入工具箱内,针尖朝下放入工具箱内,插入型砂堆中,以上都不是,B,,接口直采,1,2026/9/18 12:50:37
单选题,在铸造实习中进行春实砂型操作时，应注意的事项是：（）,手不得放在砂箱上,手可以放在砂箱上 作,砂箱可以歪放,观察身边同学操,A,,接口直采,1,2026/9/18 12:50:37
单选题,在钻床上，使用手动进刀时，应如何增加或减小压力？,小心,快速,随便,逐步,D,,接口直采,1,2026/9/18 12:50:37
单选题,在钻床上钻孔时，操作者是否可以戴手套进行工作？,不可以,可以,随便,按需要,A,,接口直采,1,2026/9/18 12:50:37
单选题,在钻床上钻削小工件时，操作者是否可以手持工件进行加工？,可以,不可以,方便拿时可以,戴手套就可以,B,,接口直采,1,2026/9/18 12:50:37
单选题,在钻床上钻削小工件时，是否可以直接用手拿？,可以,不可以,方便拿时可以,不方便拿时不可以,B,,接口直采,1,2026/9/18 12:50:37
单选题,在BSL-2实验室内，（）生物安全柜适用于危险度（）的病原微生物实验室活动，在BSL-3实验室和BSL-4实验室内，（）生物安全柜用于所有感染性材料的处理。,II级，三类，II级和II级,II级，四类，II级和II级,III级，三类，III级和IV级,III级，四类，II级和IV级,A,,接口直采,1,2026/9/18 12:50:35
单选题,在II级生物安全防护实验室从事负压区工作后应尽早洗澡，（）内不得到正压区工作。,1周,2周,3周,1个月,B,,接口直采,1,2026/9/18 12:50:35
单选题,造成触电事故的因素是：( ),电流流过人体,电压,电场,磁场,A,,接口直采,1,2026/9/18 12:50:18
单选题,造型时吹开分型砂可用下列哪种方式？,手风器吹,嘴吹气,手煽动,上述三种方法都可以,A,,接口直采,1,2026/9/18 12:50:37
单选题,照国务院发布的《放射性同位素与射线装置安全与防护条例》和原国家环保部发布的《放射性同位素和射线装置安全许可管理办法》，使用放射性同位素和射线装置的单位必须依法取得（），禁止无许可证或者不按许可证规定的种类和范围从事放射性同位素和射线装置的使用活动。,辐射安全许可证,放射安全许可证,射线安全许可证,实验安全许可证,A,,接口直采,1,2026/9/18 12:50:16
单选题,蒸馏沸点低于80℃有机化合物时，应采取哪种方法加热？,酒精灯,电炉,水浴,砂浴,C,,接口直采,1,2026/9/18 12:50:25
单选题,直接压迫止血法，适用于较小伤口的出血，用无菌纱布直接压迫伤口处，压迫时间约：（）,3 min,5 min,10 min,15min,C,,接口直采,1,2026/9/18 12:50:15
单选题,值守人员应对剧毒化学品库周边及监控设施每（）小时开展安全巡查。,4,3,2,1,C,,接口直采,1,2026/9/18 12:50:25
单选题,值守人员应对易制爆危险化学品库周边及监控设施每（）小时开展安全巡查。,4,3,2,1,C,,接口直采,1,2026/9/18 12:50:25
单选题,指压止血法是现场急救中常用简便的止血方法，但不适用于人体（）部位的出血。,胸部,颈部,四肢,头部,A,,接口直采,1,2026/9/18 12:50:15
单选题,窒息灭火法是将氧气浓度降低至最低限度，以防止火势继续扩大。其主要工具是：( ),砂子,水,二氧化碳灭火器,干粉灭火器,C,,接口直采,1,2026/9/18 12:50:32
单选题,重大事故的应急处置工作危险性极大，在编制应急预案时必须对应急人员自身的安全问题进行周密的考虑，制定（）程序的主要目的是保证应急人员的安全。,应急信息的审核和批准,出入现场和紧急撤离,现场警戒和交通管制,危险物质泄漏控制,B,,接口直采,1,2026/9/18 12:50:15
单选题,重铬酸钾洗液失效时的颜色是：（）,红色,绿色,无色,黄色,B,,接口直采,1,2026/9/18 12:50:25
单选题,重要数据处理者应当进行下列哪项工作？,定期开展风险评估,随意公开数据,无需报告主管部门,可自由出境数据,A,,接口直采,1,2026/9/18 12:50:42
单选题,抓取大鼠时，应一手捏住尾中至尾根的部位，轻拉，一手捏住（）的皮肤，然后将其提起。,颈部,颈背部,尾尖部,尾根部,D,,接口直采,1,2026/9/18 12:50:35
单选题,抓取家兔时应用右手抓住家兔（）的被毛和皮肤，轻轻把家兔提起，左手托起家兔的臀部。,颈部,背部,腹部,尾部,A,,接口直采,1,2026/9/18 12:50:35
单选题,抓取小鼠时，应轻柔、熟练，一手捏住（），轻拉，然后将其提起。,鼠耳,鼠颈,鼠背,鼠尾,D,,接口直采,1,2026/9/18 12:50:35
单选题,转化植物剩余的菌液应该：（）,直接倒入下水道,直接倒入废液桶,加入杀菌剂后，倒入废液桶,加入杀菌剂后，倒入下水道,C,,接口直采,1,2026/9/18 12:50:20
单选题,转化植物剩余的菌液应该如何处理？,直接倒入下水道,直接倒入废液桶,加入杀菌剂后，倒入废液桶,加入杀菌剂后，倒入下水道,C,,接口直采,1,2026/9/18 12:50:20
单选题,转入、转出放射性同位素的单位应当在转让活动完成之日起（），分别将一份放射性同位素转让审批单送各自所在省级环保主管部门备案。,7天内,10天内,20天内,30天内,C,,接口直采,1,2026/9/18 12:50:16
单选题,装有放射性液体，特别是装有高活度［大约为放射性核素豁免水平（）以上］液体的玻璃器皿，必须放在（）贮存，以防止玻璃器皿破碎后造成放射性液体泄露而污染环境。,两倍，玻璃容器内,两倍，金属和塑料容器内,三倍，玻璃容器内,三倍，金属和塑料容器内,D,,接口直采,1,2026/9/18 12:50:16
单选题,装有漏电保护器，是属于哪种安全技术措施？,基本,辅助,绝对,特殊,A,,接口直采,1,2026/9/18 12:50:37
单选题,撞伤、扭伤在损伤初期（）内，应及早冷敷，以使伤处血管收缩，减轻局部充血与疼痛，不宜热敷或按摩，以免加剧伤处小血管出血。,0~12h,12~24h,24~36h,24~481,D,,接口直采,1,2026/9/18 12:50:15
单选题,紫外线消毒方便实用，紫外灯可以是固定式，也可以是活动式的，但距离被照射物不超过（）为宜。,5m,3m,2m,1.2m,D,,接口直采,1,2026/9/18 12:50:38
单选题,紫外线消毒灭菌的主要机制是：（）,损伤细胞壁,损伤细胞膜,干扰DNA复制,破坏酶系统,C,,接口直采,1,2026/9/18 12:50:35
单选题,紫外线消毒主要用于物体表面的消毒，杀灭细菌芽孢的照射剂量为不低于100 00000μW⋅V·s／c㎡，灯管的辐射照度在灯管下方垂直1m中心处为100μW·s／c㎡，对1.5米处的物体表面进行消毒，照射时间以（）为宜。,15min,17min,20～30min,35min,C,,接口直采,1,2026/9/18 12:50:35
单选题,钻孔时，当钻尖快要钻穿工件时，应（ ）钻尖下降速度,减慢,加快,保持不变,先慢后快,A,,接口直采,1,2026/9/18 12:50:37
单选题,最重要的特征是具备系统性的一级防护屏障和二级防护屏障，以防止实验室内、相邻区域的工作人员、社会和环境暴露于可能产生的感染性微生物气溶胶。,BSL-1,BSL-2,BSL-3,BSL-4,C,,接口直采,1,2026/9/18 12:50:35
单选题,做加热易燃液体实验时：（）,可用电炉加热，要有人看管,用电热套加热可不用人看管,用水浴加热，要有人看管,以上都是,C,,接口直采,1,2026/9/18 12:50:32
单选题,ABSL-1实验室机械清洗机清洗笼具的最终冲洗温度应至少为：（）,56℃,60℃,82℃,96℃,C,,接口直采,1,2026/9/18 12:50:35
单选题,ABSL-2和ABSL-3实验室机械清洗机清洗笼具最终冲洗温度应至少为：（）,82℃,85℃,90℃,96℃,B,,接口直采,1,2026/9/18 12:50:35
单选题,BSL-1的操作、安全设备，以及实验设施的设计和建设，适用于进行我国（）病原微生物，WHO、美国、欧盟等的（）微生物的教学和研究。,第四类，第一类,第四类，第四类,第一类，第四类,第一类，第一类,A,,接口直采,1,2026/9/18 12:50:35
单选题,BSL-2的操作、安全设备和设施可应用于教学、临床、诊断、基础研究等实验室，适用于我国（）病原微生物，WHO、美国、欧盟等的（）微生物的实验室生物安全防护。,第二类，第三类,第二类，第二类,第三类，第二类,第三类，第三类,C,,接口直采,1,2026/9/18 12:50:35
单选题,BSL-3的操作、安全设备，以及实验设施的设计和建设，适用于临床、诊断、教学、研究等实验室，适用于我国（）病原微生物，WHO、美国、欧盟等的（）微生物的实验室生物安全防护。,第二类，第三,第二类，第二类,第三类，第二类,第三类，第三类,A,,接口直采,1,2026/9/18 12:50:35
单选题,BSL-4的操作、安全设备，以及实验设施的设计和建设，适用于我国（）病原微生物，WHO、美国、欧盟等的（）微生物的实验室生物安全防护。,第四类，第一类,第四类，第四类,第一类，第四类,第一类，第一类,C,,接口直采,1,2026/9/18 12:50:35
单选题,BSL-4实验室通常有两种形式：安全柜型和：（）,全封闭防护服型,常压防护服型,负压防护服型,正压防护服型,D,,接口直采,1,2026/9/18 12:50:35
单选题,HCN具有什么气味？,无味,臭鸡蛋味,芳香味,苦杏仁味,D,,接口直采,1,2026/9/18 12:50:25
单选题,HCN具有什么颜色？,红色,绿色,无色,黄色,C,,接口直采,1,2026/9/18 12:50:25
单选题,I类、II类放射源丢失、被盗、失控，或者放射性同位素和射线装置失控导致2人以下（含2人）急性死亡或者10人以上（含10人）急性重度放射病、局部器官残疾的属于（）放射性污染事故。,特大,重大,较大,一般,B,,接口直采,1,2026/9/18 12:50:16
单选题,I类、II类放射源丢失、被盗、失控造成大范围严重辐射污染后果，或者放射性同位素和射线装置失控导致3人以上（含3人）急性死亡属于（）放射性污染事故。,特大,重大,较大,一般,A,,接口直采,1,2026/9/18 12:50:16
单选题,II级生物安全柜经历了两次重要设计改进是：第一个关键技术改进是将经HEPA过滤的空气输送到工作台面上，从而保护工作台面上的物品不受污染；第二个关键技术改进是：（）,在排风系统增加了生物过滤器,在进风系统增加了HEPA过滤器,在排风系统增加了HEPA过滤器,在进风系统增加了生物过滤器,C,,接口直采,1,2026/9/18 12:50:35
单选题,III类放射性源丢失、被盗、失控，或者放射性同位素和射线装置失控导致9人以下（含9人）急性重度放射病，局部器官残疾的属于（）放射性污染事故。,特大,重大,较大,一般,C,,接口直采,1,2026/9/18 12:50:16
单选题,Internet是全球最具影响力的计算机互联网，也是世界范围的重要的（ ）。,信息资源网,多媒体网络,办公网络,销售网络,A,,接口直采,1,2026/9/18 12:50:42
单选题,IP地址欺骗通常是( )。,黑客的攻击手段,防火墙的专门技术,IP 通讯的一种模式,,A,,接口直采,1,2026/9/18 12:50:42
单选题,IV类、V类放射性源丢失、被盗、失控，或者放射性同位素和射线装置失控导致人员受到超过年剂量限值的照射的属于（）放射性污染事故。,特大,重大,较大,一般,D,,接口直采,1,2026/9/18 12:50:16
单选题,VPN是指( )。,虚拟的专用网络,虚拟的协议网络,虚拟的包过滤网络,,A,,接口直采,1,2026/9/18 12:50:42
单选题,α射线是下列哪种原子核？（）,21H,32He,42He,31H,C,,接口直采,1,2026/9/18 12:50:16
多选题,《电离辐射防护与辐射源安全基本标准》（GB 18871-2002）中将电离辐射对人体健康的有害效应分为（）。ICRP第60号出版物指出辐射防护的目的是：（）,随机性效应和确定性效应,防止确定性效应的发生，减少随机性效应的发生率，使之达到可以接受的水平,躯体效应和遗传效应,防止发生躯体效应，避免发生遗传效应,AB,,接口直采,1,2026/9/18 12:50:16
多选题,《消防法》规定，任何单位和个人都有（）的义务。,维护消防安全,保护消防设施,预防火灾,报告火警,ABCD,,接口直采,1,2026/9/18 12:50:32
多选题,2007年，ICRP第103号出版物《国际放射防护委员会2007建议书》把所有照射区分为（）、（）和（）三类。,计划照射,干预照射,应急照射,既存照射,ACD,,接口直采,1,2026/9/18 12:50:16
多选题,安全阀的校验是怎样规定的？（）,由于科学技术的高速发展，安全阀不必校验即可长期使用,新安装的压力容器，在投入使用前必须先校验安全阀，否则不能投入使用,安全阀至少每年校验一次,不得使用未经校验的安全阀,BCD,,接口直采,1,2026/9/18 12:50:30
多选题,安全使用气瓶柜的注意事项有：（）,安装气瓶柜前选择远离火源、通风良好的地方。,定期进行漏气测试，以免柜内漏气报警系统因老化或人为损坏而失控。,当气瓶柜遇到停电或断电重新启动时，控制系统要重新设定，避免影响正常工作。,气瓶柜风机排风口应与专用排气通道相连，以便泄漏的气体及时排出室内，避免气体积聚导致事故。,ABCD,,接口直采,1,2026/9/18 12:50:23
多选题,安置、处理实验服应：（ ）,离开实验室时，实验服必须脱下并留在实验室内,实验服不得穿着外出，更不能携带回家,用过的工作服应先在实验室中消毒，然后统一洗涤或丢弃,实验服最好能够完全扣住，长袖、背面开口的隔离衣防护效果更好,ABCD,,接口直采,1,2026/9/18 12:50:28
多选题,按爆炸过程的性质，通常将爆炸分成（）几种类型。,化学爆炸,物理爆炸,固体爆炸,核爆炸,ABD,,接口直采,1,2026/9/18 12:50:32
多选题,按爆炸过程的性质，通常将爆炸分为以下哪几种类型：（）,物理爆炸,化学爆炸,核爆炸,固、液体爆炸,ABCD,,接口直采,1,2026/9/18 12:50:32
多选题,按规定，实验室须配备灭火器，如果不慎失火，应迅速使用灭火器将火扑灭，以下关于手提式干粉灭火器使用描述正确的是：( ),迅速手提或肩扛灭火器快速奔赴着火点,在距燃烧处5米左右停下,拔下保险销，一手握住喷射软管前端喷嘴部，对准着火点,将开启压把压下，打开灭火器进行灭火,ABCD,,接口直采,1,2026/9/18 12:50:32
多选题,按驱动灭火剂的动力来源，灭火器可分为：（）,储气瓶式,储压式,化学反应式,一般式,ABC,,接口直采,1,2026/9/18 12:50:32
多选题,按照气体危险性分类，气瓶可分为：（）,易燃气体瓶,非易燃无毒气体瓶,毒性气体瓶,惰性气体瓶,ABC,,接口直采,1,2026/9/18 12:50:23
多选题,按照突发放射性污染事件可控性、严重程度、影响范围和紧急程度，突发放射性污染事件分为哪几级？,特大放射性污染事故（I级）,重大放射性污染事故（II级）,较大放射性污染事故（III级）,一般放射性污染事故（IV级）,ABCD,,接口直采,1,2026/9/18 12:50:16
多选题,包扎的目的是：（）,固定敷料,压迫止血,减轻疼痛,保护伤口免受再污染,ABCD,,接口直采,1,2026/9/18 12:50:15
多选题,保护工作部门应制定哪些制度或规划？,安全规划,监测预警制度,应急预案,市场推广计划,ABC,,接口直采,1,2026/9/18 12:50:42
多选题,报警人或知情人应协助消防人员开展以下工作：（）,引导消防车辆、人员到达火灾现场,介绍周围可利用的消防水源,与消防人员一起进入火场灭火救人,介绍起火位置、建筑的有关情况和有无人员被困,ABD,,接口直采,1,2026/9/18 12:50:32
多选题,爆炸品的危险特性有：（）,强爆炸性,强破坏性,高敏感性,毒害性,ABCD,,接口直采,1,2026/9/18 12:50:25
多选题,爆炸物品在发生爆炸时的特点有：（ ）,反应速度极快，通常在万分之一秒以内即可完成,释放出大量的热,通常产生大量的气体,发出声响,ABCD,,接口直采,1,2026/9/18 12:50:32
多选题,被火困在实验室内应：（）,跳楼,用窗帘或绳子拴在室内牢固处下到下一层逃生,躲到实验台下,到窗口或阳台挥动物品求救,BD,,接口直采,1,2026/9/18 12:50:32
多选题,被微生物等生物材料污染的金属器皿可以采用( )消毒。,2％的戊二醛,70％酒精溶液,1％的漂白粉溶液,以上都是,AB,,接口直采,1,2026/9/18 12:50:35
多选题,苯属于高毒类化学品，下列叙述正确的是：（）,短期接触，对中枢神经系统产生麻痹作用，引起急性中毒,长期接触，会对血液造成极大伤害，引起慢性中毒,对皮肤、黏膜有刺激作用，是致癌物质,毒性低于甲苯,ABC,,接口直采,1,2026/9/18 12:50:25
多选题,绷带包扎中正确的做法是：（）,根据受伤部位，选择合适的包扎用物及包扎方法,包扎松紧适度,包扎前注意创面的清理、消毒，预防伤口感染,包扎顺序原则上应从下向上，从左向右，从远心端向近心端,ABCD,,接口直采,1,2026/9/18 12:50:15
多选题,必须放在干燥器内的药品有：（）,氢化钙,五氧化二磷,三氯化磷,盐酸,ABC,,接口直采,1,2026/9/18 12:50:25
多选题,必须要进行安全培训的人员有：（）,单位主要负责人,安全管理人员和从业人员,特种作业人员,其他从业人员,ABCD,,接口直采,1,2026/9/18 12:50:15
多选题,避免感染性物质扩散的实验操作应注意：( ),微生物接种环直径应为2～3mm并且完全闭合，柄的长度不应超过6cm,应该使用密闭的微型电加热灭菌接种环，最好使用一次性的、无需灭菌的接种环,小心操作干燥的痰标本，以免产生气溶胶,装有冻干感染性物质的安瓿瓶应在生物安全柜中打开,ABCD,,接口直采,1,2026/9/18 12:50:35
多选题,丙酮属于低毒类化学品，下列叙述正确的是：（）,闪点只有-18℃，具有高度易燃性,对神经系统有麻醉作用，并对黏膜有刺激作用,沸点只有56℃，极易挥发,不溶于水,ABC,,接口直采,1,2026/9/18 12:50:25
多选题,玻璃仪器的基本操作包括：（）,吸收、干燥、搅拌、破碎、离心,蒸馏、冷凝、分馏、蒸发、萃取,提纯、过滤、分液、灭菌,气体发生、色谱、燃烧、燃烧分析,ABD,,接口直采,1,2026/9/18 12:50:21
多选题,不适合在化学实验室穿着的鞋有：（）,凉鞋,胶底鞋,高跟鞋,拖鞋,ACD,,接口直采,1,2026/9/18 12:50:28
多选题,不要打开来历不明的网页、电子邮件链接或附件是因为（ ）。,互联网上充斥着各种钓鱼网站、病毒、木马程序,不明来历的网页、电子邮件链接、附件中，很可能隐藏着大量的病毒、木马,可能含有的病毒、木马会自动进入电脑并隐藏在电脑中，会造成文件丢失损坏,可能含有的病毒、木马会自动进入电脑并隐藏在电脑中，会导致系统瘫痪,ABCD,,接口直采,1,2026/9/18 12:50:42
多选题,部门应急预案应当根据本地区、本部门的实际情况，明确（）等内容。,信息报告,响应分级,指挥权移交,警戒疏散,ABCD,,接口直采,1,2026/9/18 12:50:15
多选题,操作核磁设备时需要注意的事项，以下错误的是：（）,积极参加相关核磁培训操作并主动询问相关注意事项,无视核磁安全和操作文件，任意操作,大声喧哗，打电话讨论和实验无关的事情,不服从工作人员安排,BCD,,接口直采,1,2026/9/18 12:50:16
多选题,操作剪板机进行剪板工作前，操作者应检查的安全措施包括：（）,确认刀口间隙与剪切板材厚度是否相符,加注润滑油,检查床面、脚踏开关区域，不准堆放杂物和工量具,先进行机床空转运行检查,ABC,,接口直采,1,2026/9/18 12:50:37
多选题,操作旋转加工机械时，操作者应该注意的安全问题有：（）,长发者必须戴束发帽,不穿凉鞋,不穿裙子和过于宽松的衣服,可以戴手套,ABC,,接口直采,1,2026/9/18 12:50:37
多选题,操作者操作普通车床前必须检查：（）,机床照明灯是否良好,床头箱润滑油位是否满足要求,刀具安装是否牢固,夹具安装是否牢固,ABCD,,接口直采,1,2026/9/18 12:50:37
多选题,操作者使用起重设备起重过程中必须做到：（）,规范操作,随时监控起重设备工作状态,人员所站位置合理,专人培训合格后上岗操作,ABCD,,接口直采,1,2026/9/18 12:50:30
多选题,操作者在机床上测量和检查工件时必须：（）,停止加工工作,卸下工件,机床处于停止运转状态,卸下刀具,AC,,接口直采,1,2026/9/18 12:50:37
多选题,策划应急预案时应该考虑的因素有：（）,国家级地方法律法规的要求,本地区重大危险源普查的结果,已制订的应急预案的情况,本地区地质、气象、水文等不利的自然因素及其影响,ABCD,,接口直采,1,2026/9/18 12:50:15
多选题,常规微生物操作规程中的安全操作要点，以下哪些是正确的？,禁止非工作人员进入实验室,禁止在工作区饮食、吸烟、处理隐形眼镜、化妆及储存食物,所有培养物、废弃物在运出实验室之前不必进行灭菌,以移液器吸取液体时，禁止口吸,ABD,,接口直采,1,2026/9/18 12:50:35
多选题,常见的电伤类型有：（）,电灼伤,电烙印,皮肤金属化,机械性损伤,ABCD,,接口直采,1,2026/9/18 12:50:37
多选题,常见的实验室低温设备有（）等。,冷冻干燥机,低温液体容器,超低温冰箱,冰箱,ABC,,接口直采,1,2026/9/18 12:50:38
多选题,常用的包扎物品有：（）,绷带,三角巾,多头带,四头带,ABCD,,接口直采,1,2026/9/18 12:50:15
多选题,常用的化学毒性防护用品有哪些？,工作服,防毒面具（配有相应的吸附剂）,橡胶手套,防护眼镜,ABCD,,接口直采,1,2026/9/18 12:50:28
多选题,常用的气体熏蒸剂有：( ),甲醛,过氧乙酸,环氧乙烷,过氧化氢,ABCD,,接口直采,1,2026/9/18 12:50:35
多选题,常用危险化学品按其主要危险特性分为几大类，其中包括以下（ ）类。,爆炸品,压缩气体和液化气体,易燃液体和易燃固体,有毒品和腐蚀品,ABCD,,接口直采,1,2026/9/18 12:50:25
多选题,车床安全操作规程中规定，车床启动前需要做的安全检查包括：（）,进行极限位置检查,检查安全罩是否挂好,检查各手柄是否处于正常位置,检查工件和车刀是否已安装好,ABCD,,接口直采,1,2026/9/18 12:50:37
多选题,车床上加工细长工件时应配合采用（ ）装夹，防止工件弯曲伤人。,跟刀架,尾架,中心架,平衡铁,ABC,,接口直采,1,2026/9/18 12:50:37
多选题,冲压过程中，操作者应注意以下哪些事项？,冲小工件时，不得用手送工件，应使用专用工具,必须小心谨慎地控制脚踏开关,严禁外人在脚踏开关的周围停留,装卸工件时，脚应离开脚踏开关,ABCD,,接口直采,1,2026/9/18 12:50:37
多选题,除了高温以外，如下哪些物质会灼伤皮肤？,液氮,强碱,稀草酸,溴,ABD,,接口直采,1,2026/9/18 12:50:25
多选题,储存气瓶应符合下列规定：（）,旋紧瓶帽，放置整齐，留有通道，妥善固定,气瓶卧放应防止滚动，头部朝向一方,不同气瓶要按规定分类存放，并保证安全距离,空瓶和实瓶要分开，并做好标记,ABCD,,接口直采,1,2026/9/18 12:50:23
多选题,处理废液时，下列说法正确的是：（）,有机废液和无机废液要分类收集存放,废液桶外要标示清楚废液成分、日期、负责人、联系方式,废液应分类收集于密闭容器中，统一进行处理,少量危险废液可直接倒入下水道,ABC,,接口直采,1,2026/9/18 12:50:20
多选题,处理废液时下列哪项处理措施是正确的？,用剩的液体倒回原瓶中以免浪费,废液收集起来放在指定位置，统一进行处理,禁止将水以外的任何物质倒入下水道，以免造成环境污染和处理人员危险,因为氢氟酸为弱酸，因此可以将其废液倒入到浓硫酸的收集桶里，但是禁止倒入氢氧化钠桶里,BC,,接口直采,1,2026/9/18 12:50:20
多选题,处理废液时下列那项处理措施是正确的？,用剩的液体倒回原瓶中以免浪费,废液收集起来放在指定位置，统一进行处理,禁止将水以外的任何物质倒入下水道，以免造成环境污染和处理人员危险,因为氢氟酸为弱酸，因此可以将其废液倒入到浓硫酸的收集桶里，但是禁止倒入氢氧化钠桶里,BC,,接口直采,1,2026/9/18 12:50:20
多选题,处理个人信息应当遵循的原则包括：,合法正当,必要最小,公开透明,经济利益优先,ABC,,接口直采,1,2026/9/18 12:50:42
多选题,处理实验室废液时，下列说法正确的是：（）,用剩的液体为避免浪费可倒回原瓶,氢氟酸废液可倒入浓硫酸的收集桶内,禁止将危险废液直接倒入下水道,废液应分类收集，统一进行处理,CD,,接口直采,1,2026/9/18 12:50:20
多选题,处理使用后的废液时，下列陈述正确的是：（ ）,用剩的液体倒回原瓶中以免浪费,废液收集起来放在指定位置，统一进行处理,禁止将水以外的任何物质倒入下水道，以免造成环境污染和处理人员危险,因为氢氟酸为弱酸，因此可以将其废液倒入到浓硫酸的收集桶里，但是禁止倒入氢氧化钠桶里,BC,,接口直采,1,2026/9/18 12:50:20
多选题,触电后若无法切断电源开关，可用以下哪些方法使触电者脱离电源？,用干燥的木棍、竹竿等挑开触电者身上的带电设备,直接用手拉触电者，使其脱离电源,用绝缘体将手包住，拉触电者使其脱离电源,站在干燥的木板上，拉触电者使其脱离电源,ACD,,接口直采,1,2026/9/18 12:50:15
多选题,存储化学品，应注意的事项有:( ),化学危险物品应当分类、分项存放，相互之间保持安全距离,遇火、遇潮容易燃烧、爆炸或产生有毒气体的化学危险品，不得在露天、潮湿、漏雨或低洼容易积水的地点存放,受阳光照射易燃烧、易爆炸或产生有毒气体的化学危险品和桶装、罐装等易燃液体、气体应当在阴凉通风地点存放,化学性质防护和灭火方法相互抵触的化学危险品，不得在同一仓库或同一储存室存放,ABCD,,接口直采,1,2026/9/18 12:50:25
多选题,存储化学品，应注意的事项有：（）,化学危险物品应当分类、分项存放，相互之间保持安全距离,遇火、遇潮容易燃烧、爆炸或产生有毒气体的化学危险品，不得在露天、潮湿、漏雨或低洼容易积水的地点存放,受阳光照射易燃烧、易爆炸或产生有毒气体的化学危险品和桶装、罐装等易燃液体、气体应当在阴凉通风地点存放,化学性质防护和灭火方法相互抵触的化学危险品，不得在同一仓库或同一储存室存放,ABCD,,接口直采,1,2026/9/18 12:50:25
多选题,存放可燃性或有毒气体钢瓶的地方应注意什么问题？,阴凉，干燥和通风,现场安装泄漏报警设备,有防爆设施,直立并固定存放,ABCD,,接口直采,1,2026/9/18 12:50:23
多选题,大部分实验室使用的都是电子门禁系统，没有通过审核的人员是无法进入实验室的，为保证安全，下面做法描述是安全负责的有：（ ）,助人乃快乐之根本，遇到没有门卡的人员，要热心替他开门,门禁发生故障，立即打电话通知办公室负责老师进行维修,陌生人尾随进实验室，应仔细盘问，不是本楼人员应电话报告,门禁卡遗失后应立即联系实验室管理老师进行挂失和更换,BCD,,接口直采,1,2026/9/18 12:50:27
多选题,大量集中使用气瓶应注意哪些问题？,不必要设置符合要求的集中存放室,根据气瓶介质情况采取必要的防火、防爆、防电打火（包括静电）、防毒防辐射等措施,通风要良好，要有必要的报警装置,通风要良好，无需报警装置,BC,,接口直采,1,2026/9/18 12:50:23
多选题,当出现下面哪些情形时，必须向当地公安部门报告？,剧毒化学品的生产、储存、使用、经营单位发现剧毒化学品被盗、丢失或者误售、误用,通过公路运输危险化学品需要进入禁止通行区域，或运输危险化学品途中需要停车住宿，或者无法正常运输,剧毒化学品在公路运输途中发生被盗、丢失、流散、泄漏等情况,危险化学品押运人员中途下车,ABC,,接口直采,1,2026/9/18 12:50:25
多选题,当异物进入眼内，采用以下方法中，正确的是：（）,反复眨眼，用眼泪将异物冲出来,用清水冲洗眼睛,冲洗时将伤眼一侧朝向下方，用食指和拇指扒开眼皮，尽可能使眼内的异物全部冲出,用手揉眼，把异物揉出来,ABC,,接口直采,1,2026/9/18 12:50:15
多选题,刀具切削工件时，禁止操作者用手触摸：（）,工件,刀具,主轴旋转部位,床身,ABC,,接口直采,1,2026/9/18 12:50:37
多选题,电击防护措施中正确的是：（）,电气设备完好、绝缘良好，并有良好的保护接地,电源裸露部分应有绝缘装置,修理或安装电气设备时，必须先切断电源，不允许带电工作,操作电器前必须先洗手,ABC,,接口直采,1,2026/9/18 12:50:37
多选题,电击使人致死的原因有哪些：（）,心室纤维颤动,呼吸衰竭,败血症,休克,ABCD,,接口直采,1,2026/9/18 12:50:37
多选题,电离辐射对人员的照射依照射对象可分为：（）,公众照射,职业照射,医疗照射,工业照射,ABC,,接口直采,1,2026/9/18 12:50:16
多选题,电流对人体的伤害有哪两种类型：（）,电击,电伤,静电,漏电,AB,,接口直采,1,2026/9/18 12:50:37
多选题,电流对人体伤害程度的主要影响因素有哪些：（）,电流强度及电压的大小,电流通过人体的途径及人的身体状况,通电时间的长短,电流的频率,ABCD,,接口直采,1,2026/9/18 12:50:37
多选题,电气火灾与一般性火灾相比，有哪些特点：（）,电气设备可能带电，可能发生触电事故,某些电气设备充有大量的油，可能发生喷油甚至爆炸,易造成人员伤亡,扑救困难,AB,,接口直采,1,2026/9/18 12:50:37
多选题,电气设备过度发热有哪些情况：（）,过载,接触与散热不良,短路,漏电,ABCD,,接口直采,1,2026/9/18 12:50:37
多选题,电气事故按发生事故时的电路状况，可以分为哪些类型：（）,短路事故,断线事故,接地事故,漏电事故,ABCD,,接口直采,1,2026/9/18 12:50:37
多选题,电气事故按事故的原因，可以分为哪些类型：（）,触电事故,雷电和静电事故,射频事故,电路故障事故,ABCD,,接口直采,1,2026/9/18 12:50:37
多选题,电气事故按事故对人伤害的程度，可以分为哪些类型：（）,死亡,重伤,轻伤,轻微伤,ABC,,接口直采,1,2026/9/18 12:50:37
多选题,电气事故按灾害危及的对象，可以分为哪些类型：（）,人身事故,设备事故,电气火灾,爆炸事故,ABCD,,接口直采,1,2026/9/18 12:50:37
多选题,电气事故可分为哪几种类型：（）,触电事故,雷击事故,静电事故,电路故障,ABCD,,接口直采,1,2026/9/18 12:50:37
多选题,电器失火的主要原因,电器短路,超负荷运转,漏电,线路接触不良,ABCD,,接口直采,1,2026/9/18 12:50:42
多选题,电器线路火灾的基本原因有：（）,短路,过负荷,接触电阻过大,电火花、电弧,ABCD,,接口直采,1,2026/9/18 12:50:32
多选题,电源插线板不可以在哪些场合使用：（）,潮湿、恶劣的环境中,实验室地面上,室外设备上,空调,ABCD,,接口直采,1,2026/9/18 12:50:37
多选题,动脉出血的特点有：（）,血色鲜红,呈喷射状,血流急,多发生在断裂血管的近心端,ABCD,,接口直采,1,2026/9/18 12:50:15
多选题,毒性气体瓶主要有：（）,氯气,一氧化碳,氨气,二氧化碳,ABC,,接口直采,1,2026/9/18 12:50:23
多选题,锻造操作时，操作者应注意做到以下几点：（）,思想要集中,掌钳者必须夹牢工件,掌钳者必须放稳工件,掌钳者必须控制锤击位置,ABCD,,接口直采,1,2026/9/18 12:50:37
多选题,锻造过程中，对操作者站立位置的安全要求是：（）,不要站立在容易飞出火星的地方,不要站立在锻件毛坯容易飞出（锻件毛边）的地方,不要站在锻造设备附近,对站立位置没有限制要求,AB,,接口直采,1,2026/9/18 12:50:37
多选题,锻造时，握钳者在握钳时应注意以下几点：（）,钳应置于体侧,钳不得正对腹部,手不得放入钳股之间,钳应置于体正面,ABC,,接口直采,1,2026/9/18 12:50:37
多选题,对化学废液的处理，下列描述正确的是：（）,分类收集，存放在专用废液桶中并加贴标签,倒入废液前应仔细查看该收集桶的记录，确认不会与桶内已有化学物质发生异常反应,废弃物暂存间应位于阴凉处，远离火源和热源,收集桶中的废液不应超过容器最大容量的80％,ABCD,,接口直采,1,2026/9/18 12:50:20
多选题,对人类而言，生物威胁（生物危害）的来源可以是：（）,各种致病微生物,外来生物入侵,转基因生物,生物恐怖事件,ABCD,,接口直采,1,2026/9/18 12:50:35
多选题,对人类而言，生物威胁（生物危害）的来源可以是（ ）。,各种致病微生物,外来生物入侵,转基因生物,生物恐怖事件,ABCD,,接口直采,1,2026/9/18 12:50:35
多选题,对生物废弃物的处理方法，下列说法正确的是：（）,感染性材料必须在实验室内清除污染、高压灭菌灭活,能够刺伤或割伤人体的损伤性废弃物（注射针头、手术刀片、载玻片、玻璃安瓿等）收集在利器盒中,分类收集的医疗废弃物达到专用包装袋或容器的3／4时，应当将专用包装袋或容器严密封口，贴上标签,医疗废弃物专用包装袋、利器盒可自行处理,ABC,,接口直采,1,2026/9/18 12:50:20
多选题,对实验室冰箱，下列描述正确的是：（）,应放置在通风良好处,实验室工作区内的冰箱禁止存放食物,存放传染性病原微生物的冰箱应配备相应的锁具并粘贴警示标识,存放易挥发有机试剂的容器必须加盖密封，避免试剂挥发后在箱体内积聚,ABCD,,接口直采,1,2026/9/18 12:50:21
多选题,对仪器设备的审查要点主要有：（）,校准／检测证书的合法性,量值溯源结果的有效性,仪器设备使用记录的完整性,仪器维护维修记录真实性,ABCD,,接口直采,1,2026/9/18 12:50:38
多选题,对于创伤伤员伤口处理的原则，正确的是：（）,有骨折要进行临时固定,及时用止血带止血,伤口内异物不要随意去除,创面中有外露的骨折断端，严禁回纳入伤口,ABCD,,接口直采,1,2026/9/18 12:50:15
多选题,对于可燃气体（C类火灾），如煤气、天然气、甲烷等燃烧发生的火灾，可用：（）,干粉灭火器,卤代烷等灭火器,水,泡沫灭火器,AB,,接口直采,1,2026/9/18 12:50:32
多选题,对于气体火灾的扑救方法一般为：（）,压缩或液化可燃气体泄漏时，在没有采取堵漏措施的情况下，可用长的点火棒将气体点燃，使其稳定燃烧,堵漏工作做好后，即可用水、干粉、二氧化碳等灭火器进行灭火,气体起火时，首先扑灭外围被火源引燃的可燃物，控制燃烧范围,如果是输气管道泄漏着火，应设法找到气源阀门将阀门关闭,ABCD,,接口直采,1,2026/9/18 12:50:32
多选题,对于实验室内所用的高压、高频设备，应注意做到以下事项：（）,定期检修,有可靠的防护措施,凡设备本身要求安全接地的，必须接地,定期检查线路，测量接地电阻,ABCD,,接口直采,1,2026/9/18 12:50:37
多选题,对于消防器材和设施，我们应该：（）,不挪作他用,定期维护和保养,不埋压、圈占、遮挡消防器材设施,火灾很少发生，消防器材一般很少用到，可以在周围堆放物品,ABC,,接口直采,1,2026/9/18 12:50:32
多选题,对于一些吸入或食入少量即能中毒致死的化学试剂，生物实验中致死量（LD50）在50mg/kg以下的称为剧毒化学试剂，以下哪些是剧毒化学试剂？,氰化钾,三氧化二砷,乙醇,氰化钠,ABD,,接口直采,1,2026/9/18 12:50:25
多选题,对在实验容器中发生的局部小火，用（）就可以使火焰窒息。,湿布,石棉网,表面皿,脱脂棉,ABC,,接口直采,1,2026/9/18 12:50:32
多选题,二级生物安全防护实验室的注意事项有：（）,使用II级生物安全柜操作,对可能产生致病微生物气溶胶或出现溅出的操作应在生物安全柜中进行,使用个体防护设备（护目镜、面罩、个体呼吸保护用品或其他防溅出保护设备）,必须安装高效空气过滤器（HEPA）排风系统,ABC,,接口直采,1,2026/9/18 12:50:35
多选题,二氧化碳灭火器有流动性好、喷射率高、不腐蚀容器和不易变质等优良性能，适宜用在扑灭：（）,初期火灾,A类火灾,C类火灾,D类火灾,AB,,接口直采,1,2026/9/18 12:50:32
多选题,发生电器火灾时可以使用的灭火设备包括：（）,干粉灭火器,泡沫灭火器,二氧化碳灭火器,灭火水龙,AC,,接口直采,1,2026/9/18 12:50:32
多选题,发生电器火灾时可以使用的灭火设备主要有：（）,泡沫灭火器,干粉灭火器,二氧化碳灭火器,灭火水龙,BC,,接口直采,1,2026/9/18 12:50:32
多选题,发生火灾拨打119后，应同“119”台报告（）,火灾详细地址及火势大小,燃烧物质及受影响的物质及人员被困情况,报警人姓名、单位及联系方式,派人到适当位置迎接消防车到来,ABCD,,接口直采,1,2026/9/18 12:50:32
多选题,发生火灾拨通“119”后，应向“119”台报告（），并派人到适当位置迎接消防车到来。,火灾详细地点,火势大小,燃烧物质及受影响的物质,人员被困情况,ABCD,,接口直采,1,2026/9/18 12:50:32
多选题,发生网络安全事件时，应采取的措施包括：,立即启动应急预案,采取补救措施,向主管部门报告,向社会发布警示信息,ABCD,,接口直采,1,2026/9/18 12:50:42
多选题,防爆措施主要有：（）,消除火源,控制可燃物形成爆炸性混合物,防止可形成爆炸性混合物的化学品泄漏,安装检测和报警装置,ABCD,,接口直采,1,2026/9/18 12:50:32
多选题,防静电的措施有哪些：（）,保持地面潮湿,穿防静电的衣服,穿防静电的鞋靴,铺设导电性能好的地板,ABCD,,接口直采,1,2026/9/18 12:50:37
多选题,防止人身触电事故发生的安全措施有：（）,穿绝缘防护鞋,戴绝缘防护手套,安全规范操作,定期检查线路,ABCD,,接口直采,1,2026/9/18 12:50:37
多选题,放射安全培训的主要类别有哪些？,人岗培训,换岗培训及再培训,应急人员的培训,有资格单位的培训,ABCD,,接口直采,1,2026/9/18 12:50:16
多选题,放射工作人员职业健康监护档案包括的主要内容有哪些？,职业史、既往病史和职业照射接触史。,历次职业健康检查结果及评价处理意见。,职业性放射性疾病诊疗。,医学随访观察等健康资料。,ABCD,,接口直采,1,2026/9/18 12:50:16
多选题,放射性废物处置的基本原则有哪些？,保护人体健康、保护环境、保护后代、减少影响,符合国家有关的法律与法规,放射性废物产生和管理要有相关性,确保设施寿期内的安全与可靠,ABCD,,接口直采,1,2026/9/18 12:50:16
多选题,放射性核素的毒性分组包括：（）,低毒组,中毒组,高毒组,极毒组,ABCD,,接口直采,1,2026/9/18 12:50:16
多选题,放射性设备与仪器，连同实验所使用的放射性试剂，可以分为哪几类?,放射性物质（包括放射性同位素）、辐射设备与射线装置、,放射性检测与监测的仪器与设备,放疗性的仪器与设备、放射性防护的仪器与设备,放射性实验的辅助仪器与设备,ABCD,,接口直采,1,2026/9/18 12:50:16
多选题,放射性实验室防护屏障的种类及各自适用的范围，正确说法有哪些？,组合式防护屏蔽：最常用的是被制造成能够相互咬合、各种形状的铅砖。通常摆在通风柜操作口处，与铅玻璃形成操作屏障以便分源、淋洗或组合成一定形状的辐射围屏，包绕辐射源以防止漏射线。,直接操作防护屏蔽：适用于操作水平不高、持续水平较短的y或β液体辐射源。这种操作不需要在通风柜和手套箱内进行，故采用这种防护屏可将操作者的身体或主要部位与辐射源隔离。,贮源防护屏蔽：适用于对β或γ放射源的应用前贮存、应用过程中短暂的转移贮存和应用后污染废物的暂时贮存等。,,ABC,,接口直采,1,2026/9/18 12:50:16
多选题,放射性实验室会产生哪些放射性污染物？,使用放射性核素的实验过程中所使用的纸（吸水纸、层析纸、滤纸等）、滤膜、手套、塑料吸头、培养板、培养皿、空的同位素瓶、注射器等放射性材料沾污造成的固体废物。,动物尸体、废弃的组织和器官、动物尿液、血液和其他生物废物。,使用放射性核素的实验过程中产生的液体（细胞培养液、洗脱液、闪烁液、接触到放射性物质的器械冲洗液体等）及使用后所遗留的包装容器及其残留的放射性物质。,从涉及放射性物质的事件或事故中产生的废物及其他被认定为实验活动中产生或遗留的放射性废物，包括放射性废气和带有放射性的实验样品等。,ABCD,,接口直采,1,2026/9/18 12:50:16
多选题,放射性事故三级医疗救治体系的实施方（单位）和主要任务说法正确的有哪些？,一级医疗救治也称现场救治或场内救治：由本单位组织实施，必要时可请求场外支援。主要任务是发现和救出伤员，对伤员进行初步的医学处理，抢救需紧急处理的伤员。,二级救治又称为地区救治或当地救治：由本单位所在省市应急医疗救治机构实施，主要任务是对中度及中度以下的辐射损伤和放射复合伤伤员，以及中度以上的各种非辐射性损伤伤员进行确定诊断与治疗。,三级救治（又称专科救治）：由三级医疗救治单位实施。主要任务是收治重度和重度以上的急性放射病、放射性复合伤人员，进一步明确诊断，并给予良好的专科治疗。必要时要对一、二级医疗救治单位给予支援和指导。,二级救治又称为地区救治或当地救治：由本单位所在省市应急医疗救治机构实施，主要任务是对中度及中度以下的辐射损伤和放射复合伤伤员，以及中度以下的各种非辐射性损伤伤员进行确定诊断与治疗。,ABC,,接口直采,1,2026/9/18 12:50:16
多选题,放射性同位素防护的方法有：（）,屏蔽防护,距离防护,稀释,时间防护,ABD,,接口直采,1,2026/9/18 12:50:16
多选题,放射源是指（），非密封放射性物质是指（）。,除研究堆和动力堆核燃料循环范畴的材料以外，永久密封在容器中或者有严密包层并呈固态的放射性材料,能发射射线的所有物质,非密封在包壳里或者紧密地固结在覆盖层里的放射性物质,未密封的放射性物质，当简单封装后就是密封放射源,AC,,接口直采,1,2026/9/18 12:50:16
多选题,非易燃无毒气体瓶有：（）,氮气,稀有气体,二氧化碳,氧气,ABCD,,接口直采,1,2026/9/18 12:50:23
多选题,非易燃无毒气体瓶主要包括：（）,窒息性气体瓶,氧化性气体瓶,惰性气体瓶,不属于其他项别的气体，如氮气、氩气等,ABD,,接口直采,1,2026/9/18 12:50:23
多选题,废液处理时，以下哪些行为是正确的？（）,废液与瓶盖应留有10cm以上的空隙,废液入桶前，仔细确认废液桶的标签,将氢氟酸装入稀酸废液桶中,如将原试剂瓶暂时用来存放废液，需做好标记，且在领取新废液桶后尽快将废液转移至废液桶中,ABD,,接口直采,1,2026/9/18 12:50:40
多选题,辐射防护体系（辐射防护基本原则）包括：（）,辐射实践正当比,辐射防护与安全的最优化,减少工作时间和对放射源进行屏蔽,个人剂量限量和剂量约束限量,ABD,,接口直采,1,2026/9/18 12:50:16
多选题,辐射工作场所的分区包括有：（）,监督区,控制区,工作区,非工作区,AB,,接口直采,1,2026/9/18 12:50:16
多选题,辐射工作单位在申请领取许可证前，应当组织编制或者填报环境影响评价文件，并依照国家规定程序报环境保护主管部门审批。环境影响评价文件可分为：（）,环境影响报告书,环境影响报告表,环境影响登记表,环境影响记录表,ABC,,接口直采,1,2026/9/18 12:50:16
多选题,腐蚀性物品着火时，正确的做法是：（）,用雾状水、干砂、泡沫、干粉等扑救,硫酸、硝酸等酸类腐蚀品应该用加压密集水流扑救,扑救有毒有害物品和腐蚀性物品火灾时，还应注意节约水量和水的流向,有毒或有腐蚀性的灭火污水四处溢流会污染环境，甚至污染水源，要注意尽可能使灭火后的污水流入污水管道,ABD,,接口直采,1,2026/9/18 12:50:32
多选题,负责网络安全监督管理的部门包括：,国家网信部门,国务院电信主管部门,公安部门,市场监管总局,ABC,,接口直采,1,2026/9/18 12:50:42
多选题,感染性材料洒溢处理的一般原则？,戴手套和防护服,用布活纸巾覆盖,消毒，由外向中心，适当时间后处理,污染材料放置在废弃物处理容器中，并通知有关部门,ABCD,,接口直采,1,2026/9/18 12:50:15
多选题,干粉灭火器内装药剂是粉末状磷酸铵盐或碳酸盐，适用于扑救：（）,易燃、可燃液体火灾,易燃、可燃气体火灾,电气设备火灾,爆炸物火灾,AB,,接口直采,1,2026/9/18 12:50:32
多选题,干粉灭火器适用于：（）,有机溶剂起火,可燃气体起火,精密仪器起火,木质实验台起火,ABD,,接口直采,1,2026/9/18 12:50:32
多选题,干热灭菌是利用热的作用来杀菌，通常在（）中进行。,干热灭菌器,高温烘箱,高压蒸汽灭菌器,以上都是,AB,,接口直采,1,2026/9/18 12:50:35
多选题,高温实验装置使用时应注意：（ ）,防护高温对人体的辐射,熟悉高温装置的使用方法，并细心地进行操作,将高温炉之类高温装置置于耐热性差的试验台上时，装置与台面之间保留一厘米以上的间隙，并加垫隔热层,使用高温装置的实验，要求在防火建筑内或配备有防火设施的室内进行，并保持室内通风良好,ABCD,,接口直采,1,2026/9/18 12:50:38
多选题,高校对废液处理有严格规定，下列哪项做法是正确的？,有机废液和无机废液要分类存放,废液桶外要标示清楚含何种废液，日期，负责人，房间号,废液由学校统一收集，由专业公司处理,少量有害废液可以直接倒掉,ABC,,接口直采,1,2026/9/18 12:50:20
多选题,高压灭菌锅可对（）等进行消毒灭菌。,医疗器械,玻璃器皿,溶液,培养基,ABCD,,接口直采,1,2026/9/18 12:50:38
多选题,高压蒸汽灭菌是对实验材料进行灭菌的最有效和最可靠的方法。以下哪种情况可以确保正确灭菌：（）,134℃，灭菌3min,126℃，灭菌10min,121℃，灭菌15min,115℃，灭菌20min,ABC,,接口直采,1,2026/9/18 12:50:35
多选题,个人对其个人信息享有的权利包括：,知情权,决定权,删除权,收益权,ABC,,接口直采,1,2026/9/18 12:50:42
多选题,个人剂量（含外照射和内照射）监测应遵守的规定有哪些？,外照射个人剂量监测周期一般为30天，最长不超过90天。,内照射个人剂量的监测周期按照有关规定执行。,建立并终生保存个人剂量监测档案。,包括实验室工作人员在内的所有电离辐射从业人员年辐射剂量标准为20msv以下，5年中最高的一年不超过50msv。,ABCD,,接口直采,1,2026/9/18 12:50:16
多选题,个人信息处理包括以下哪些活动？,收集,存储,删除,匿名化,ABC,,接口直采,1,2026/9/18 12:50:42
多选题,个人信息处理者应当采取的安全措施包括：,分类管理,加密,去标识化,定期培训,ABCD,,接口直采,1,2026/9/18 12:50:42
多选题,个人信息处理者应当告知个人的事项包括：,处理者的名称和联系方式,处理目的和方式,个人行使权利的方式,处理者的盈利模式,ABC,,接口直采,1,2026/9/18 12:50:42
多选题,个人信息处理者在下列哪些情形下应当进行个人信息保护影响评估？,处理敏感个人信息,自动化决策,向境外提供信息,委托处理信息,ABCD,,接口直采,1,2026/9/18 12:50:42
多选题,根据对微生物和寄生虫的控制程度，实验动物可分为哪几类?,普通级动物,清洁级动物,无特定病原体动物,无菌动物,ABCD,,接口直采,1,2026/9/18 12:50:35
多选题,根据危险物品的种类和性质，应设置哪些安全防护措施？,通风,防火,防水,防爆,ABCD,,接口直采,1,2026/9/18 12:50:25
多选题,根据微生物控制程度，实验动物环境可分为哪几类?,普通环境,屏障环境,隔离环境,无尘环境,ABC,,接口直采,1,2026/9/18 12:50:35
多选题,根据医学与医学生物学实验室废弃物的理化性质，可将实验室废弃物分为以下几类：（）,一般废弃物&化学废弃物,生物废弃物,损伤性废弃物,放射性废弃物,ABCD,,接口直采,1,2026/9/18 12:50:20
多选题,工作时如果发现计算机着火了，正确的做法是（）,迅速往计算机上泼水灭火,拔掉电源,用泡沫灭火器扑救,用湿布盖住计算机,BD,,接口直采,1,2026/9/18 12:50:42
多选题,关键信息基础设施的安全保护应坚持哪些原则？,综合协调,分工负责,依法保护,运营者主体责任,ABCD,,接口直采,1,2026/9/18 12:50:42
多选题,关键信息基础设施的运营者采购网络产品和服务时应：,优先采购安全可信产品,通过国家安全审查,签订安全保密协议,无需审查,ABC,,接口直采,1,2026/9/18 12:50:42
多选题,关键信息基础设施的运营者还应履行的义务包括：,设置专门安全管理机构,定期进行安全背景审查,制定应急预案并演练,对重要系统进行容灾备份,ABCD,,接口直采,1,2026/9/18 12:50:42
多选题,关于安全用电，下列做法正确的是：（）,电路保险丝熔断，可以用铜丝或铁丝代替,插拔电器插头时手要保持干燥,触电时应立即切断电源,定期检查线路，防止绝缘层破损,BCD,,接口直采,1,2026/9/18 12:50:37
多选题,关于氮气瓶的使用，以下说法正确的是：（）,氮气瓶的存放应远离火种、热源,发生火灾时，应尽可能将气瓶从火场移至空旷处,气瓶发生泄漏时，应迅速撤离泄漏污染区人员至安全区,处理氮气泄漏时，由于氮气无毒、不燃，不需要注意现场通风,ABC,,接口直采,1,2026/9/18 12:50:23
多选题,关于各类气瓶的检验周期，下列说法正确的是：（）,盛装腐蚀性气体的气瓶，每两年检验一次,盛装一般气体的气瓶，每三年检验一次,液化石油气瓶，使用不超过20年的，每5年检验一次，超过20年的，每2年检验一次,盛装惰性气体的气瓶，每5年检验一次,ABCD,,接口直采,1,2026/9/18 12:50:23
多选题,关于口对口人工呼吸，以下说法正确的是：（）,保持呼吸道通畅,吹气要深而快，每次吹气量800～1200mL,左手捏闭鼻孔,右手托下颌,ABCD,,接口直采,1,2026/9/18 12:50:15
多选题,关于伤员的转送，正确的是：（）,对昏迷病人，应将头偏向一侧,途中严密观察病情,遇有导管脱出应立即插入,途中不能中断抢救,ABD,,接口直采,1,2026/9/18 12:50:15
多选题,关于生物安全柜操作时废弃物以及盛放废弃吸管吸头等的容器的放置要求正确的是：( ),废弃物以及盛放废弃吸管吸头等的容器必须放在生物安全柜内而不应放在生物安全柜外,体积大的放在生物安全柜外一侧就可以,污染的吸管、容器等应先放于生物安全柜中装有消毒液的容器中消毒1h以上，方可处理,消毒液处理后的废弃物可转入医疗废物专用垃圾袋中进行高压灭菌等处理,ACD,,接口直采,1,2026/9/18 12:50:35
多选题,关于生物安全柜的操作，正确的说法有：( ),工作前和工作后，应至少让生物安全柜工作5min来完成“净化”过程，亦即应留出将污染空气排出生物安全柜的时间,操作者在双臂进出生物安全柜时，应垂直缓慢地出入前面的开口，以维持操作面开口处气流的完整性,在手和双臂伸入到生物安全柜中大约1min，即让生物安全柜调整完毕，且让里面的层流空气净化后，才可以进行操作,工作台面和内壁应使用消毒剂进行清洁，所用消毒剂应能杀死生物安全柜里可能发现的任何微生物,ABCD,,接口直采,1,2026/9/18 12:50:35
多选题,关于生物安全柜的操作，正确的说法有：（ ）,工作前和工作后，应至少让生物安全柜工作5min来完成“净化”过程，亦即应留出将污染空气排出生物安全柜的时间,操作者在双臂进出生物安全柜时，应垂直缓慢地出入前面的开口，以维持操作面开口处气流的完整性,在手和双臂伸入到生物安全柜中大约1min，即让生物安全柜调整完毕，且让里面的层流空气净化后，才可以进行操作,工作台面和内壁应使用消毒剂进行清洁，所用消毒剂应能杀死生物安全柜里可能发现的任何微生物,ABCD,,接口直采,1,2026/9/18 12:50:28
多选题,关于实验室废弃物处理的一般原则，下列说法正确的是：（）,废弃物含量极少且安全时，可以排放到大气或下水道,尽量浓缩废液，使其体积变小，放在安全处隔离储存,可利用蒸馏、过滤、吸附等方法，将危险物分离,可自行处理实验室废弃物,ABC,,接口直采,1,2026/9/18 12:50:20
多选题,关于使用漏电保护器的说法，哪些不正确：（）,漏电保护器既可用来保护人身安全，还可用来对低压系统或设备的对地绝缘状况起到监督作用,漏电保护装置是用来防止人身触电和漏电引起事故的一种接地保护装置,漏电保护器安装点以后的线路不可对地绝缘,漏电保护器的日常使用中不可在通电状态下按动实验按钮来检验其是否灵敏可靠,CD,,接口直采,1,2026/9/18 12:50:37
多选题,关于胸外心脏按压，正确的是：（）,双手叠加，掌根部放在胸骨中下1／3处垂直按压,单人复苏时按压与呼吸频率比为15：2,按压频率：成人100次／min,按压／放松时间比为1：1,ACD,,接口直采,1,2026/9/18 12:50:15
多选题,关于氧气瓶的使用，以下说法正确的是：（）,氧气瓶附件有缺损、阀门螺杆滑丝时，应停止使用,氧气瓶不能强烈碰撞，禁止采用抛、摔及其他容易引起撞击的方法进行装卸或搬运,操作者的双手、手套及工具等不得沾染油脂,氧气瓶不得靠近热源，与明火的距离一般不得小于10m,ABCD,,接口直采,1,2026/9/18 12:50:23
多选题,关于重铬酸钾洗液，下列陈述哪些是正确的？,重铬酸钾洗液是用于浸泡各类器皿的,重铬酸钾洗液浸泡玻璃器皿时，为防止洗液的迸溅或器皿损坏，可以将手直接插入洗液缸里取放器皿,捞出器皿后，立即放进清洗杯，避免洗液滴落在洗液缸外等处，然后马上用水连同手套一起清洗,避免用手在洗液缸里取放器皿的时间过长，即便带上了专用手套,CD,,接口直采,1,2026/9/18 12:50:25
多选题,关于紫外线消毒，下列说法正确的有：( ),它可以是固定式的，也可以是活动式的，但以距离被照射物不超过1.2m为宜,紫外线消毒方便实用，但不能彻底灭菌，特别是对细菌的芽孢杀灭效果较差,紫外线对人体有伤害作用，不可直视，更不能在开着的紫外灯光下工作,可见光能复活生物体中的光复活酶，使核酸形成的嘧啶二聚体拆开复原，所以不能同时开启日光灯和紫外灯,ABCD,,接口直采,1,2026/9/18 12:50:35
多选题,关于紫外线消毒，下列说法正确的有：（ ）,它可以是固定式的，也可以是活动式的，但距离被照射物不超过1.2m为宜,紫外线消毒方便实用，但不能彻底灭菌，特别是对细菌的芽孢杀灭效果较差,紫外线对人体有伤害作用，不可直视，更不能在开着的紫外灯光下工作,可见光能复活生物体中的光复活酶，使核酸形成的嘧啶二聚体拆开复原，所以不能同时开启日光灯和紫外灯,ABCD,,接口直采,1,2026/9/18 12:50:21
多选题,国家对危险化学品的生产和储存实行（ ），并对危险化学品生产、储存实行审批制度;未经审批，任何单位和个人都不得生产、储存危险化学品。,统一规划,合理布局,严格控制,自由经营,ABC,,接口直采,1,2026/9/18 12:50:25
多选题,国家鼓励危险化学品生产企业和使用危险化学品从事生产的企业采用有利于提高安全保障水平的先进技术、工艺、设备以及自动控制系统，鼓励对危险化学品实行：（）,专门储存,统一配送,集中销售,限制生产,ABC,,接口直采,1,2026/9/18 12:50:25
多选题,国家机关在数据处理中的义务包括：,建立健全安全管理制度,保密个人隐私和商业秘密,可随意公开所有数据,委托他人时需监督,ABD,,接口直采,1,2026/9/18 12:50:42
多选题,国家在数据安全方面的国际合作包括：,参与国际规则制定,促进数据跨境流动,封闭数据市场,对等反制歧视性措施,ABD,,接口直采,1,2026/9/18 12:50:42
多选题,国家支持开展哪些数据相关服务？,数据安全检测评估,数据安全认证,数据交易中介,数据非法交易,ABC,,接口直采,1,2026/9/18 12:50:42
多选题,国内外实验室流行性出血热事故频发，下列哪些因素需要引起重视：（）,实验室是否在疫区,实验室有否野鼠出没,使用实验大鼠是否合格,操作人员防护是否严格,ABCD,,接口直采,1,2026/9/18 12:50:35
多选题,过滤除菌操作如何进行？,使用前，将滤器和过滤瓶等全部装置用纸包好，经高压灭菌,使用时，无菌操作把滤器安装在过滤瓶上,用橡皮管以无菌操作将过滤瓶、安全瓶、压差计和抽气系统连接,将待过滤液体注入滤器过滤，时间不宜过长，压力控制在100-200mmHg为限,ABCD,,接口直采,1,2026/9/18 12:50:35
多选题,过氧化苯甲酸、五氧化二磷等强氧化剂，在适当条件下可放出氧发生爆炸，在使用这类强氧化性化学试剂时，应注意什么？,环境温度不要高于30℃,通风要良好,不要加热,不要与有机物或还原性物质共同使用,ABCD,,接口直采,1,2026/9/18 12:50:25
多选题,含低浓度苯酚、甲酚、萘酚的废液，可用（）处理。,吸附法,中和法,稀释法,溶剂萃取法,AD,,接口直采,1,2026/9/18 12:50:20
多选题,焊接操作者使用的防护面罩可有效防护：（）,金属飞溅对操作者脚的伤害,焊接电弧对操作者眼睛的伤害,焊接产生的金属飞溅,对操作者的烫伤,BCD,,接口直采,1,2026/9/18 12:50:37
多选题,焊接电弧是电弧焊方法采用的焊接热源，它所产生的弧光辐射可造成：（）,对人体眼睛的伤害,对人体皮肤的灼伤,场地火灾事故,急性电光性眼炎,ABD,,接口直采,1,2026/9/18 12:50:37
多选题,核磁设备发生失超时会有大量液氮和液氦泄漏进入空气中，以下紧急应对手段错误的是：（）,及时离开核磁房间，并通知相关人员,为了出成果，继续做实验,原地等待，直至工作人员通知,离开时尽量弯腰贴地离开,BC,,接口直采,1,2026/9/18 12:50:16
多选题,化学品安全技术说明书（SDS）为化学物质及其制品提供了有关（）方面的信息，在使用化学品前应仔细阅读，掌握所使用化学品的个体防护方法、应急处置措施等。,安全,环境保护,健康,销售价格,ABC,,接口直采,1,2026/9/18 12:50:25
多选题,化学试剂应根据什么特点，以不同的方式妥善管理和存放？,毒性,易燃易爆性,腐蚀性,放射性,ABCD,,接口直采,1,2026/9/18 12:50:25
多选题,混合气体按其主要危险特性分为：（）,可燃性,毒性（含腐蚀性）,氧化性,一般性,ABCD,,接口直采,1,2026/9/18 12:50:23
多选题,混合气体主要危险特性的颜色表示描述正确的有：（）,可燃性用大红色表示,毒性用淡黄色表示,氧化性用淡蓝色表示,不燃性用深绿色表示,ABCD,,接口直采,1,2026/9/18 12:50:23
多选题,混合生成高敏感、不稳定或者具有爆炸性物质的有：（）。,亚硝酸盐和铵盐,醚和醇类,气态烯烃和空气,氯酸盐和铵盐,ACD,,接口直采,1,2026/9/18 12:50:25
多选题,活泼金属遇水即可发生激烈反应，应如何存放？,直接放在试剂瓶中保存,浸没在煤油或石蜡中密闭保存,用纸密封包裹存放,不得和酸性物质及氧化剂一起存放,BD,,接口直采,1,2026/9/18 12:50:25
多选题,火灾从初起到熄灭可分为：（）,初期阶段,发展阶段,猛烈阶段,熄灭阶段,ABCD,,接口直采,1,2026/9/18 12:50:32
多选题,火灾发生时，正确的应对方法是：（）,以湿毛巾掩口鼻呼吸，降低姿势，匍匐前进，以减少吸入浓烟,爬行时将手心、手肘、膝盖紧靠地面，并沿墙壁边缘逃生，以免走错方向,就近逃入电梯，等待救援,跳窗逃生,AB,,接口直采,1,2026/9/18 12:50:32
多选题,火灾蔓延的途径有：（）,热对流,热传导,热辐射,热交换,ABC,,接口直采,1,2026/9/18 12:50:32
多选题,火灾蔓延的途径有哪些：（）,热传导,热对流,热辐射,以上都不是,ABC,,接口直采,1,2026/9/18 12:50:32
多选题,火灾有（）的特点。,突发性,严重性,不可控性,复杂性,ABCD,,接口直采,1,2026/9/18 12:50:32
多选题,机床工作台上不准堆放（）等物。,工件,工具,量具,油壶,ABC,,接口直采,1,2026/9/18 12:50:37
多选题,基本的实验室防火措施有：（）,加强实验室人员的消防安全教育,加强易燃易爆化学物品管理,严格执行操作规程,严格用电管理,ABCD,,接口直采,1,2026/9/18 12:50:32
多选题,激光测速实验需要注意以下什么问题？（）,摘下手表,摘下金属饰物,不能让激光射入眼睛,不能戴眼镜,ABC,,接口直采,1,2026/9/18 12:50:37
多选题,建议快速溶剂萃取仪使用（）溶剂。,工业级,分析纯,农残级,优级纯,BC,,接口直采,1,2026/9/18 12:50:38
多选题,教师设计试验方案时必须要考虑的因素有：（）,试验方案的规划,试验条件,试验人员的安全,试验设备的安全,ABCD,,接口直采,1,2026/9/18 12:50:37
多选题,接触剧毒化学品时，常用的防护用品有哪些？,工作服,防毒面具（配有相应的吸附剂）,橡胶手套,防护眼镜,ABCD,,接口直采,1,2026/9/18 12:50:28
多选题,接到电话，对方称你的电话已经欠费，如果不立即联系客服缴费，就会停机，这时你该怎么做？（）,马上转接到客服，按照对方要求进行缴费,将信将疑，按照对方提供的信息转接到客服问个究竟,挂断电话，拨打通讯运营商客服号进行查询,置之不理,CD,,接口直采,1,2026/9/18 12:50:42
多选题,金属钠着火可采用的灭火方式有：（）,干沙,水,干粉灭火器,泡沫灭火器,AC,,接口直采,1,2026/9/18 12:50:25
多选题,进入公共场所，应注意细心观察场所的疏散情况，记住（ ）以利于发生火灾情况下紧急疏散,进出口位置,安全出口位置,疏散通道楼梯的方位,电梯的位置,ABC,,接口直采,1,2026/9/18 12:50:32
多选题,进入公共场所，应注意细心观察场所的疏散情况，记住以下哪些细节以利于发生火灾情况下的紧急疏散：（）,进出口位置,安全出口位置,疏散通道楼梯的方位,电梯的位置,ABC,,接口直采,1,2026/9/18 12:50:32
多选题,进入实验场所，应注意观察场所（）位置的疏散情况。,电梯,进出口,安全出口,疏散通道楼梯,BCD,,接口直采,1,2026/9/18 12:50:32
多选题,进入实验室工作前，要了解（），发生意外时能做好相应的自救工作。,安全出口的位置,易燃、易爆物品的位置,冲眼器、紧急喷淋、急救药箱的位置,水源的位置,ABC,,接口直采,1,2026/9/18 12:50:27
多选题,禁止个人和组织从事的危害网络安全活动包括：,非法侵入他人网络,干扰他人网络正常功能,窃取网络数据,提供技术支持,ABC,,接口直采,1,2026/9/18 12:50:42
多选题,精密天平的安全使用注意事项有：（）,室内要求清洁、干燥及较恒定的温度，同时应避免光线直接照射到天平上。,使用天平之前要开机进行预热。,挥发性、腐蚀性、强酸强碱类物质应在带盖称量瓶内称量，防止腐蚀天平。,天平从首次使用开始起，应对其进行定期校准。,ABCD,,接口直采,1,2026/9/18 12:50:38
多选题,静电的电量虽然不大，但其放电时产生的静电火花有可能引起爆炸和火灾，比较常见的是放电时瞬间的电流造成精密实验仪器损坏，正确的预防措施有:,适当提高工作场所的湿度,进行特殊危险实验时，操作人员应先接触设置在安全区内的金属接地棒，以消除人体电位,在易产生静电的场所梳理头发,计算机进行维护时，使用防静电毯,ABD,,接口直采,1,2026/9/18 12:50:42
多选题,静电会引起以下哪些后果：（）,爆炸,电子元器件击穿,电子元器件电连接中断,电击,ABC,,接口直采,1,2026/9/18 12:50:37
多选题,具有下列哪些性质的化学品属于化学危险品？,易燃,毒害,腐蚀,放射性,ABCD,,接口直采,1,2026/9/18 12:50:25
多选题,剧毒化学品是指：（）,具有剧烈急性毒性危害、列入《危险化学品目录（2015版）》的化学品,人工合成的化学品及其混合物,具有急性毒性易造成公共安全危害的化学品,用于制造剧毒物品的化学品,ABC,,接口直采,1,2026/9/18 12:50:25
多选题,军训完毕后，妈妈收到女儿的QQ信息，“我在学校被选中国外交流生，交2万元保证金，请妈妈速把2万元发给学校招生办的相关账号。”请问这种情况你怎么处理？（）,按QQ相求将钱发送到账号,赶快与女儿通话，核实情况，视情况而定,发短信询问，确认后再做打算,女儿已经把实际情况告诉妈妈，立即汇款,BC,,接口直采,1,2026/9/18 12:50:42
多选题,开始冲压操作前，操作者应事先确认已经做好以下哪些事项？,认真检查防护装置的完好性,认真检查离合器的安全性,认真检查制动装置的安全性,清理工作台上一切不必要的物件,ABCD,,接口直采,1,2026/9/18 12:50:37
多选题,开展动物实验过程中，以下做法正确的是：（ ）,实验动物应从国家指定的具有资质的单位获得,废弃的动物尸体与器官可作为饲料原料再利用,按要求将废弃的动物尸体与器官消毒，并用专用塑料袋密封后冷冻储存，统一送有关部门集中焚烧处理,实验动物必须在指定的区域内饲养和使用，禁止私自在实验室饲养实验动物,ACD,,接口直采,1,2026/9/18 12:50:35
多选题,可燃性及有毒气体钢瓶一律不得进入实验楼内，存放此类气体钢瓶的地方应注意那些问题？,阴凉通风,严禁明火,有防爆设施,单独并固定存放,ABCD,,接口直采,1,2026/9/18 12:50:23
多选题,可用于浸泡消毒的化学消毒剂有：（）,0.2％过氧乙酸,2％戊二醛,含氯消毒剂,70％乙醇,ABCD,,接口直采,1,2026/9/18 12:50:35
多选题,雷电的特点有哪些：（）,电压高,尖端放电现象严重,静电感应突出,作用时间,ABC,,接口直采,1,2026/9/18 12:50:37
多选题,漏电保护器可用于保护：（）,输配电线路过载,设备过载,输配电线路漏电,设备漏电,CD,,接口直采,1,2026/9/18 12:50:37
多选题,履行个人信息保护职责的部门可以采取的措施包括：,询问当事人,查阅复制资料,查封设备,罚款,ABC,,接口直采,1,2026/9/18 12:50:42
多选题,氯气急性中毒可引起中、重度昏迷，支气管哮喘，严重窒息还会出现严重并发症，如气胸、纵隔气肿等，因此在使用氯气时要做到：（）,在氯气气瓶附近安装气体泄漏报警装置,使用者佩戴防毒面具,定期检查是否漏气,确保在使用时对过量的氯气进行无害化吸收,ABCD,,接口直采,1,2026/9/18 12:50:25
多选题,面对火灾，以下哪些逃生方法是正确的：（）,选择逃生通道自救,结绳下滑自救,向外界求救,乘坐电梯逃生,ABC,,接口直采,1,2026/9/18 12:50:32
多选题,灭火的三种基本方法是：（）,隔离法,通风法,窒息法,冷却法,ACD,,接口直采,1,2026/9/18 12:50:32
多选题,灭火器的使用方法为：（）,提起灭火器，拉开安全插销,握住皮管，朝向火苗，用力握下手压柄,朝向火源根部喷，左右移动扫描,火熄灭后用水冷却余烬，并保持监控确定熄灭,ABCD,,接口直采,1,2026/9/18 12:50:32
多选题,灭火有哪些基本方法：（）,隔离法,冷却法,抑制法,窒息法,ABCD,,接口直采,1,2026/9/18 12:50:32
多选题,摩擦是产生静电一种主要原因，尤其在干燥的环境中，人体的活动和物体的移动都会产生很强的静电。静电在突然释放的时候会对人体或设备造成损伤。请从下列选项中选择防止静电事故的主要办法。,人体接触对静电敏感设备时提前释放自己身体中积累的电荷，例如带静电防护手环、使用静电防护毯,在重要场合铺设防静电地板,增加空气中的湿度，降低静电产生的条件,保证电路良好的绝缘,ABC,,接口直采,1,2026/9/18 12:50:18
多选题,某位同学通过电商平台购买了物品，下单成功后突然收到短信，表示购买没有成功需要退款，要求提供退款的账号和密码。碰到这样的情况应该（）,接到这样的信息，应该按照对方的要求做,联系卖家，或者在网站询问,应该是真的，赶紧操作,好像有疑惑，还是询问其他人看看,BD,,接口直采,1,2026/9/18 12:50:42
多选题,某位学生搭乘飞机回学校，突然收到一条短信，提示飞机因为某些原因无法正常起飞，需要退票、退款，请你及时与短信上的电话联系。这种现象你认为这是。（）,航空公司主动服务,骗子设置的诱饵,这是人家好心，应该相信,有可能是假的，以航空公司官方的消息为准,BD,,接口直采,1,2026/9/18 12:50:42
多选题,某学生欲将一款网络游戏装备出售，登录某交易网站进行交易。不久，该生就收到了来自“网站客服”的电话。对方在电话中称“游戏装备已被卖出，如提现需交足等额押金”。此时你应当（）,按照客服提示，交付押金,骗子，不理睬,谨慎考察一下交易的平台是否可靠,抓紧时间交押金，尽快提现,BC,,接口直采,1,2026/9/18 12:50:42
多选题,某学生在淘宝上买了个小家电，下午突然收到一个客服旺旺的消息，说他们的宝贝价格标高了，接着发给你一个链接，说是改价后的商品，让你重新拍下，旧的交易将会自动关闭，你会（）,直接点链接，重新拍下宝贝,重新检查拍下物品的状态，看看是不是存在他说的降价情况,肯定是骗子，不理他,将信将疑，按照客服的要求试一下,BC,,接口直采,1,2026/9/18 12:50:42
多选题,哪些场所应该优先使用带有漏电保护的开关：（）,手持电动工具,临时用电的电气设备,高压电,安装在水中的供电线路和设备,ABCD,,接口直采,1,2026/9/18 12:50:37
多选题,哪种措施不能用来对付发动机台架失火？,二氧化碳灭火器,干粉灭火器、 泡沫灭火器,水枪,泼水,CD,,接口直采,1,2026/9/18 12:50:37
多选题,内照射防护的一般措施有：（）,包容,隔离,净化,稀释,ABCD,,接口直采,1,2026/9/18 12:50:16
多选题,喷雾消毒法是采用各种化学消毒药物形成的气溶胶对空气和物体表面进行消毒，常用的化学消毒药物有：( ),0.05％百毒杀,70％酒精溶液,过氧乙酸,甲醛,AC,,接口直采,1,2026/9/18 12:50:35
多选题,皮肤接触化学品伤害时所需采取的急救措施指现场作业人员意外地受到自救和互救的简要处理办法。下列叙述中正确的是：（ ）,剧毒品：立即脱去衣着，用推荐的清洗介质冲洗。就医,中等毒品：脱去衣着，用推荐的清洗介质冲洗。就医,有害品：脱去污染的衣着，按所推荐的介质冲洗皮肤,腐蚀品：按所推荐的介质冲洗。若有灼伤，就医,ABCD,,接口直采,1,2026/9/18 12:50:15
多选题,屏护可以采用哪些方式把带电体同外界隔绝开：（）,遮拦,围栏,护盖,箱闸,ABCD,,接口直采,1,2026/9/18 12:50:37
多选题,扑救带电物体引发的火灾（E类火灾），应先切断电源，再用：（）,二氧化碳灭火器,干粉灭火器,氯代烷灭火器,泡沫灭火器、水,ABC,,接口直采,1,2026/9/18 12:50:32
多选题,扑救动植物油脂火灾（F类火灾），应用几层灭火毯包住着火部位，隔绝空气，再选择：（）,二氧化碳灭火器,干粉灭火器、水,氯代烷灭火器,泡沫灭火器,ABCD,,接口直采,1,2026/9/18 12:50:32
多选题,扑救可燃活泼金属（D类火灾），如钾、钠、镁等发生的火灾，绝对不能用：（）,水,泡沫灭火器,二氧化碳灭火器,四氯化碳灭火器,ABCD,,接口直采,1,2026/9/18 12:50:32
多选题,扑救可燃活泼金属（D类火灾），如钾、钠、镁等发生的火灾，可用：（）,干沙式铸铁粉末,专用灭火剂,氯代烷灭火器,水,AB,,接口直采,1,2026/9/18 12:50:32
多选题,扑救易燃含碳固体引发火灾（A类火灾）的方法：易燃含碳固体可燃物，如迷彩、棉毛、麻、纸张等燃烧发生的火灾，可用：（）,清水灭火器,泡沫灭火器,干粉灭火器,氯代烃灭火器,ABC,,接口直采,1,2026/9/18 12:50:32
多选题,扑救易燃液体（B类火灾），如汽油、乙醚、甲苯等有机溶剂着火时，可用：（）,干粉灭火器,泡沫灭火器,卤代烷灭火器,水,ABC,,接口直采,1,2026/9/18 12:50:32
多选题,普通实验室饲养实验动物，开展动物实验存在下列哪些风险：（）,动物福利得不到保障,人员得不到有效的防护,动物逃逸难以捕捉,实验收集数据误差大,ABCD,,接口直采,1,2026/9/18 12:50:35
多选题,气瓶本身涂抹颜色的目的是：（）,可以通过特征颜色识别瓶内气体的种类,防止锈蚀,美观,生产厂家的标识,AB,,接口直采,1,2026/9/18 12:50:23
多选题,气瓶的颜色标记包括气瓶的：（）,外表面颜色,文字的颜色,色环的颜色,阀门的颜色,ABC,,接口直采,1,2026/9/18 12:50:23
多选题,气瓶的种类和分类方法主要有：（）,按瓶内气体的危险性分类,按盛装介质的物理状态分类,按制造方法等进行分类,按用途分类,ABC,,接口直采,1,2026/9/18 12:50:23
多选题,气瓶使用的安全责任，下列描述正确的有：（）,环科院各二级单位负责监督本单位对气瓶供应商和气瓶充装单位的资质审验工作，按时统计使用变化情况,各二级单位的主要负责人是本二级单位的气瓶安全的第一责任人,各二级单位负责监督和落实本单位气瓶安全管理责任制度，有针对性地制订应急预案措施,各二级单位负责制订气瓶相关的安全管理制度和操作规程，对具体使用人员进行使用培训和安全教育等工作,ABCD,,接口直采,1,2026/9/18 12:50:23
多选题,气瓶因瓶内盛装气体性质不同而具有不同的危险性，如：（）,物理爆炸性,化学活泼性,可燃性,扩散性,ABCD,,接口直采,1,2026/9/18 12:50:23
多选题,气瓶在使用过程中的注意事项有：（）,发现有严重腐蚀、损伤或对其安全可靠性有怀疑时，应提前进行检验,库存和停用时间超过一个检验周期的气瓶，启用前应进行检验,气瓶检验单位对要检验的气瓶逐只进行检验，并按规定出具检验报告,未经检验或检验不合格的气瓶不得使用,ABCD,,接口直采,1,2026/9/18 12:50:23
多选题,气体到货后应检查：（）,外观颜色、字样和色环；各部件是否完整无损,气瓶肩部钢印、标记及生产日期,产品合格证和明显的警示标志,是否配备气瓶钢帽、防震圈和手轮,ABCD,,接口直采,1,2026/9/18 12:50:23
多选题,气体的危险特性有：（）,物理性爆炸,化学性爆炸,易燃性,腐蚀性和毒害性,ABCD,,接口直采,1,2026/9/18 12:50:25
多选题,气体钢瓶使用过程中的注意事项包括：（）,气瓶一般应立放，并应采取措施防止倾倒，以确保气瓶不会因为自然灾害而移动。,缓慢开启瓶阀，以避免出气速度过快产生摩擦热。,阀门关闭动作也应轻缓，要关严但不要用力过大、关得太紧。,阀门关得过紧或盛装易燃气体的气瓶在阀门开启时严禁用锤子、管钳等铁器。,ABCD,,接口直采,1,2026/9/18 12:50:23
多选题,汽车电路改装时以下做法正确的是：（）,使用普通电线,使用阻燃电线,在电池正极附近安装保险,在电源负极安装保险,BC,,接口直采,1,2026/9/18 12:50:37
多选题,汽车实验前操作者应当检查的内容包括：（）,悬架状况、转向、制动系统,轮胎气压及花纹,发动机状况,灭火器,ABCD,,接口直采,1,2026/9/18 12:50:37
多选题,强氧化的浓酸废液收集时，下列说法正确的是：（）,可稀释后直接倒入下水道,可与其他酸混合收集,严禁直接倒入聚乙烯类的废液桶中,须使用原瓶回收,CD,,接口直采,1,2026/9/18 12:50:20
多选题,氢氟酸应急处理用的“六氟灵”及葡萄糖酸钙软膏位于（）清洗间。,2楼1区,2楼2区,4楼,2楼黄光区,AC,,接口直采,1,2026/9/18 12:50:40
多选题,取用化学药品时，必须遵守的原则是：( ),不能用手直接接触化学药品,为防止污染化学品，瓶塞应倒置桌面上，取用后立即盖严,使用干净的器具，并且禁止混用,取出后的化学品不能倒回原瓶，应放入其它合适容器中另作处理,ABCD,,接口直采,1,2026/9/18 12:50:25
多选题,取用化学药品时，以下哪些事项操作是正确的？,取用药品时，要戴上橡皮手套和防护眼镜,倾倒时，切勿直对容器口俯视,使用有毒气体时应戴防毒用具,可以裸手直接拿取药品,ABC,,接口直采,1,2026/9/18 12:50:25
多选题,燃烧按照其形成的条件和发生的特点，可分为如下（）类型。,闪燃,阴燃,自燃,着火,ABCD,,接口直采,1,2026/9/18 12:50:32
多选题,燃烧需要同时具备的要素是：（）,着火源,可燃物,助燃物,还原剂,ABC,,接口直采,1,2026/9/18 12:50:32
多选题,日常保养或例行保养的“10字作业法”核心内容是:（）,清洁,润滑,紧固,调整,ABCD,,接口直采,1,2026/9/18 12:50:38
多选题,容器中的溶剂发生燃烧应如何处理？,用干粉灭火器灭火,加水灭火,加砂子灭火,用瓷砖、玻璃片或石棉布盖熄,AD,,接口直采,1,2026/9/18 12:50:25
多选题,如果你第一个发现某实验室着火，可以：（）,判断火情、火源及燃烧物种类，若火势较小、容易控制，及时使用相应的灭火器材进行灭火,若火势稍大，及时联系实验室负责人，迅速转移周围的可燃物,避免火势扩大，及时报警，尽可能使用灭火设施进行灭火,若火势过大，不易控制，呼唤他人，正确报警，有序疏散，及时逃生,ABCD,,接口直采,1,2026/9/18 12:50:32
多选题,如何安置、处理实验服：（）,离开实验室时，实验服必须脱下并留在实验室内,实验服不得穿着外出，更不能携带回家,用过的工作服应先在实验室中消毒，然后统一洗涤或丢弃,实验服最好能够完全扣住，长袖、背面开口的隔离衣防护效果更好,ABCD,,接口直采,1,2026/9/18 12:50:28
多选题,若因渗漏、油浴着火等引起反应体系着火时，有效的扑灭方法有：（）,用几层灭火毯包住着火部位，隔绝空气使其熄灭,扑救时必须防止玻璃仪器破损造成严重的泄漏，导致火势扩大,若使用灭火器时，由火场的周围逐渐向中心处扑灭,用水扑救,ABC,,接口直采,1,2026/9/18 12:50:32
多选题,少量溶剂溅出并燃烧时应如何处理？,马上使用灭火器灭火,马上向燃烧处盖砂子或浇水,尽快移去临近可燃物，关闭热源和电源，再灭火,马上用石棉布盖住燃烧处,CD,,接口直采,1,2026/9/18 12:50:15
多选题,设备仪器的报废需满足的条件有：（）,自然寿命终止：即设备仪器的使用年限已超过规定，其主要结构和部件的磨损、变质和老化使其性能已无法达到技术指标的最低要求。,经济寿命结束：即设备仪器年久失修，已无法修复使用；或因意外事故使设备仪器遭受严重损伤，导致无法修复或修复花费较大，经济上不合算。,技术寿命终止：当设备仪器因结构陈旧、技术落后、性能不良而达不到实验和测试要求时，其技术寿命终止。,以上都不是,ABC,,接口直采,1,2026/9/18 12:50:38
多选题,涉及下列哪些气体，必须在通风橱内操作？,氮气,硫化氢,二氧化碳,溴,BD,,接口直采,1,2026/9/18 12:50:25
多选题,涉及有毒试剂的操作时，应采取的保护措施包括：（ ）,佩戴适当的个人防护器具,在通风橱中操作,做好应急救援预案,了解试剂的毒性,ABCD,,接口直采,1,2026/9/18 12:50:28
多选题,生物安全各级实验室的适用对象？,I级生物安全防护：已知对健康成年人无致病作用，对实验室工作人员和环境的潜在危害很小。,II级生物安全防护：对人体和环境有中等危害或具有潜在危险的致病因子。,III级生物安全防护：可通过呼吸途径使人感染，导致严重的、甚至是致死性疾病的感染性材料。,IV级生物安全防护：危险的和新的感染性材料，表现出通过气溶胶途径传播实验室感染和致命疾病的高度危险性。,ABCD,,接口直采,1,2026/9/18 12:50:35
多选题,生物安全实验室废弃物处置应遵循的原则是：（）,将操作、收集、运输、处理处置废物的危险减至最小,将其对环境的有害作用减至最小,使用被承认的技术方法处理处置危险废物,排放符合国家或地方规定和标准的要求,ABCD,,接口直采,1,2026/9/18 12:50:20
多选题,生物实验室的培训内容主要有以下几方面：（）,实验室安全意识和安全法律法规,实验室生物安全管理体系知识的培训,实验室生物安全实验标准操作规程、安全手册、设备操作手册等,人员的岗位安全职责、重要危险因素、信息传递方式等。,ABCD,,接口直采,1,2026/9/18 12:50:35
多选题,生物医学实验室中个人防护用品包括：（）,防护服（普通服，正压服）、手套、口罩,防毒面具,护目镜,鞋,ABCD,,接口直采,1,2026/9/18 12:50:35
多选题,生物因子的危险程度，可分为4个危险级，它们中正确的是：( ),危险级I（个体和群体低危险）,危险级II（中等个体危险，有限群体危险）,危险级II（高个体危险，低群体危险）,危险级IV（高个体危险，高群体危险）,ABCD,,接口直采,1,2026/9/18 12:50:35
多选题,实践使公众中有关关键人群组的成员所受到的平均剂量估计值不应超过下述限值：（）,年有效剂量1mSv,特殊情况下，如果5个连续的年平均有效剂量不超过1mSv，则某一单一年份的有效剂量可提高到5mSv,眼晶体的年当量剂量15mSv,皮肤的年当量剂量50mSv,ABCD,,接口直采,1,2026/9/18 12:50:16
多选题,实验动物传染病的分类以及每类传染病的代表性病原微生物有哪些？,第一类：对自然宿主致病性强、常引起暴发流行，甚至毁灭整个动物群的烈性传染病，引起此类疾病的病原体包括鼠痘病毒（脱脚病病毒）、兔出血病病毒（兔瘟病毒）、多杀性巴氏杆菌、鼠棒状杆菌、泰泽病原体等。,第二类：对自然宿主、人和其他动物均有较强的致病性，由人畜共患病原体引起的传染病，引起此类疾病的狂犬病毒、淋巴细胞性脉络丛脑膜炎病毒、沙门菌、志贺菌、布鲁氏杆菌、结核分枝杆菌、致病皮肤真菌以及弓形体等。,第三类：对自然宿主有一定的致病性，可引起疾病流行，影响动物的健康，并对研究工作产生严重干扰的传染病，引起此类疾病的病原体包括小鼠肝炎病毒、仙台病毒、鼠霉形体等。,第四类：对自然宿主、人和其他动物均无明显致病性，但可污染生物制剂、肿瘤移植物和细胞培养物等，存在潜在的传染性，引起此类疾病的病原体包括鸡白血病病毒、猴病毒40。,ABCD,,接口直采,1,2026/9/18 12:50:35
多选题,实验过程中发生烫伤，正确的处理方法是：（）,浅表的小面积烫伤，以冷水冲洗15至30分钟至散热止痛，涂抹烫伤膏,严重时应立即送往医院,若有水泡可自行刺破,以上都对,AB,,接口直采,1,2026/9/18 12:50:15
多选题,实验结束时需关闭计算机电源，原因包括（）,节省能源,预防用电事故,保养设备,不需要关机,ABC,,接口直采,1,2026/9/18 12:50:42
多选题,实验开始前应该做好哪些准备？,必须认真预习，理清实验思路,应仔细检查仪器是否有破损，掌握正确安装使用仪器的要点,弄清水、电、气的管线开关和标记，保持清醒头脑，避免违规操作,了解实验中使用的药品的性能和有可能引起的危害及相应的防护措施,ABCD,,接口直采,1,2026/9/18 12:50:27
多选题,实验室、机房的使用规定中禁止以下哪些行为？,私接用电器且离开时不断开电源,携带无封口食物进入并存放在实验室内,携带敞开饮料进入机房实验,未经申请将实验设备带离实验室,ABCD,,接口直采,1,2026/9/18 12:50:42
多选题,实验室安全文化的意义包括：（）,实验室安全文化是校园安全文化的重要组成部分，是构建和谐校园的要求，是社会主义精神文明建设的重要内容。,实验室安全文化使实验室安全管理制度和安全管理活动具有强有力的文化约束和支持，实现实验室安全状况的根本好转。,通过实验室安全文化，营造实验室安全氛围，从思想层面入手，从根本上预防和杜绝实验室安全事故的发生。,实验室安全文化是高等教育文化传承与创新的内容之一，有利于学校软实力提高。,ABCD,,接口直采,1,2026/9/18 12:50:27
多选题,实验室产生的废液，一般可按下列（）分类收集。,有机废液,强酸废液,一般重金属废液,汞废液,ABCD,,接口直采,1,2026/9/18 12:50:20
多选题,实验室常见的易燃液体起火时，下列措施正确的有：（）,小面积火灾可用干粉灭火器或泡沫灭火器、沙土覆盖等进行扑救,容器内的可用湿抹布覆盖灭火,扑救毒害性、腐蚀性或燃烧产物毒性较强的易燃液体火灾，扑救人员必须佩戴防毒面具，采取严密的防护措施,用消火栓灭火,ABC,,接口直采,1,2026/9/18 12:50:32
多选题,实验室常可用于手部皮肤消毒的溶液有：（）,70％乙醇,0.3％～0.5％碘伏,0.1％的新洁尔灭,60％异丙醇,ABCD,,接口直采,1,2026/9/18 12:50:35
多选题,实验室常用于皮肤或普通实验器械的消毒液有：( ),0.2%～1%漂白粉溶液,70%乙醇,2%碘酊,0.2%～0.5%的洗必泰,BCD,,接口直采,1,2026/9/18 12:50:15
多选题,实验室发生火灾紧急事故时，正确的应对策略是：（）,发生大的突发事故后，人身安全才是最重要的，事故现场人员首先应尽快有序地从安全通道撤离，等事故得到控制之后再回来处理其他事情,听从指挥,发生小型着火事故，应防止火势蔓延（采取切断电源、移走易燃物品、灭火等措施）,如被困室内（电梯内），应设法呼救,ABCD,,接口直采,1,2026/9/18 12:50:32
多选题,实验室发生紧急事故时，正确的应对策略是：（）,发生大的突发事故后，人身安全才是最重要的，事故现场人员首先应尽快有序地从安全通道撤离，等事故得到控制之后再回来处理其他事情,听从指挥,发生小型着火事故，应防止火势蔓延（采取切断电源、移走易燃物品、灭火等措施）,如被困室内（电梯内），应设法呼救,ABCD,,接口直采,1,2026/9/18 12:50:15
多选题,实验室废弃物按性质可分为：（）,一般性废弃物,化学性废弃物,生物性废弃物,放射性废弃物,BCD,,接口直采,1,2026/9/18 12:50:20
多选题,实验室废弃物处置的一般程序是：（）,确定废弃物主要成分及其危害性,收集、储存实验室废弃物,采用适当的方法对废弃物进行预处理，减少废弃物数量及危害性,正确处置废弃物,ABCD,,接口直采,1,2026/9/18 12:50:20
多选题,实验室废弃物的危害性主要有：（）,感染性,生物危害性,化学危害性,环境危害性,ABCD,,接口直采,1,2026/9/18 12:50:20
多选题,实验室废液应如何处理：( ),直接排放,分别收集，集中预处理，将毒害降低到国家规定的范围，然后排放,应配备专门的废液回收桶，将废液上交有关部门处理回收,有毒化学试剂与腐蚀性化学试剂废弃物应根据性质不同分别单独存放,BCD,,接口直采,1,2026/9/18 12:50:20
多选题,实验室废液暂存，下列说法正确的是：（）,废液桶完全装满后，及时联系实验室废物管理员登记存放,存放在一般人接触不了的指定位置,存放废液桶时，须拧紧瓶盖，整齐直立摆放,若空间不够，在保证安全的情况下，可以叠放，最高不超过三层,BCD,,接口直采,1,2026/9/18 12:50:20
多选题,实验室工作人员必须在身体状况良好的情况下才可进入BSL2／ABSL-2及以上级别的实验室工作，出现以下哪种情况，不可进入上述实验室？,患发热性疾病,感冒、上呼吸道感染或其他导致抵抗力下降的情况,妊娠、高血压、心脏病、皮肤病,已在实验室控制区内连续工作4h以上或因其他原因造成的疲劳状态,ABCD,,接口直采,1,2026/9/18 12:50:35
多选题,实验室管理各类加热设备要做到：（）,单位及实验人员须提高实验室安全意识，加强加热设备的使用与管理，定期检查加热设备的安全状况，杜绝违规操作。,一般不得使用明火炉，如必须使用应根据消防安全管理制度，制定灭火和应急疏散预案，加强审批和使用监管。,使用加热设备的实验室应配备相应的防护设施，制定相应的应急预案，配置现场急救用品和消防设施等。,,ABC,,接口直采,1,2026/9/18 12:50:38
多选题,实验室烘箱、消解板、管式炉等有异味或冒烟时，操作正确的有：（）,迅速切断电源，使其慢慢降温，并准备好灭火器备用,千万不要打开仪器门，以免突然供入空气助燃，引起火灾,迅速打开仪器门散热,洒水降温,AB,,接口直采,1,2026/9/18 12:50:32
多选题,实验室基本的防火措施有：（）,加强易燃易爆化学物品管理,严格用电管理,严格执行操作过程,加强实验室人员消防安全教育,ABCD,,接口直采,1,2026/9/18 12:50:32
多选题,实验室将大型仪器分为：（）,实验室检测仪器,实验室前处理仪器,野外便携式仪器,专业性强的小众仪器,ABCD,,接口直采,1,2026/9/18 12:50:38
多选题,实验室禁止使用的电器有：（）,电风扇,热得快,盘式电炉,空调,BC,,接口直采,1,2026/9/18 12:50:37
多选题,实验室每年对工作场所安全检查的重点是：（ ）,可燃易燃性、可传染性、放射性和有毒物质的存放,清除污染和废弃物处理情况,实验室卫生及整理情况,应急装备、器械及警报系统运行状态,ABCD,,接口直采,1,2026/9/18 12:50:27
多选题,实验室内操作大量乙炔气时，应注意的问题有：（ ）,室内不可有明火,室内不可有产生电火花的电器,房间应密闭,室内应有高湿度,AB,,接口直采,1,2026/9/18 12:50:23
多选题,实验室内发生触电事故时，可采取以下哪几种方式使触电人脱离低压电源？,拉闸断电,用不导电的木棍挑开电源线,用手拉开触电人,,AB,,接口直采,1,2026/9/18 12:50:42
多选题,实验室配备的常见便携式灭火器包括：（）,灭火器,灭火毯,各类自动消防设施,消防栓,AB,,接口直采,1,2026/9/18 12:50:32
多选题,实验室配备的常见的便携式灭火器材包括：（）,各类自动消防设施,灭火器,灭火毯,以上都不是,BC,,接口直采,1,2026/9/18 12:50:32
多选题,实验室气态废弃物常用的预处理方法包括：（）,吸收法,固体吸附法,光氧催化法,燃烧法,ABCD,,接口直采,1,2026/9/18 12:50:20
多选题,实验室生物安全防护的对象是：（）,保护试验者不受实验对象侵染,确保实验室其他工作人员不受实验对象侵染,确保周围环境不受其污染,实验者身边的人,ABCD,,接口直采,1,2026/9/18 12:50:35
多选题,实验室生物安全防护涵盖的内容包括：（）,安全设备,个体防护装置和措施,实验室的特殊设计和建设要求,严格的管理制度和标准化的操作程序和规程,ABCD,,接口直采,1,2026/9/18 12:50:35
多选题,实验室是大学生创新实践的重要平台，是一个重要的公共场所，进入实验室开展研究工作时，应做到：( ),着装不要拖沓暴露,实验室内禁止进餐,做好仪器设备使用登记，并管护好自己的财物,做好场地清洁，注意用水用电安全,ABCD,,接口直采,1,2026/9/18 12:50:27
多选题,实验室特种设备安全技术档案应当包括：（）,特种设备的设计文件、产品质量合格证明、安装及使用维护保养说明、监督检验证明等相关技术资料和文件,特种设备的定期检验和定期自行检查记录,特种设备的日常使用状况记录,特种设备及其附属仪器仪表的维护保养记录,ABCD,,接口直采,1,2026/9/18 12:50:38
多选题,实验室突发事件种类包括：（）,灾害性突发事件,人源性突发事件,生物性突发事件,物理性突发事件,ACD,,接口直采,1,2026/9/18 12:50:15
多选题,实验室危险化学品的安全管理工作主要内容包括：（）,加强实验人员安全教育，督促实验人员安全规范操作,管理危险化学品的计划报批、购买申请、验货、记录、编号、贴签、协助危险化学品管理员入库,制订并张贴涉及危险化学品的安全操作规程和应急措施，配备必要的安全防护措施和应急装备,易制爆危险化学品库房巡更培训,ABC,,接口直采,1,2026/9/18 12:50:25
多选题,实验室仪器、设备等起火的处理措施有：（）,对在实验容器中发生的局部小火，用湿布、石棉网、表面皿等覆盖，就可以使火焰窒息,若因渗漏、油浴着火等引起反应体系着火时，有效的扑灭方法是用几层灭火毯包住着火部位，隔绝空气使其熄灭。扑救时必须防止玻璃仪器破损造成严重的泄漏，导致火势扩大。若使用灭火器时，由火场的周围逐渐向中心处扑灭,实验室烘箱、消解板、管式炉等有异味或冒烟时，应迅速切断电源，使其慢慢降温，并准备好灭火器备用,千万不要轻易打开仪器门，以免突然供入空气助燃，引起火灾,ABCD,,接口直采,1,2026/9/18 12:50:32
多选题,实验室中常常用到一些压力容器（如高压反应釜、气体钢瓶等），下列被严格禁止的行为是：（ ）,带压拆卸压紧螺栓,气体钢瓶螺栓受冻，不能拧开，可以考虑用火烧烤,在搬动、存放、更换气体钢瓶时不安装防震垫圈,学生在没有经过培训、没有老师在场指导的情况下使用气瓶,ABCD,,接口直采,1,2026/9/18 12:50:23
多选题,实验室中使用气体钢瓶等，下列被严格禁止的行为是：（）,带压拆卸压紧螺栓,气体钢瓶螺栓受冻，不能拧开，可以用火烧烤,在搬动、存放、更换气体钢瓶时不安装防震垫圈,学生在没有经过培训、没有老师在场指导的情况下使用气瓶,ABCD,,接口直采,1,2026/9/18 12:50:23
多选题,实验仪器中用橡胶制成的零部件很多，清洗橡胶件上的油污，可用（）等作为清洗剂。,酒精,四氯化碳,稀硝酸,稀盐酸,AB,,接口直采,1,2026/9/18 12:50:38
多选题,使用氨气气瓶，主要注意事项为（）。,应注意通风,要注意防止冻伤,可在允许洒水的地方使用及贮藏,气瓶间禁止剧烈碰撞。,ABCD,,接口直采,1,2026/9/18 12:50:23
多选题,使用冰箱和超低温冰箱时，需注意的是：（）,定期除霜和清洁，清理破碎的玻璃器皿和未标名的物品，清理后要对内表面进行消毒,储存在冰箱内的所有容器，应当清楚地标明内装物品的品名、储存日期和储存者的姓名,除非有防爆措施，否则冰箱内不能放置易燃溶液，冰箱门上应注明此项,可以在冰箱内放置冷冻食品和饮用水,ABC,,接口直采,1,2026/9/18 12:50:38
多选题,使用不了解的化学药品前应做好哪些准备？,明确药品在实验中的作用,掌握药品化学性质,掌握药品物理性质,了解药品毒性及防护措施,ABCD,,接口直采,1,2026/9/18 12:50:25
多选题,使用车床应注意的安全问题有：（）,使用前进行机床完好状况检查,工件装卡合理紧固,刀具装卡可靠,着装规范，不戴手套,ABCD,,接口直采,1,2026/9/18 12:50:37
多选题,使用电动起重设备前应该认真检查其安全性，检查内容包括：（）,吊钩与钢丝绳的可靠性,操纵开关的灵敏性,确定起吊重量是否超过额定值,运行空间有无障碍,ABCD,,接口直采,1,2026/9/18 12:50:30
多选题,使用电焊机应注意的安全问题有：（）,电源及线路连接可靠,工作场地地面干燥,场地周边无易燃物,焊接时必须使用防护面罩,ABCD,,接口直采,1,2026/9/18 12:50:37
多选题,使用毒气气瓶，应具备足够的知识：（）,要准备好防毒面具，对于防毒设备或躲避之类措施，也要考虑周全,要在通风良好的地方使用，并经常检测有无毒气泄漏滞留,把毒气排入大气中时，要将它转化成完全无毒的物质后再排放,毒气会腐蚀气瓶，使其容易生锈、机械强度降低，故必须十分注意加强气瓶的保养,ABCD,,接口直采,1,2026/9/18 12:50:23
多选题,使用干燥箱和恒温箱，应注意的事项有：（）,使用前检查电源，要有良好的接地线,箱内应保持清洁，否则影响待干燥物品的洁净度,塑料、有机玻璃制品的加热温度不能超过160℃，玻璃制品的温度不能超过280℃,使用温度不能超过干燥箱的最高允许温度，用毕要及时切断电源,ABD,,接口直采,1,2026/9/18 12:50:38
多选题,使用高压灭菌器的注意事项有：（）,注意防护，防止烫伤，待温度下降到80℃后再开盖,一次高压灭菌物品不宜过多,高压灭菌液体时，如果使用有盖容器应旋松盖子，防止产生爆裂,高压灭菌物品中不能含腐蚀性或其他化学品,ABCD,,接口直采,1,2026/9/18 12:50:38
多选题,使用高压灭菌器时，以下哪些要求是必要的：（）,灭菌器腔内装载要松散，以便蒸汽作用均匀,必须穿防护服和戴手套,灭菌器的排水过滤器应经常拆下清洗,待温度降至80℃以下时再打开高压灭菌器,ACD,,接口直采,1,2026/9/18 12:50:28
多选题,使用高压灭菌器时，以下要求必要的是：（ ）,灭菌器腔内装载要松散，以便蒸汽作用均匀,必须穿防护服和戴手套,灭菌器的排水过滤器应经常拆下清洗,待温度降至80℃以下时再打开高压灭菌器,ACD,,接口直采,1,2026/9/18 12:50:30
多选题,使用高压灭菌器时，应注意：（ ）,注意防护，防止烫伤，待温度降下到80℃后再开盖,一次高压灭菌物品不宜过多,高压灭菌液体时，如果使用有盖容器应旋松盖子，易产生爆裂,高压灭菌物品中不能含腐蚀性或其他化学品,ABCD,,接口直采,1,2026/9/18 12:50:30
多选题,使用和保存强氧化剂时，应注意：( ),储存温度低于30℃,通风良好,禁止接触明火,在手套箱内操作,ABC,,接口直采,1,2026/9/18 12:50:25
多选题,使用和保存强氧化剂时，应注意：（）,储存温度低于30℃,通风良好,禁止接触明火,不要与有机物和还原性物质共同存放,ABCD,,接口直采,1,2026/9/18 12:50:25
多选题,使用和保存强氧化剂时应注意：（）,在手套箱内操作,保持良好通风,禁止接触明火,储存温度低于30℃,BCD,,接口直采,1,2026/9/18 12:50:25
多选题,使用离心机时，下列操作正确的是：（ ）,离心管必须盖紧盖子,可以用盐溶液或次氯酸盐溶液平衡空离心管,使用固定角度的离心转子时，必须注意离心管不要装的太满以防溢出,每次使用后要清除离心桶、转子、离心机腔的污染,ACD,,接口直采,1,2026/9/18 12:50:38
多选题,使用离心机时下列哪种操作是正确的：（）,用于离心的离心管必须始终盖紧盖子,可以用盐溶液或次氯酸盐溶液平衡空离心管,使用固定角度的离心转子时，必须注意离心管不要装得太满以防溢出,每次使用后要清除离心桶、转子、离心机腔的污染,ACD,,接口直采,1,2026/9/18 12:50:38
多选题,使用离心机时下列哪种操作是正确的？,离心管必须盖紧盖子,可以用盐溶液或次氯酸盐溶液平衡空离心管,使用固定角度的离心转子时，必须注意离心管不要装的太满以防溢出,每次使用后要用清除离心桶、转子、离心机腔的污染,ACD,,接口直采,1,2026/9/18 12:50:38
多选题,使用氯气气瓶，主要注意事项为：（）,应在通风良好的地点或通风橱内进行,调节器等应是专用的器械,如果氯气中混入水分，就会使设备严重腐蚀，因此每次使用都要去除水分,充气6个月以上的氯气气瓶，不宜继续存放,ABCD,,接口直采,1,2026/9/18 12:50:23
多选题,使用普通钻床应注意的安全问题有：（）,小工件必须用卡钳卡紧,钻头要卡正卡紧,禁止手触旋转件,钻头缠屑应停机处理,ABCD,,接口直采,1,2026/9/18 12:50:37
多选题,使用起重设备时需要注意的问题有：（）,起重量不能超过设备允许额定量,起重物放置应当稳妥,起重点不可偏斜,人员占位要合理,ABCD,,接口直采,1,2026/9/18 12:50:30
多选题,使用砂轮机应注意安全问题有：（）,砂轮不可松动、缺损,不磨质量过大的工件,操作时戴防护眼镜,周边无易燃物,ABCD,,接口直采,1,2026/9/18 12:50:37
多选题,使用生物安全柜（BSC）时下列哪种操作是错误的？,只有在BSC工作正常时才可以使用,物品放入柜内工作区之前不需表面净化,使用过程中可以打开玻璃面板,实验操作应在工作台的中后部完成,BC,,接口直采,1,2026/9/18 12:50:35
多选题,使用生物安全柜（BSC）时下列哪种操作是正确的？,在工作完成或一天结束时，应当对BSC的表面进行消毒,在开始工作前和工作结束后都应当让BSC的风扇运行5分钟,操作者应当尽量减少胳膊的伸进和移出,不能用移液管或其他物质堵住工作区前面的空气格栅,ABCD,,接口直采,1,2026/9/18 12:50:35
多选题,使用生物材料特别注意事项是：（）,微生物、动物组织、细胞培养液、血液和分泌物等生物材料可能存在细菌和病毒感染的潜伏性危险，处理时必须谨慎、小心,做完实验后，必须用肥皂、洗涤剂或消毒液充分洗净双手,被微生物等生物材料污染的玻璃器皿在清洗或高压灭菌前，应首先立即浸泡在适当的消毒液中,被污染的物品必须进行高压消毒或烧成灰烬,ABCD,,接口直采,1,2026/9/18 12:50:35
多选题,使用手锯锯工件快要锯断时，以下的哪种做法是正确的？（）,放慢锯削速度,加大锯削时的压力,锯削的速度可以加快,及时用手扶住被锯下的部分,AD,,接口直采,1,2026/9/18 12:50:37
多选题,使用手锯时，应注意哪些问题？（）,锯削时向前和向后用力要一致,安装锯条松紧要适当,锯削时速度不要过快,锯削时压力不要过大,BCD,,接口直采,1,2026/9/18 12:50:37
多选题,使用台钳应注意的安全问题有：（）,工件须夹紧,錾削方向前方不可有人,不可用锉刀作为拆卸工具或锤子使用,不可将台钳作为砧子过分锤击,ABCD,,接口直采,1,2026/9/18 12:50:37
多选题,使用氧气气瓶的主要注意事项包括：（）,运输和存储期间不得暴晒，不能与易燃气体气瓶混装、并放,与氢气等可燃性气体的气瓶间距不应小于20m,使用标明“禁油”的氧气专用压力计,连接部位禁止使用可燃性的衬垫,ABCD,,接口直采,1,2026/9/18 12:50:23
多选题,使用移液管时，下列操作正确的是：（ ）,可以用移液管反复吸入和抽出传染性物质,注射用针管不能用于吸液,可以从移液管中强制性吹出液体,不能向任何传染性物质的液体吹入空气,BD,,接口直采,1,2026/9/18 12:50:21
多选题,使用移液管时下列哪种操作是正确的：（）,可以用移液管反复吸入和抽出传染性物质,注射用的针管不能用于吸液,可以从移液管中强制性吹出液体,不能向任何传染性物质的液体吹入空气,BD,,接口直采,1,2026/9/18 12:50:21
多选题,使用乙炔气时，应注意：（）,周围不可有明火，避免产生电火花,操作人员须穿防静电服,房间应密闭,室内应有高湿度,AB,,接口直采,1,2026/9/18 12:50:23
多选题,使用易燃易爆的化学药品时应注意哪些事项？,不可明火加热,不可猛烈撞击或震荡,在通风橱中使用,使用水浴方式加热,ABCD,,接口直采,1,2026/9/18 12:50:25
多选题,使用易燃易爆的化学药品应该注意：( ),避免明火加热,加热时使用水浴或油浴,在通风橱中进行操作,不可猛烈撞击,ABCD,,接口直采,1,2026/9/18 12:50:25
多选题,使用易燃易爆的化学药品应该注意以下哪几点？,避免明火加热,加热时使用水浴或油浴,在通风橱中进行操作,不可猛烈撞击,ABCD,,接口直采,1,2026/9/18 12:50:25
多选题,使用止血带紧急止血，正确的是：（）,扎在近心端、尽量靠近伤口处,持续止血避免放松,需垫以衬垫且须垫平,做明显标记,ACD,,接口直采,1,2026/9/18 12:50:15
多选题,使用中心洁净室的真空吸尘系统时，应注意（）,不要频繁插拔，一般间隔1分钟以上,用完后盖板归位，并对准位置,可以用来吸塑料片、塑料袋、纸片或液体油类物质,可以用来吸60度以上的物品,AB,,接口直采,1,2026/9/18 12:50:40
多选题,使用重铬酸钾洗液时，下列陈述哪些是正确的？,重铬酸钾洗液是用于浸泡各类器皿的,用重铬酸钾洗液浸泡玻璃器皿时，可以将手直接插入洗液缸里取放器皿,在洗液缸里取放器皿时必须戴上专用手套并避免时间过长,取出器皿后，立即用水连同手套一起清洗,CD,,接口直采,1,2026/9/18 12:50:25
多选题,使用钻床钻孔时，操作者的身体不要与主轴靠得太近，应保持一定距离，其目的是：（）,避免切屑飞入眼睛里,避免头发被旋转钻头卷入,避免工件落下砸伤脚,避免衣服被旋转钻头卷入,BCD,,接口直采,1,2026/9/18 12:50:37
多选题,使用CO2培养箱时，应注意：（ ）,组织培养皿需放在塑料盘内进行孵育,培养瓶和碟不能叠放，要分类存放,定期清洁和消毒,专人管理，每天检查CO2、管道，防止漏气，检查温度等,ABCD,,接口直采,1,2026/9/18 12:50:38
多选题,试制设备维护保养的主要目标是：（),保持设备清洁,润滑良好,增加使用价值,安全运行,ABD,,接口直采,1,2026/9/18 12:50:38
多选题,试制设备维护保养依工作量大小和难易程度可分为（）等。,日常保养,一级保养,二级保养,三级保养,ABCD,,接口直采,1,2026/9/18 12:50:38
多选题,适用于个人剂量监测原则项目的是：（）,对于任何在控制区工作，或有时进入控制区工作且可能受到显著职业外照射的工作人员，或其职业外照射年有效剂量可能超过5mSv／a的工作人员，均应进行外照射个人监测,对于在监督区工作或偶尔进入控制区工作、预计其职业外照射年有效剂量在1～5mSv／a范围内的工作人员，应尽可能进行外照射个人监测,对于职业外照射年剂量水平可能始终低于法规或标准相应规定值的工作人员，可不进行外照射个人监测,所有操作加速器的工作人员，都应接受职业外照射个人监测,ABCD,,接口直采,1,2026/9/18 12:50:16
多选题,收集废液时，应在登记表中做好记录，并在收集容器上粘贴标签，标签需填写内容包括：（）,废液产生单位,主要危险成分,责任人,产生日期,ABCD,,接口直采,1,2026/9/18 12:50:20
多选题,属于气体的化学性质爆炸的有：（）,乙炔、乙烯与氯气混合遇日光会发生爆炸,液态氧与有机物接触能发生爆炸,压缩氧与油脂接触能发生自燃,压缩气体受热膨胀发生气瓶爆炸,ABC,,接口直采,1,2026/9/18 12:50:23
多选题,属于特种设备的起重机应同时满足以下哪些条件？（）,额定起重量大于或等于3t,提升高度大于或等于2m的起重机,额定起重量大于或等于2t,提升高度大于或等于3m的起重机,AB,,接口直采,1,2026/9/18 12:50:30
多选题,属于特种设备的压力容器应同时满足以下哪些条件？（）,最高工作压力大于或等于0.1MPa（表压）,容积大于或等于30L，且内直径（非圆形截面指截面内边界最大几何尺寸）大于或等于150mm,介质为气体、液化气体，且最高工作温度高于或等于标准沸点的液体,最高工作压力大于或等于0.2MPa（表压）,ABC,,接口直采,1,2026/9/18 12:50:30
多选题,数据安全保护义务包括：,建立全流程安全管理制度,开展安全教育培训,采取技术措施,无需采取任何措施,ABC,,接口直采,1,2026/9/18 12:50:42
多选题,数据安全事件发生后，处理者应当：,立即采取处置措施,及时告知用户,向主管部门报告,隐瞒不报,ABC,,接口直采,1,2026/9/18 12:50:42
多选题,数据出境安全管理适用《网络安全法》的是：,所有数据处理者,关键信息基础设施运营者,一般企业,个人,B,,接口直采,1,2026/9/18 12:50:42
多选题,数据处理活动包括：,收集,存储,使用,删除,ABC,,接口直采,1,2026/9/18 12:50:42
多选题,数控机床自动加工前应先做好：（）,装夹工件,传输程序,设置工件坐标系,模拟加工,ABCD,,接口直采,1,2026/9/18 12:50:37
多选题,水不能扑救的火灾有：（）,金属火灾,不溶于水的易燃液体火灾,碱金属氢化物火灾,高压电气装置火灾,ABCD,,接口直采,1,2026/9/18 12:50:32
多选题,塑料离心管可以盛放( )。,有机溶剂,酶溶液,盐溶液,普通水溶液,CD,,接口直采,1,2026/9/18 12:50:38
多选题,所有处于燃烧浓度范围之内的易燃气体，遇火源都可能发生火灾或爆炸，下列关于易燃气体的火灾危险性的说法，不正确的是：（）,易燃气体的主要危险性是易燃易爆性,复杂成分组成的气体比简单成分组成的气体易燃，着火爆炸危险性大,易燃气体由于分子间距大；排斥力大，相互作用小，非常容易扩散,价键饱和的易燃气体比相应价键不饱和的易燃气体的火灾危险性大,BD,,接口直采,1,2026/9/18 12:50:15
多选题,烫伤后的应急处置有哪些？,尽快使伤员脱离现场，并立即去除致伤的因素，如尽快脱去着火或沸液浸渍的衣服，特别是化纤衣服,认真检查体外复合伤，并做好止血、包扎、固定等处理,烧伤重的患者要尽可能地暴露烧伤创面，并立即用专门的药膏外涂并以纱布包扎,对于路程较远的危重伤员，原则上就近抢救,ABCD,,接口直采,1,2026/9/18 12:50:15
多选题,烫伤与烧伤应急要点有：（）,隔断热源,清水冲洗伤口,遮盖伤处,立即送医院,ABCD,,接口直采,1,2026/9/18 12:50:15
多选题,特殊化学品的火灾需注意以下哪些事项？,对于遇湿易燃物品火灾，禁止用水、泡沫、酸碱等湿性灭火剂扑救,氧化剂和有机过氧化物的灭火比较复杂，应针对具体物质具体分析,"扑救2,4-二硝基苯甲醚、二硝基萘、萘等易燃固体、自燃物品时，应不时向燃烧区域上空及周围喷射雾状水，并消除周围一切火源",扑救毒害品和腐蚀品的火灾时，应尽量使用低压水流或雾状水，避免腐蚀品、毒害品溅出,ABCD,,接口直采,1,2026/9/18 12:50:15
多选题,特种设备使用单位应当建立特种设备安全技术档案，包括以下哪些内容？（）,特种设备的设计文件、产品质量合格证明、安装及使用维护保养说明、监督检验证明等相关技术资料和文件,安装、维护、大修、改造等相关资料和文件、操作人员情况登记记录、特种设备运行故障和事故记录,特种设备登记卡、特种设备使用登记证、相关检验报告、特种设备及其附属仪器仪表的维护保养记录,特种设备的定期检验和定期自行检查记录及日常使用状况记录,ABCD,,接口直采,1,2026/9/18 12:50:30
多选题,外伤救护的基本技术包括：（）,止血,包扎,固定,搬运,ABCD,,接口直采,1,2026/9/18 12:50:15
多选题,外照射的防护方法有：（）,缩短照射时间,增大与放射源的距离,加强屏蔽,稀释,ABC,,接口直采,1,2026/9/18 12:50:16
多选题,外照射的主要防护方式是：（）,时间防护,距离防护,屏蔽防护,剂量约束防护,ABC,,接口直采,1,2026/9/18 12:50:16
多选题,王某按照某短信提示，进入一网站进行网银升级，后发现银行卡内6万元人民币被全部转走，她该怎么办?,打电话给该网站负责人电话，花大量时间与其争吵理论、哭诉自己生活困难，求其将钱还给自己,立刻报警，并将自己卡号、对方卡号、交易流水号、对方联系方式提供给公安机关,自认倒霉,与公安和银行部门联系，第一时间冻结对方卡号,BD,,接口直采,1,2026/9/18 12:50:42
多选题,网络安全法规定的法律责任包括：,罚款,停业整顿,吊销许可证,刑事责任,ABCD,,接口直采,1,2026/9/18 12:50:42
多选题,网络安全事件报告应包括以下哪些内容？,涉事单位名称,事件发生时间,已采取的措施,请求支援事项,ABCD,,接口直采,1,2026/9/18 12:50:42
多选题,网络安全事件可能由以下哪些原因引起？,人为原因,网络攻击,软硬件故障,不可抗力,ABCD,,接口直采,1,2026/9/18 12:50:42
多选题,网络运营者可通过以下哪些方式报告事件？,12387热线,网站,邮箱,传真,ABCD,,接口直采,1,2026/9/18 12:50:42
多选题,网络运营者收集、使用个人信息应：,遵循合法、正当、必要原则,公开收集、使用规则,明示目的、方式和范围,经被收集者同意,ABCD,,接口直采,1,2026/9/18 12:50:42
多选题,网络运营者应建立健全的制度包括：,用户信息保护制度,网络安全事件应急预案,内部安全管理制度,投诉举报制度,ABCD,,接口直采,1,2026/9/18 12:50:42
多选题,网络运营者应履行的安全保护义务包括：,制定内部安全管理制度,采取防范网络攻击的技术措施,留存网络日志不少于六个月,数据分类和备份,ABCD,,接口直采,1,2026/9/18 12:50:42
多选题,网络运营者应明示并取得用户同意的情形包括：,收集用户信息,使用个人信息,提供网络服务,终止服务,AB,,接口直采,1,2026/9/18 12:50:42
多选题,往玻璃管上套橡皮管或橡皮塞时，应做到：（）,管端应烧圆滑,沾少量水或甘油于橡皮管或橡皮塞内部,用布裹手或戴厚手套，以防割伤,戴一次性手套,ABC,,接口直采,1,2026/9/18 12:50:21
多选题,危险化学品包括哪些种类？,爆炸品，易燃气体，易爆喷雾剂,易燃液体，易燃固体，自反应物质,可自燃液体，自燃自热物质，遇水放出易燃气体的物质,氧化性液体，氧化性固体，有机过氧化物，金属腐蚀性,ABCD,,接口直采,1,2026/9/18 12:50:25
多选题,危险化学品的常见毒害包括什么方面？,急性毒性，皮肤腐蚀性／刺激性，严重眼损伤／眼刺激,呼吸系统／皮肤过敏反应，生殖细胞突变性，致癌性,生殖毒性，靶器官系统毒性,水环境危害性，放射性危害,ABCD,,接口直采,1,2026/9/18 12:50:25
多选题,危险化学品方面，生态环境主管部门主要负责：（）,废弃危险化学品处置的监督管理,组织危险化学品的环境危害性鉴定和环境风险程度评估,确定实施重点环境管理的危险化学品,负责危险化学品环境管理登记和新化学物质环境管理登记,ABCD,,接口直采,1,2026/9/18 12:50:25
多选题,危险化学品实验操作人员应熟悉所使用危险化学品的（），安全使用、安全操作，及时做好实验记录，做好个人安全防护。,化学性质,安全防护措施,操作规程,化学品安全技术说明书（SDS）,ABCD,,接口直采,1,2026/9/18 12:50:25
多选题,危险化学品泄漏可能酿成：（）,人员伤亡,沙尘暴,爆炸,火灾,ACD,,接口直采,1,2026/9/18 12:50:15
多选题,危险化学药品会对人体造成伤害，使用和保存时应注意：( ),了解所使用的危险化学药品的特性，不盲目操作，不违章使用,妥善保管身边的危险化学药品，做到：标签完整，密封保存；避热、避光、远离热源,办公室内不要存放危险化学药品,室内应保持良好通风,ABCD,,接口直采,1,2026/9/18 12:50:25
多选题,危险化学药品会对人体造成伤害，使用和保存时应注意：（）,了解所使用的危险化学药品的特性，不盲目操作，不违章使用,妥善保管身边的危险化学药品，做到：标签完整，密封保存；避热、避光、远离热源,办公室内不要存放危险化学药品,室内应保持良好通风,ABCD,,接口直采,1,2026/9/18 12:50:25
多选题,违反本法可能承担的责任包括：,罚款,停业整顿,刑事责任,民事责任,ABCD,,接口直采,1,2026/9/18 12:50:42
多选题,为保证实验室使用的各种气体钢瓶的安全，以下做法正确的是：（）,加保险阀并用绳索相对稳定,远离火源、电和其他热源,放置在阴凉或空气流通的地方,紧靠设备放置,ABC,,接口直采,1,2026/9/18 12:50:23
多选题,为避免误食化学药品，进入实验室时，应注意做到：( ),不准把食物、饮用水、食具带进实验室,禁止在实验室内吃口香糖,使用化学药品后须先洗净双手方能进食,不在实验室内进餐,ABCD,,接口直采,1,2026/9/18 12:50:27
多选题,为防止电气火灾的发生，应避免（）操作。,随意改动供电设备线路,乱拉临时线,使用电气设备无人看守、通电空运行,电气设备与易燃易爆物品一起堆放,ABCD,,接口直采,1,2026/9/18 12:50:37
多选题,为了保证设备仪器的使用安全，实验室应采取以下管理措施：（）,制定设备仪器的操作规程。,对用于计量的实验设备仪器进行计量管理。,对所有设备仪器进行校准管理。,保证设备仪器的维护、保养和修理。,ABCD,,接口直采,1,2026/9/18 12:50:38
多选题,为了保证试制设备的安全运行和操作安全，所采取的安全措施一般可分为（）措施。,直接性,间接性,指导性,通用性,ABC,,接口直采,1,2026/9/18 12:50:38
多选题,为了防止触电，可以采取哪些措施：（）,绝缘,屏护,间距,保护接地和接零,ABCD,,接口直采,1,2026/9/18 12:50:37
多选题,为了有效抵御网络黑客攻击，可以采用( )作为安全防御措施。,绿色上网软件,杀病毒软件,防火墙,以上都不对,ABC,,接口直采,1,2026/9/18 12:50:42
多选题,无菌室可用（）等消毒溶液定期擦拭墙、地面、桌椅等用具。,0.05％新洁尔灭,70％乙醇,0.2％～0.5％过氧乙酸,洗涤剂,ABC,,接口直采,1,2026/9/18 12:50:35
多选题,物料贮存时应当至少做到以下哪几点？,不得影响照明,不得妨碍库房存取设备操作,不得阻碍交通或出入口,得依靠墙壁或结构支柱堆放,ABCD,,接口直采,1,2026/9/18 12:50:37
多选题,物质燃烧必须同时具备的条件是：( ),着火源,助燃物,温度,可燃物,ABD,,接口直采,1,2026/9/18 12:50:32
多选题,物质燃烧必须同时具备的条件是：（ ),着火源,助燃物,温度,可燃物,ABD,,接口直采,1,2026/9/18 12:50:32
多选题,稀有气体的主要性质有：（）,A无色、无味、无臭，常温下为气态的惰性气体,临界温度最低，是最难液化的气体，极不活泼，不能燃烧也不助燃,常填充成高压来使用，因而也要遵守使用高压气体一般应注意的事项，谨慎地进行处理,用量大时，要注意室内通风，避免在密闭的室内使用，以防引起窒息,ABCD,,接口直采,1,2026/9/18 12:50:23
多选题,稀有气体气瓶外表为银灰色，字体颜色为深绿色，下列属于稀有气体的有：（）,氦气,氖气,氩气,氪气,ABCD,,接口直采,1,2026/9/18 12:50:23
多选题,下列关于爆炸品的叙述中，正确的是：（）,爆炸品属于危险品的一种,爆炸品的主要危险特性包括爆炸性和敏感性,任何一种爆炸品的爆炸都需要外界供给它一定的能量-起爆能,影响炸药敏感度的决定因素是外来因素，包括温度、杂质、结晶、密度等,ABC,,接口直采,1,2026/9/18 12:50:15
多选题,下列关于湿热灭菌和干热灭菌两种方法比较，正确的有：（）,湿热灭菌较干热灭菌消毒效果更好，使用也较普遍,使用湿热灭菌时，蛋白质在含水多时容易变性，易于凝固,使用湿热灭菌时，湿热灭菌穿透力强，传导快,使用湿热灭菌时，蒸汽具有潜热，当蒸汽与被灭菌的物品接触时，可凝结成水而放出潜热，使温度迅速升高，加强灭菌效果,ABCD,,接口直采,1,2026/9/18 12:50:35
多选题,下列关于遇水放出易燃气体物质的叙述，正确的是：（）,遇水或遇酸燃烧性的物质，应用干沙、干粉灭火剂、二氧化碳灭火剂等进行扑救,遇水或遇酸燃烧性的物质，在着火时可以用水及泡沫灭火剂扑救,一些遇水放出易燃气体物质，如碳化钙（电石）等，由于和水作用生成可燃气体 与空气形成爆炸性混合物,有些遇水放出易燃气体的物质，如金属碳化物、硼氢化合物，放置于空气中即具有自燃性，有的（如氰化钾）遇水能生成可燃气体放出热量而具有自燃性,ACD,,接口直采,1,2026/9/18 12:50:15
多选题,下列哪几项是心肺复苏有效的指征？,出现应答反应,可扪及颈动脉、股动脉搏动,呼吸改善,收缩压在65mmHg以上,ABCD,,接口直采,1,2026/9/18 12:50:15
多选题,下列哪几项是诱发安全事故的原因？,设备不在安全状态,操作不规范,工作环境不良,体制机制管理不完善,ABCD,,接口直采,1,2026/9/18 12:50:27
多选题,下列哪项是农杆菌注射烟草叶片时需要注意的：（）,佩戴护目镜,佩戴口罩,穿实验服,佩戴实验手套,ABCD,,接口直采,1,2026/9/18 12:50:28
多选题,下列哪些废气可以使用合适的吸收剂处理？,SO2,H2S,Nox,酸雾,ABCD,,接口直采,1,2026/9/18 12:50:20
多选题,下列哪些废气可用燃烧法来去除？,酮类,醛类,一氧化碳,硫化氢,ABCD,,接口直采,1,2026/9/18 12:50:20
多选题,下列哪些废弃物需收集到符合要求的密闭利器盒内？,注射针头,解剖刀片,培养基,试验玻片,ABD,,接口直采,1,2026/9/18 12:50:20
多选题,下列哪些粉尘可能产生爆炸：（）,面粉,生石灰,煤粉,铝粉,ACD,,接口直采,1,2026/9/18 12:50:32
多选题,下列哪些粉尘可能会发生爆炸？,生石灰,面粉,煤粉,铝粉,BCD,,接口直采,1,2026/9/18 12:50:25
多选题,下列哪些疾病属于人畜共患病：（）,鼠疫,狂犬病,弓形虫,小鼠肝炎,BC,,接口直采,1,2026/9/18 12:50:35
多选题,下列哪些可作为废气的固体吸附剂？,硅胶,活性炭,硅藻土,分子筛,ABCD,,接口直采,1,2026/9/18 12:50:20
多选题,下列哪些情况是正确的：（）,定期检查设备的接线，确保连接牢固,拔出电源插头时，严禁触及金属部分,不用插头直接将电线的金属丝插入插座,只要接线板质量符合要求，就可以随意串联很多个，不影响使,AB,,接口直采,1,2026/9/18 12:50:37
多选题,下列哪些情形下，个人信息处理者应当删除个人信息？,处理目的已实现,个人撤回同意,信息处理者破产,法律规定的保存期限届满,ABD,,接口直采,1,2026/9/18 12:50:42
多选题,下列哪些是焊接场地环境可能产生的有害问题？（）,弧光辐射,电磁辐射,焊接烟尘,噪声,ABCD,,接口直采,1,2026/9/18 12:50:37
多选题,下列哪些属于剧毒化学品？,氰化钾,三氯甲烷,氯化汞,氧化汞,ACD,,接口直采,1,2026/9/18 12:50:25
多选题,下列哪些属于敏感个人信息？,生物识别信息,金融账户,宗教信仰,匿名化信息,ABC,,接口直采,1,2026/9/18 12:50:42
多选题,下列哪些物质会灼伤皮肤？,液氮,强碱,强氧化剂,冰醋酸,ABCD,,接口直采,1,2026/9/18 12:50:25
多选题,下列哪些物质混合时容易引起火灾：（）,液氧与有机物,可燃性物质与浓硫酸,硝酸、硫酸和盐酸,磷化氢及白磷等物质与空气接触,ABD,,接口直采,1,2026/9/18 12:50:32
多选题,下列哪些物质禁止用泡沫灭火器扑救：（）,镁粉,硼氢化钠,氯磺酸,丙酰氯,ABCD,,接口直采,1,2026/9/18 12:50:32
多选题,下列哪些物质禁止用水扑救：（）,固体甲醇钠,磷酸,三氯氧磷,氢化钠,ACD,,接口直采,1,2026/9/18 12:50:32
多选题,下列哪些物质可通过皮肤接触使人中毒？,汞,苯胺类,溴化钾,硝基苯,ABD,,接口直采,1,2026/9/18 12:50:25
多选题,下列哪些物质引起的皮肤灼伤禁用水洗？,冰醋酸,五氧化二磷,五硫化磷,五氯化磷,BCD,,接口直采,1,2026/9/18 12:50:15
多选题,下列哪些物质用水灭火无效：（）,甲苯,丙酮,氯苯,苯酚,AB,,接口直采,1,2026/9/18 12:50:32
多选题,下列哪些物质与有机物、镁粉、铝粉、锌粉可形成爆炸性混合物？（）,H2O2,NH4NO3,K2SO4,高氯酸及其盐,ABD,,接口直采,1,2026/9/18 12:50:25
多选题,下列哪些行为是法律禁止的？,窃取数据,非法获取数据,依法提供数据,合法使用数据,AB,,接口直采,1,2026/9/18 12:50:42
多选题,下列哪些行为是消防违法行为：（）,堵塞封闭消防安全出口,遮挡消防设施,损坏公共消防设施,无照经营,ABC,,接口直采,1,2026/9/18 12:50:32
多选题,下列哪些药品易被氧化？,亚硫酸钠,硝酸钠,硫酸亚铁,硫代硫酸钠,ACD,,接口直采,1,2026/9/18 12:50:25
多选题,下列哪些药品易吸收二氧化碳？,氢氧化钠,硅酸钠,过氧化钠,氢氧化锂,ABCD,,接口直采,1,2026/9/18 12:50:25
多选题,下列哪些药品应存放在棕色瓶中？,硝酸银,硅酸钠,浓硝酸,硝酸钠,AC,,接口直采,1,2026/9/18 12:50:25
多选题,下列哪些组织可以依法提起个人信息保护公益诉讼？,人民检察院,消费者组织,网信部门指定的组织,任何个人,ABC,,接口直采,1,2026/9/18 12:50:42
多选题,下列哪种物质不会灼伤皮肤？,强碱,溴化钾水溶液,强酸,溴化钠水溶液,BD,,接口直采,1,2026/9/18 12:50:25
多选题,下列生物实验室废弃物在处理时，哪些需按照医疗废弃物处理？（）,使用过的培养皿,擦拭过实验台的纸巾,琼脂糖凝胶,丙烯酰胺凝胶,ABCD,,接口直采,1,2026/9/18 12:50:20
多选题,下列属于处理处置实验室废弃物的步骤的是：（）,对废弃物进行鉴别并分类,对废弃物进行必要的预处理,对废弃物进行分类收集和暂存,对废弃物进行集中处置,ABCD,,接口直采,1,2026/9/18 12:50:20
多选题,下列属于感染性废弃物的是：（）,废弃的组织、细胞,废弃的培养基,废弃的菌种保存液,可能沾染感染性物质的实验用品及器械,ABCD,,接口直采,1,2026/9/18 12:50:20
多选题,下列属于个人剂量监测类型的是：（）,常规监测,任务相关监测,巡测,特殊监测,ABD,,接口直采,1,2026/9/18 12:50:16
多选题,下列属于剧毒化学品的物质是：（）,氰化钠,乙酸汞,丙烯醛,三氯化磷,AB,,接口直采,1,2026/9/18 12:50:25
多选题,下列属于气体扩散性而引起爆炸的有：（）,比空气轻的易燃气体逸散在空气中可以很快地扩散，一旦发生火灾会造成火焰迅速蔓延,比空气重的易燃气体泄漏出来，往往漂浮于地面或房间死角中，长时间积聚不散，一旦遇到明火，易导致燃烧爆炸,有毒气体的泄漏,惰性气体的泄漏,AB,,接口直采,1,2026/9/18 12:50:23
多选题,下列属于强腐蚀类的试剂有：（）,氯磺酸,乙酸钾,苯酚,甲酸,ABCD,,接口直采,1,2026/9/18 12:50:25
多选题,下列属于强氧化剂的有：（）,硝酸铵,高氯酸钾,过氧乙酸,过硫酸铵,ABCD,,接口直采,1,2026/9/18 12:50:25
多选题,下列属于危险化学品的管理部门的是：（）,安全生产监督管理部门,公安机关,生态环境主管部门,交通运输主管部门,ABCD,,接口直采,1,2026/9/18 12:50:25
多选题,下列属于危险化学品的是：（ ）,爆炸品，易燃气体，易燃喷雾剂,易燃液体，易燃固体，自反应物质,可自燃液体，自燃自热物质，遇水放出易燃气体的物质,氧化性液体，氧化性固体，有机过氧化物，金属腐蚀性,ABCD,,接口直采,1,2026/9/18 12:50:25
多选题,下列属于危险化学品的性质的是：（）,毒害,腐蚀,爆炸,燃烧、助燃,ABCD,,接口直采,1,2026/9/18 12:50:25
多选题,下列属于物理性爆炸的是：（）,液化气体在运输过程中受外力作用撞击导致爆炸,气瓶因管路堵塞而发生爆炸，只是形状发生改变,压缩气体受热膨胀发生气瓶爆炸,易燃气体的火灾引起气瓶爆炸,ABC,,接口直采,1,2026/9/18 12:50:23
多选题,下列属于易爆类的试剂有：（）,三硝基甲苯,重氮化合物,三硝基苯,浓硫酸,ABC,,接口直采,1,2026/9/18 12:50:25
多选题,下列属于易燃类的试剂有：（）,乙醚,异丙醇,乙酸丁酯,吡啶,ABCD,,接口直采,1,2026/9/18 12:50:25
多选题,下列属于易燃气体的有：（）,氢气,乙炔,甲烷,氮气,ABC,,接口直采,1,2026/9/18 12:50:23
多选题,下列属于易燃液体的是：（ ）,乙醚,乙醇,苯,二硫化碳,ABCD,,接口直采,1,2026/9/18 12:50:25
多选题,下列属于易制爆类的试剂有：（）,硝酸,硫酸,三硝基甲苯,三硝基苯,ACD,,接口直采,1,2026/9/18 12:50:25
多选题,下列物质属于剧毒的是：（ ）,氯酸钾,氢氧化钠,三氧化二砷,硫酸钡,AC,,接口直采,1,2026/9/18 12:50:25
多选题,下列物质属于剧毒物的是：（）,氰化钠,乙酸汞,三氧化二砷,三氯化磷,ABC,,接口直采,1,2026/9/18 12:50:25
多选题,下列需要低温存放的试剂有：（）,甲基丙烯酸甲酯,苯乙烯,丙烯腈,盐酸,ABC,,接口直采,1,2026/9/18 12:50:25
多选题,下列选项中属于防爆的措施有：（）,控制可燃物形成爆炸性混合物,防止形成爆炸性混合物的化学品泄漏,消除火源,安装检测和报警装置,ABCD,,接口直采,1,2026/9/18 12:50:32
多选题,下列药品中需在棕色瓶中或用黑纸包裹，且置于低温阴凉处的有：（）,卤化银,浓硝酸,过氧化氢,冰醋酸,ABC,,接口直采,1,2026/9/18 12:50:25
多选题,下面哪些内容属于一级生物安全防护实验室的注意事项？（）,一般无须使用生物安全柜等专用安全设备,工作人员在工作时应穿工作服，须戴防护眼镜，防止眼睛受到泼溅、碰撞或紫外线伤害,工作人员可能直接或意外接触血液、体液以及其他有潜在感染性材料或感染性动物时必须戴合适的手套,禁止在实验工作区域进食、饮水、吸烟、化妆和处理隐形眼镜,ABCD,,接口直采,1,2026/9/18 12:50:35
多选题,下面哪些试剂易侵蚀玻璃而影响纯度，应保存在塑料瓶中？,浓硫酸,氢氟酸,氟化物,王水,BC,,接口直采,1,2026/9/18 12:50:25
多选题,下面哪些试剂易侵蚀玻璃而影响纯度，应保存在塑料瓶中或者涂石蜡的玻璃瓶中？,浓硫酸,氢氟酸,氟化物,苛性碱,BCD,,接口直采,1,2026/9/18 12:50:25
多选题,下面哪些物质彼此混合时，特别容易引起火灾：（）,活性炭与硝酸铵,硝酸、硫酸和盐酸,抹布与浓硫酸,可燃性物质（木材、织物等）与浓硫酸,ABCD,,接口直采,1,2026/9/18 12:50:32
多选题,下面哪些物质彼此混合时，特别容易引起火灾？,活性炭与硝酸铵,抹布与浓硫酸,可燃性物质 (木材、织物等) 与浓硫酸,液氧与有机物,ABCD,,接口直采,1,2026/9/18 12:50:25
多选题,下面哪些物质失火后在灭火时需穿防静电防护服：（）,乙酸,环己酮,无水乙醇,石油醚,ABCD,,接口直采,1,2026/9/18 12:50:32
多选题,下面哪些行为不能在洁净室里进行？,抽烟,用烙铁焊接,配置溶液,饮水和进食,ABCD,,接口直采,1,2026/9/18 12:50:27
多选题,下面哪组溶剂属易燃类液体？,甲醇、乙醇,四氯化碳、乙酸,乙醚、石油醚,丙酮、甲苯,ACD,,接口直采,1,2026/9/18 12:50:25
多选题,下面所列试剂应分开保存的是：（）,乙醚与高氯酸,苯与过氧化氢,丙酮与硝基化合物,浓硫酸与盐酸,ABCD,,接口直采,1,2026/9/18 12:50:25
多选题,显微镜的物镜和目镜必须保持清洁，如有灰尘不要用（ ）擦拭。,纱布,毛刷,镜头纸,卫生纸,ABD,,接口直采,1,2026/9/18 12:50:38
多选题,现在的智能设备能直接收集到身体相应信息，比如我们佩戴的手环收集个人健康数据。以下哪些行为可能造成个人信息泄露？（ ）,将手环外借他人,接入陌生网络,手环电量低,分享跑步时的路径信息,ABD,,接口直采,1,2026/9/18 12:50:42
多选题,现在网络购物越来越多，以下哪些措施可以防范网络购物的风险（ ）。,核实网站资质及网站联系方式的真伪,尽量到知名、权威的网上商城购物,注意保护个人隐私,不要轻信网上低价推销广告,ABCD,,接口直采,1,2026/9/18 12:50:42
多选题,相互接触时，可能会大量放热并着火、爆炸的有：（）,KMnO4和乙醇,KMnO4和浓硫酸,CCl4和碱金属,浓HNNO3和胺类,ABCD,,接口直采,1,2026/9/18 12:50:25
多选题,箱式电阻炉的加热元件及其电源连接点需保持良好的绝缘性能，保管者应进行定期检查，以免发生：（）,设备安全事故,人身烫伤事故,火灾,以上都是,AC,,接口直采,1,2026/9/18 12:50:38
多选题,向植物喷施农药需要注意什么：（）,佩戴护目镜,佩戴口罩,穿实验服,佩戴实验手套,ABCD,,接口直采,1,2026/9/18 12:50:28
多选题,硝酸铵俗称硝铵，下列说法中正确的是：（）,强氧化剂，可做烟花,与易燃物混合可能爆炸,与还原物、有机物混合可能爆炸,皮肤接触没有问题,ABC,,接口直采,1,2026/9/18 12:50:25
多选题,小张在网上购买了一双球鞋，支付完毕后突然收到“淘宝客服”短信，称其没有支付成功， 需要重新操作。这时小张该怎么做? (),进入自己的淘宝、支付宝账户查看订单状态,按照短信提示进入相关链接进行操作,和短信上提供的“淘宝客服”电话联系，询问详情,自己联系卖家或淘宝客服进行核实,AD,,接口直采,1,2026/9/18 12:50:42
多选题,携带以下哪类常见物质不可以靠近核磁设备？,硬币,手机,手表,金银首饰,ABCD,,接口直采,1,2026/9/18 12:50:16
多选题,新购买的压力容器，其随附的出厂文件至少应有：（）,产品合格证,产品数据表,产品设计图纸,产品安全性能监督检验证书,ABCD,,接口直采,1,2026/9/18 12:50:30
多选题,新购制的玻璃器皿含有游离碱，先用（）浸泡数小时后，再用清水洗净。,2％的盐酸,铬酸洗液,氢氧化钠或碳酸氢钠稀溶液,市售洗涤剂,AB,,接口直采,1,2026/9/18 12:50:25
多选题,新购置的玻璃器皿含有游离碱，先用（ ）浸泡数小时后，在用清水洗净。,2%的盐酸,铬酸洗涤液,氢氧化钠或碳酸氢钠稀溶液,市售洗涤剂,AB,,接口直采,1,2026/9/18 12:50:21
多选题,需要在中心洁净室使用化学试剂，以下哪些描述是正确的？（）,应先查询台账，如本课题组在中心化学品库有该试剂库存，按需要的用量登记领取,为了减少领取次数，一次领用大量试剂|对于无台账的试剂，如需购买入库中心化学品库，应联系实验室安全管理员，申请新建对应台账,对于入库在自己课题组化学品库的试剂，可以不论其是否有危险性，不通知中心工作人员就自行带入,,AC,,接口直采,1,2026/9/18 12:50:40
多选题,需在棕色瓶中或用黑纸包裹，且置于低温阴凉处的药品有以下几种？,卤化银,浓硝酸,过氧化氢,催化剂,ABC,,接口直采,1,2026/9/18 12:50:25
多选题,压力表的检定是怎样规定的？（）,由于科学技术的高速发展和制造技术的精良，压力表的质量越来越好，完全可以不经过检定而直接投入使用,新安装的压力容器，在投入使用前必须先检定压力表，否则不能投入使用,压力表至少每半年检定一次,不得使用未经检定的压力表,BCD,,接口直采,1,2026/9/18 12:50:30
多选题,氧化性固体和有机过氧化物的危险特性有：（）,强氧化性,敏感性,强分解性,与酸作用剧烈,ABCD,,接口直采,1,2026/9/18 12:50:25
多选题,氧化性物质和有机过氧化物具有强烈的氧化性，在不同条件下，遇酸和碱、受热、受潮或接触有机物、还原剂即能分解放出氧，发生氧化还原反应，引起燃烧。下列说法中正确的是：（）,氧化性物质按物质形态，可分为固体氧化性物质和液体氧化性物质,氧化性物质有极强的氧化性，本身不燃烧，但与可燃物作用能发生着火和爆炸,有机过氧化物的火灾危险性主要取决于物质本身的过氧基含量和分解温度。过氧基含量越多，其热分解温度越高，则火灾危险性就越大,高锰酸钾吸水后形成的液体，接触纸张、棉布等有机物，能立即引起燃烧，着火时禁用水扑救,ABCD,,接口直采,1,2026/9/18 12:50:15
多选题,一般将闪点在25℃以下的化学试剂列入易燃化学试剂，它们多是极易挥发的液体。以下哪些物质是易燃化学试剂？,乙醚,苯,水,汽油,ABD,,接口直采,1,2026/9/18 12:50:25
多选题,一级生物安全防护实验室的实验室结构和设施、安全操作规程、安全设备适用于：（）,对健康成年人已知无致病作用的微生物,教学的普通微生物实验室,两者都是,两者都不是,AB,,接口直采,1,2026/9/18 12:50:35
多选题,一类固体化学试剂如金属钾、钠、锂、钙、电石等，遇水即可发生激烈反应，并放出大量热，也可产生爆炸，它们应如何存放？,直接放在试剂瓶中保存,浸没在煤油中保存（容器不得渗漏）,用纸密封包裹存放,附近不得有盐酸、硝酸等散发酸雾的物质存在,BD,,接口直采,1,2026/9/18 12:50:25
多选题,一位同学被邀请进了微信群，一天他收到群里的100元祝福红包，平时都是直接拆开微信红包，但这次要填写个人信息，然后还需填写微信红包的密码。这时你会（）,耐心填写信息，毕竟是个大红包,天上不会掉馅饼，不予理睬,没准是骗子，看来这个群也有猫腻，赶紧退群,已经收到好几次了，肯定没问题，按照要求填写,BC,,接口直采,1,2026/9/18 12:50:42
多选题,一位学生收到了“刷信誉能赚钱”的兼职邀请。第一天要求你花100元购买商品，刷满信誉后，返还你150元。第二天花300元购买商品，返还500元。几天下来每天赚个一两百块。这天对方表示，随着等级升高需要花5000元购买商品，而后返还10000元，你碰到这种情况该怎么办？（）,赚钱好容易，要刷下去,可能是陷阱,先尝点甜头再说,不予理睬,BD,,接口直采,1,2026/9/18 12:50:42
多选题,医学与医学生物实验室安全管理体系文件分为：（）,安全管理手册：应对组织结构、人员岗位及职责、安全及安保要求、安全管理体系、体系文件架构等进行规定和描述，为第一层次的文件,工作程序：应满足实验室实施所有的安全要求和管理要求，为第二层次的文件,说明及标准操作规程（SOP）：应详细说明设施、设备、操作的功能、危险因子、防护方法、具体操作步骤、应急措施等，为第三层次的文件,记录：应按ISO15189的要求对文件进行控制，为运行提供证据，为第四层次的文件,ABCD,,接口直采,1,2026/9/18 12:50:35
多选题,医学与医学生物学动物实验室固体废物（如动物尸体、污垫料、口罩、利器）如何进行分类收集?,动物尸体包装后放置在冰柜中贮存。,污垫料用医疗废物专用袋包装后放入废物运输箱，存放在远离动物饲养室的贮存室。,口罩、帽子等一次性物品使用后装入垃圾袋。,使用过的注射器针头、刀片等利器放入一次性利器盒，一并暂存在污物贮存室。,ABCD,,接口直采,1,2026/9/18 12:50:20
多选题,医学与医学生物学动物实验室人员的安全防护应有哪些措施？,建立防护制度并 开展安全教育及熟练实验技术,进行定期监测,制定消毒方案、穿戴防护服装,科学设计实验室,ABCD,,接口直采,1,2026/9/18 12:50:35
多选题,医学与医学生物学动物实验室涉及病原微生物时需要考虑哪些因素？,正常传播途径,使用的容量和浓度,接种途径,能否和以何种途径被排出,ABCD,,接口直采,1,2026/9/18 12:50:35
多选题,医学与医学生物学教学实验室安全教育的主要内容是：（）,安全思想教育,安全法制教育,安全责任教育,相关安全操作技术培训,ABCD,,接口直采,1,2026/9/18 12:50:35
多选题,医学与医学生物学实验室安全的特殊性包括：（）,仪器设备的安全风险高,实验用试剂材料复杂多样,实验对象特殊,实验室废弃物特殊,ABCD,,接口直采,1,2026/9/18 12:50:35
多选题,医学与医学生物学实验室除具备一般实验室的特点外，还有其独特性，包括：（）,人员复杂且流动性大,实验室研究方法多样、涉及实验动物福利问题,实验材料多样,生物安全要求高、涉及医学伦理问题,ABCD,,接口直采,1,2026/9/18 12:50:35
多选题,医学与医学生物学实验室的安全教育除了一般的实验室所关注的防火、防电、防盗之外，有哪些特殊之处？,试剂药品安全,仪器设备的操作安全,实验用动物、微生物和放射性等诸多因素,加强危险化学品安全管理、安全使用的培训,ABCD,,接口直采,1,2026/9/18 12:50:35
多选题,医学与医学生物学实验室的功能包括：（）,一般实验室的功能,培养医学人才的功能,为疾病诊断和临床治疗提供判断依据的功能,,ABC,,接口直采,1,2026/9/18 12:50:35
多选题,依据受照射剂量的大小，急性外照射放射病可分为哪几型?,以骨髓造血组织损伤为基本病变的骨髓型急性放射病（1∼10Gy）,以肠胃道损伤为基本病变的肠型急性放射病（10～50 Gy）,以脑组织损伤为基本病变的脑型急性放射病（50Gy以上）,以肠胃道损伤为基本病变的肠型急性放射病（15～50 Gy）,ABC,,接口直采,1,2026/9/18 12:50:16
多选题,以下（）措施可有效隔绝空气。,使用易燃易爆试剂的实验可在密封的设备中进行,隔离空气储存某些危险化学品,对某些异常危险的实验，充装惰性气体,在实验环境充满氢气,ABC,,接口直采,1,2026/9/18 12:50:32
多选题,以下（）措施可有效控制可燃物。,用难燃或不燃的材料代替可燃材料,控制危险化学品的存量，分类存放,禁止在实验室内吸烟或违规使用电器,采用排风或通风方法以降低可燃气体、蒸气和粉尘在空气中的浓度。,ABCD,,接口直采,1,2026/9/18 12:50:32
多选题,以下（）措施可有效清除火源。,隔离火源,与火源保持安全距离,大型仪器安全接地,高层建筑避雷,ABCD,,接口直采,1,2026/9/18 12:50:32
多选题,以下（）是阻止火势或爆炸波蔓延的措施。,在建筑物之间留有防火间距，筑防火墙,在建筑物内安装防火门，设防火分区,在可燃气体管路上安装阻火器、水封,在压力容器、设备上安装防爆膜、安全阀等,ABCD,,接口直采,1,2026/9/18 12:50:32
多选题,以下（）属于人员防护措施。,掌握消防知识，了解实验室灭火器材的种类、使用方法，清楚存放位置,实验过程中穿着防护衣物,配备防护工具和灭火设备,实验前认真检查试验设备的安全性能状况，发现电线及设备存在故障时，应及时维修,ABCD,,接口直采,1,2026/9/18 12:50:32
多选题,以下对放射性垃圾的安全管理哪些是正确的？（）,允许非放射性垃圾混入放射性垃圾,将放射性垃圾放入专用容器收集、包装、储存，由专业部门统一回收处理,严禁放射性垃圾放入非放射性垃圾,放射性垃圾和非放射性垃圾必须分开放置,BCD,,接口直采,1,2026/9/18 12:50:16
多选题,以下关于电子显微镜操作过程中，正确的做法包括：（）。,扫描电子显微镜的制样和放样品的过程中要戴手套操作，防止样品台污染,电子显微镜一旦停止观察，应当第一时间关闭光路阀门,扫描电子显微镜观察样品时，鉴于仪器有安全报警系统，不必过度控制样品最高点与物镜极靴的距离和样品台的倾转角度,放入扫描电子显微镜的样品，一定要保证表面干净、无粉尘等,ABD,,接口直采,1,2026/9/18 12:50:35
多选题,以下可以用于间接电击防护的措施有：（）,安全距离,安全特低电压,加强绝缘,电气隔离,BCD,,接口直采,1,2026/9/18 12:50:37
多选题,以下哪个药品（试剂）在使用时应注意干燥防潮？,锂,碳化钙,磷化钙,二氧化硅,ABC,,接口直采,1,2026/9/18 12:50:25
多选题,以下哪几项是诱发安全事故的原因？,设备的不安全状态,人的不安全行为,不良的工作环境,劳动组织管理的缺陷,ABCD,,接口直采,1,2026/9/18 12:50:27
多选题,以下哪类患者不可以靠近核磁设备？,植入心脏起搏器的患者,体内有金属支架的患者,糖尿病患者,乙肝患者,AB,,接口直采,1,2026/9/18 12:50:16
多选题,以下哪项措施能减少和防范计算机病毒?( ),安装、升级杀毒软件,下载安装系统补丁,定期备份数据文件,避免∪盘交叉使用,ABD,,接口直采,1,2026/9/18 12:50:42
多选题,以下哪项属于防范假冒网站的措施（ ）。,直接输入所要登录网站的网址，不通过其他链接进入,登录网站后留意核对所登录的网址与官方公布的网址是否相符,登录官方发布的相关网站辨识真伪,安装防范ARP攻击的软件,ABC,,接口直采,1,2026/9/18 12:50:42
多选题,以下哪些厂内专用机动车辆属于特种设备？（）,叉车,非公路用旅游观光车辆,巡逻车,垃圾车,AB,,接口直采,1,2026/9/18 12:50:30
多选题,以下哪些化学试剂的废液应装入碱性废液桶中？（）,丙酮,氨水,显影液,BOE,BC,,接口直采,1,2026/9/18 12:50:40
多选题,以下哪些化学试剂的废液应装入有机废液桶中？（）,丙酮,无水乙醇,显影液,异丙醇,ABD,,接口直采,1,2026/9/18 12:50:40
多选题,以下哪些情况下可视情从轻或不予追究责任？,已采取合理必要措施,按预案处置有效降低影响,及时报告,事件未造成实际损失,ABC,,接口直采,1,2026/9/18 12:50:42
多选题,以下哪些情形属于“重大网络安全事件”？,泄露1000万人以上个人信息,CII整体中断1小时,造成2000万元经济损失,省级网站瘫痪6小时,ABCD,,接口直采,1,2026/9/18 12:50:42
多选题,以下哪些情形下，运营者可能被处以10万以上100万以下罚款？,未设置专门安全管理机构,未进行安全背景审查,未签订安全保密协议,未及时报告合并、分立情况,ABCD,,接口直采,1,2026/9/18 12:50:42
多选题,以下哪些是防止静电事故的主要办法：（）,增加空气中的湿度，降低静电产生的条件,铺设防静电地板,保证电路良好的绝缘,人体接触对静电敏感设备时提前释放自己身体中积累的电荷，例如带静电防护手环、使用静电防护毯等,ABD,,接口直采,1,2026/9/18 12:50:37
多选题,以下哪些是剧毒化学试剂？,氰化钾,三氧化二砷,四氯化碳,二氯化汞,ABD,,接口直采,1,2026/9/18 12:50:25
多选题,以下哪些是生物性突发事件的原因？,工作人员实验操作不当,高危险性微生物在低级别的生物安全防护实验室操作,实验室本身建筑结构不合理,实验室乱扔烟头,ABC,,接口直采,1,2026/9/18 12:50:15
多选题,以下哪些是危险品泄漏处理措施？,及时向卫生部门报告，并通知有关安全责任人,提供清理溢出物的必要物品,疏散现场人员,使用消毒剂处理,ABC,,接口直采,1,2026/9/18 12:50:15
多选题,以下哪些是用电安全的基本要素：（）,电气设备的绝缘,设备及其导体载流量,安全距离,明显和准确的标志,ABCD,,接口直采,1,2026/9/18 12:50:37
多选题,以下哪些属于感染性废弃物？,血液样品,含病原体的培养基,实验动物尸体,废弃的疫苗,ABCD,,接口直采,1,2026/9/18 12:50:35
多选题,以下哪些属于使用实验室机床设备的规定？,须经主管老师批准,培训合格后方可使用,使用前要进行设备（技术）状况检查，严格按照安全操作规程操作,发现问题及时汇报，使用后清理好现场,ABCD,,接口直采,1,2026/9/18 12:50:37
多选题,以下哪些属于危险化学品事故特点？,伤害人员多,受灾范围广,连锁危害大,处置难度大,ABCD,,接口直采,1,2026/9/18 12:50:15
多选题,以下哪些酸具有强腐蚀性，使用时须做必要防护？,硝酸,冰醋酸,硼酸,硫酸,ABD,,接口直采,1,2026/9/18 12:50:25
多选题,以下哪些行为可能会对洁净室环境带来不好的影响：,文明作业，动作小心轻缓,化妆、喷香水,进入无尘室前抽烟|保持个人卫生，勤换衣服勤洗澡,,BC,,接口直采,1,2026/9/18 12:50:40
多选题,以下哪些行为是在使用洁净室的过程中应该禁止的（）,大声喧哗，追逐打闹,在洁净室内解开洁净服,实验结束后及时清理产生的废弃物和水迹,穿着洁净服进入非净化区域,ABD,,接口直采,1,2026/9/18 12:50:40
多选题,以下哪些行为是在使用洁净室的过程中应该遵守的：,按照规定的格式做好实验记录,使用无尘纸进行实验记录,一般纸张不带入洁净室,,ABC,,接口直采,1,2026/9/18 12:50:40
多选题,以下哪些药品（试剂）在保存时必须注意要干燥防潮？,锂,碳化钙,氢化钙,生石灰,ABCD,,接口直采,1,2026/9/18 12:50:25
多选题,以下哪种操作可以产生气溶胶？,采用吸头重悬离心后的细胞,采用划线法在平板上接种细菌,采用带针头的注射器稀释液体,分装细胞,ABCD,,接口直采,1,2026/9/18 12:50:35
多选题,以下哪种健康状况应该在实验开始前告知导师？,暴露某种特定物质可加重现有疾病,暂时性或长期的免疫系统缺陷性疾病,用药期间，可影响到机体抵抗力,怀孕或哺乳期,ABCD,,接口直采,1,2026/9/18 12:50:35
多选题,以下什么物质引起的皮肤灼伤禁用水洗？,五氧化二磷,五硫化磷,五氯化磷,冰醋酸,ABC,,接口直采,1,2026/9/18 12:50:25
多选题,以下实验室废弃物在处理时哪些需按照医疗废弃物处理？,未使用的和使用过有盖培养皿,没有明显污染的操作过化学试剂的手套,操作过生物材料的手套,琼脂糖凝胶和丙烯酰胺凝胶,ABCD,,接口直采,1,2026/9/18 12:50:35
多选题,以下属于电气设备产生火灾的原因有：（）,短路,过负荷,照明灯具、电热组件、电热工具的表面热,接触电阻热,ABCD,,接口直采,1,2026/9/18 12:50:37
多选题,以下属于网上低俗内容的是(),恶意传播侵害他人隐私的内容,带有侵犯个人隐私性质的走光、偷拍、露点等内容,宣扬暴力、恶意谩骂、侮辱他人等的内容,推介淫秽色情网站和网上低俗信息的链接、图片、文字等内容,ABCD,,接口直采,1,2026/9/18 12:50:42
多选题,以下药品中，严禁与水接触的是：（）,金属钠、钾,电石,白磷,金属氢化物,ABD,,接口直采,1,2026/9/18 12:50:25
多选题,以下有关实验室用电的注意事项中，正确的是：（）,工作人员离开实验室或遇突然断电，应关闭电源，尤其要关闭加热电器的电源开关,实验前先检查用电设备，再接通电源；实验结束后，先关仪器设备，再关闭电源,电源或电气设备的保险丝烧断后，可用其他金属导线代替,电源开关附近不得存放易燃易爆物品或堆放杂物,ABD,,接口直采,1,2026/9/18 12:50:37
多选题,易燃固体的危险特性有：（）,易燃性,易爆性,易分解、升华,毒害性,ABCD,,接口直采,1,2026/9/18 12:50:25
多选题,易燃化学品存放的注意事项有：（）,单独存放于阴凉处,单独存放于干燥处,注意远离热源,必须存放于冰箱中,ABC,,接口直采,1,2026/9/18 12:50:25
多选题,易燃化学品存放时应注意什么？,单独存放于阴凉通风处,单独存放于干燥密封处,如必须存放在冰箱中，一定要使用防爆冰箱,注意远离热源,ACD,,接口直采,1,2026/9/18 12:50:25
多选题,易燃类液体的特点有：（）,闪点在45℃以下,受热膨胀，极易挥发成气体，蒸汽易燃易爆,遇明火即燃烧,闪点越低，越易燃烧,ABCD,,接口直采,1,2026/9/18 12:50:25
多选题,易燃气体的火灾危险性包括：（）,带电性,扩散性,流动性,可缩性,ABD,,接口直采,1,2026/9/18 12:50:15
多选题,易燃液体的危险特性有：（）,易挥发性,受热膨胀性,带电性,毒害性,ABCD,,接口直采,1,2026/9/18 12:50:25
多选题,易燃易爆危险品是指容易燃烧爆炸的危险品，其中包括：（）,有机过氧化物,有毒品,氧化性物质,易于自燃的物质,ACD,,接口直采,1,2026/9/18 12:50:15
多选题,易自燃化学品应如何存放？,单独储存于通风、阴凉、干燥处,存放于试剂架上,远离明火及热源，防止太阳直射,以上都对,AC,,接口直采,1,2026/9/18 12:50:25
多选题,引发电气火灾的原因有多种，以下哪些是引发电气火灾的主要原因：（）,过载,短路,电热器离可燃物近,不符合安全规范的操作,ABCD,,接口直采,1,2026/9/18 12:50:37
多选题,应对任何工作人员的职业照射水平进行控制，使之不超过下述值：（）,由审管部门决定的连续5年的年平均有效剂量20mSv,任何一年的有效剂量50mSv,眼晶体的年当量剂量150mSv,四肢或皮肤的年当量剂量500mSv,ABCD,,接口直采,1,2026/9/18 12:50:16
多选题,应急演练过程中发现问题应包括：（）,不足项,改进项,整改项,错误项,ABC,,接口直采,1,2026/9/18 12:50:15
多选题,应急预案的编制应当遵循（）的原则，以应急处置为核心，明确应急职责、规范应急程序、细化保障措施。,以人为本,依法依规,符合实际,注重实效,ABCD,,接口直采,1,2026/9/18 12:50:15
多选题,应急预案的管理实行（）的原则。,属地为主,动态管理,分级负责,分类指导,ABCD,,接口直采,1,2026/9/18 12:50:15
多选题,应急准备包括：（）,教育、训练与演练,应急资源,医疗和卫生,必要的互助协议,ABD,,接口直采,1,2026/9/18 12:50:15
多选题,应用止血带时正确的方法是：（）,止血带应扎在伤口的近心端，并应尽量靠近伤口,上臂扎止血带时，应扎在中1／3处，以防损伤桡神经,前臂和小腿不适于扎止血带,止血带与皮肤之间应加衬垫，以免损伤皮肤,ACD,,接口直采,1,2026/9/18 12:50:15
多选题,影响爆炸极限的因素主要有：（）,温度、压力,火源强度,含氧量,惰性气体含量和容器,ABCD,,接口直采,1,2026/9/18 12:50:32
多选题,影响电流对人体伤害程度的主要因素有( ),电流的大小,通电时间的长短,电流的频率,触电电流经人体的途径,ABCD,,接口直采,1,2026/9/18 12:50:42
多选题,影响粉尘爆炸的因素有：（）,颗粒度,挥发分,水分,灰分,ABC,,接口直采,1,2026/9/18 12:50:15
多选题,影响混合物爆炸极限的因素有：（ ）,混合物的温度,混合物的压力,混合物的含氧量,容器的大小,ABCD,,接口直采,1,2026/9/18 12:50:32
多选题,用滚球法确定防雷装置的保护范围，需要了解以下哪些数据。,建筑物的防雷类别,防雷装置的高度,被保护物的高度,被保护物至防雷装置的水平距离,ABCD,,接口直采,1,2026/9/18 12:50:18
多选题,用酒精灯时，以下操作正确的是：( ),点火时要用火柴点,点火时用另一个点着的灯去点,使用后嘴吹灭,使用后用灯帽盖熄,AD,,接口直采,1,2026/9/18 12:50:21
多选题,用平面磨床磨削平面时应注意的问题有：（）,检查磁盘吸力是否正常,接触面较小的工件，前后要放挡块、加挡板,要站立在砂轮旋转的切线方向,砂轮要做动平衡,ABD,,接口直采,1,2026/9/18 12:50:37
多选题,由于泡沫灭火器喷出的泡沫中含有大量水分，它不能像二氧化碳液体灭火器那样灭火后不污染物质、不留痕迹，主要适用于扑救（）等固体可燃物火灾。,油类,木材,纤维,橡胶,ABCD,,接口直采,1,2026/9/18 12:50:32
多选题,有毒化学品对人体的危害途径有哪些？,呼吸道,消化道,皮肤,血液,ABC,,接口直采,1,2026/9/18 12:50:25
多选题,有关包扎的叙述，正确的是：（）,包扎动作要轻柔，不要触及伤口,包扎时要保持伤员体位舒适,包扎时应在肢体的外侧面打结，不要打在伤口上,包扎松紧要适宜,ABCD,,接口直采,1,2026/9/18 12:50:15
多选题,有关骨折临时固定的叙述，正确的是：（）,处理顺序是止血、包扎、固定,夹板与皮肤间要加衬垫,夹板长度必须超过骨折的上、下两个关节,肢体骨折固定时，要将指（趾）端露出，以便随时观察末梢血液循环情况,ABCD,,接口直采,1,2026/9/18 12:50:15
多选题,有关胸外心脏按压，正确的是：（）,按压频率100次／min,平卧，背部垫硬木板,按压部位在心尖区,按压时间与放松时间相同,ABD,,接口直采,1,2026/9/18 12:50:15
多选题,有机溶剂起火较大时可用下列哪种灭火器灭火？,泡沫灭火器,二氧化碳灭火器,干粉灭火器,清水灭火器,BC,,接口直采,1,2026/9/18 12:50:32
多选题,有下列哪些疾病或生理状态的实验动物从业人员不适宜从事直接接触实验动物：（）,皮肤创伤未愈,妊娠期内,咽炎引发的重度咳嗽,急性结膜炎,ABCD,,接口直采,1,2026/9/18 12:50:35
多选题,有下列气体产生时须在通风橱内操作的是：( ),硫化氢,氯化氢,氟化氢,溴,ABCD,,接口直采,1,2026/9/18 12:50:28
多选题,有下列气体产生时须在通风橱内操作的是：（）,硫化氢,氯化氢,氟化氢,溴,ABCD,,接口直采,1,2026/9/18 12:50:28
多选题,有些固体化学试剂（如硫化磷、赤磷、镁粉等）与氧化剂接触或在空气中受热、受冲击或摩擦能引起急剧燃烧，甚至爆炸。使用这些化学试剂时，要注意什么：（）,要注意周围环境湿度不要超过75％,周围温度一般不要超过30℃，最好在20℃以下,不要与强氧化剂、卤素、酸类、氯代烃接触,要注意周围环境湿度不要超过55％,ABC,,接口直采,1,2026/9/18 12:50:25
多选题,与液氮有关的操作和储存，以下注意事项正确的是：（）,操作人员需戴防寒手套、安全防护面罩或防护眼镜,液氮罐需储存于阴凉、通风的位置，不可放置于暖气旁或者有强烈阳光照射的地方,多余的液氮不可倾倒于公共场所的地面，但可倒入水槽处理,对于管道、阀门的解冻，可以用水冲，不能敲打、火烤和电加热,ABD,,接口直采,1,2026/9/18 12:50:28
多选题,预防火灾的基本措施有：（）,控制可燃物,隔绝空气,清除火源,阻止火勢或爆作波的蔓延,ABCD,,接口直采,1,2026/9/18 12:50:32
多选题,遇爆炸物品火灾时，应采取以下哪些措施？,判断和查明再次发生爆炸的可能性和危险性，采取一切可能的措施，制止再次爆炸的发生,扑救爆炸物品堆垛时，水流应采用吊射方式，避免强力水流直接冲击堆垛,灭火人员应尽量利用现场现成的掩蔽体或尽量采用卧姿等低势射水,切忌用沙土盖压，以免增强爆炸物品爆炸时的压力,ABCD,,接口直采,1,2026/9/18 12:50:15
多选题,遇湿易燃物质的危险特征有：（）,遇水易燃易爆性,与氧化剂剧烈反应,毒害性,腐蚀性,ABCD,,接口直采,1,2026/9/18 12:50:25
多选题,遇水燃烧物质是指与水或酸接触会产生可燃气体，同时放出高热，该热量就能引起可燃气体着火爆炸的物质。下列物质属于遇水燃烧的是：（ ）,碳化钙（电石）,碳酸钙,锌,硝化棉,AC,,接口直采,1,2026/9/18 12:50:25
多选题,遇压缩或液化气体火灾时，应采取以下哪些措施？,首先应扑灭外围被火源引燃的可燃物火势，切断火势蔓延途径，控制燃烧范围，并积极抢救受伤和被困人员,如果是输气管道泄漏着火，应设法找到气源阀门,储罐或管道泄漏且关阀无效时，应根据火势判断气体压力和泄漏口的大小及其形状，准备好相应的堵漏材料,火扑灭后，应立即用堵漏材料堵漏，同时用雾状水稀释和驱散泄漏出来的气体,ABCD,,接口直采,1,2026/9/18 12:50:15
多选题,遇易燃液体火灾时，应采取以下哪些措施？,及时了解和掌握着火液体的品名、密度、水溶性、有无毒性、腐蚀、沸溢等危险性，以便采取相应的灭火和防护措施,切断火势蔓延的途径，冷却和疏散受火势威胁的压力及密闭容器和可燃物，控制燃烧范围，并积极抢救受伤和被困人员,如有液体流淌时，应筑堤拦截流淌的易燃液体或挖沟导流,根据其相对密度、水溶性和燃烧面积大小，选择正确的灭火剂扑救,ABCD,,接口直采,1,2026/9/18 12:50:15
多选题,原子吸收分光光度计需安装于：（）,附近无强电磁场的地方,附近无强热辐射源的地方,可能会产生剧烈振动的地方,避免日光直射、烟尘、污浊气流及水蒸气影响的地方,ABD,,接口直采,1,2026/9/18 12:50:38
多选题,越来越多的人习惯于用手机里的支付宝、微信等付账，因为很方便，但这也对个人财产的安全产生了威胁。以下哪些选项可以有效保护我们的个人财产？（ ）,使用手机里的支付宝、微信付款输入密码时避免别人看到,支付宝、微信支付密码不设置常用密码,支付宝、微信不设置自动登录,不在陌生网络中使用,ABCD,,接口直采,1,2026/9/18 12:50:42
多选题,运营者采购网络产品和服务时应注意哪些事项？,优先采购安全可信产品,可能影响国家安全的应通过安全审查,签订安全保密协议,无需审查直接采购,ABC,,接口直采,1,2026/9/18 12:50:42
多选题,在处理危险化学品泄漏事故中，以下属于个人防护要求的是：（）,穿简易或重型防化服或防静电服,佩戴空（氧）气呼吸器,如氯气泄漏必须佩戴正压式防毒面具,穿厚衣服,ABC,,接口直采,1,2026/9/18 12:50:15
多选题,在创伤急救止血时，常用的止血方法有：（）,指压止血法,加压包扎法,止血带止血法,加垫屈肢止血法,ABCD,,接口直采,1,2026/9/18 12:50:15
多选题,在冬季做汽车实验前，操作者应对发动机检查的主要内容包括：（）,防冻液,机油液面及状况,怠速噪声,玻璃水,ABC,,接口直采,1,2026/9/18 12:50:37
多选题,在锻床上锻打工件前，对于锻件应做好以下事项：（）,锻件应放在下砧铁中央,锻件必须放正、放平,垫铁等工具必须放正、放平,垫铁等工具放平就可以不必放正,ABC,,接口直采,1,2026/9/18 12:50:37
多选题,在锻造过程中，下列情况中不允许的有：（）,随意拨动锻压设备的开关,随意拨动锻压设备的操纵手柄,用锤头空击下砧铁,锻打过烧或已冷却的锻件,ABCD,,接口直采,1,2026/9/18 12:50:37
多选题,在发生放射性事故时，实验室工作人员和公众受到辐射的可能途径有哪些？,直接来自放射源或辐射装置的辐射所产生的外照射或 衣服和皮肤上的放射性污染所产生的外照射。,事故释放的气载有放射性物质所产生的外照射，或沉降到地面上和其他表面上形成的沉积物所产生的外照射。,吸入事故释放的气载有放射性物质所产生的内照射或食入被放射性物质污染的食物和水所产生的内照射。,被误置、丢失、遗弃或被盗的放射源或放射性污染严重金属物件进一步通过废金属回收、熔炼和加工成金属制品进入社会生活产生的照射。,ABCD,,接口直采,1,2026/9/18 12:50:16
多选题,在火灾中，逃生自救的基本方法有：（）,逃离时尽可能沿墙根边沿，避免因坍塌压伤,尽可能向上风侧的出口逃生，选择最近的出口处,逃离火场时，最好戴好防毒器材，在没有防毒器材的情况下可用湿毛巾捂住口鼻逃离或尽可能紧贴地面爬出去,在所有逃生通道比较远的情况下可以选择跳楼逃生,ABC,,接口直采,1,2026/9/18 12:50:32
多选题,在机床正常运转加工工件时，不准做以下哪些操作？（）,用手触摸刀具,翻转工件,夹紧工件,测量工件,ABCD,,接口直采,1,2026/9/18 12:50:37
多选题,在教学或科研工作中使用举升器时应注意的安全问题有：（）,举升器技术状态良好,车辆位置合理,支点可靠,技术人员操作时必须有第二个人现场辅助；学生操作时必须有指导教师监管,ABCD,,接口直采,1,2026/9/18 12:50:37
多选题,在钳工工作时，操作者着装应该做到：（）,穿好工作服,戴防护手套,长发者要戴好防护帽,扎紧袖口,ACD,,接口直采,1,2026/9/18 12:50:37
多选题,在实验室遇到人工无法搬运的物体时，应该：（）,自己开起重设备搬运,由专人开起重设备搬运,经专门培训、获得资质证书，并经实验室负责人允许后可以使用起重设备搬运,以上均可,BC,,接口直采,1,2026/9/18 12:50:27
多选题,在实验室中引起火灾的通常原因包括：（ ）,明火,电器保养不良,仪器设备在不使用时未关闭电源,使用易燃物品时粗心大意,ABCD,,接口直采,1,2026/9/18 12:50:32
多选题,在使用生物安全柜(BSC)时，下列操作错误的是：（ ）,只有在BSC工作正常时才可以使用,物品放入柜内工作区之前不需表面净化,使用过程中可以打开玻璃面板,实验操作应在工作台的中后部完成,BC,,接口直采,1,2026/9/18 12:50:28
多选题,在使用生物安全柜时，下列操作正确的是：（ ）,在工作完成或一天结束时，应当对BSC的表面进行消毒,在开始工作前和工作结束后都应当让BSC的风扇运行5分钟,操作者应当尽量减少胳膊的伸进和移出,不能用移液管或其他物质堵住工作区前面的空气格栅,ABCD,,接口直采,1,2026/9/18 12:50:28
多选题,在使用生物材料时需要特别注意的事项是：（ ）,微生物、动物组织、细胞培养液、血液和分泌物等生物材料可能存在细菌和病毒感染的潜伏性危险，处理时必须谨慎、小心,做完实验后，必须用肥皂、洗涤剂或消毒液充分洗净双手,当被微生物等生物材料污染的玻璃器皿在清洗或高压灭菌前，应立即浸泡在适当的消毒液,被污染的物品必须进行高压消毒或烧成灰烬,ABCD,,接口直采,1,2026/9/18 12:50:35
多选题,在使用一种不了解的化学药品前应做的准备有：（ ）,明确这种药品在实验中的作用,掌握这种药品的物理性质（如：熔点、沸点、密度等）,掌握这种药品的化学性质（如毒性，氧化性等）,了解中毒后的急救措施,ABCD,,接口直采,1,2026/9/18 12:50:25
多选题,在下列哪种情况下应使用生物安全柜？,操作传染性物质,将含有感染性材料的混悬液转移过程,实验过程中产生气溶胶的危险性较大时，包括研磨、离心、超声破碎等,操作非传染性物质,ABC,,接口直采,1,2026/9/18 12:50:35
多选题,在下列情况下，应使用生物安全柜的是（ ）。,操作传染性物质,将含有感染性材料的混悬液转移过程,"实验过程中产生气溶胶的危险性较大时,包括研磨、离心、超声破碎等",操作非传染性物质,ABC,,接口直采,1,2026/9/18 12:50:35
多选题,在医学与生物学实验室中常遇到的射线有哪几种?,α射线、β射线,质子射线,重离子射线,γ射线、X射线,ABCD,,接口直采,1,2026/9/18 12:50:16
多选题,在应急过程中，人群疏散是减少人员伤亡的关键。在进行人群疏散时，应充分考虑的问题有：（）,疏散人群的数量,疏散所需的时间,风向等环境变化,疏散线路的风险,ABCD,,接口直采,1,2026/9/18 12:50:15
多选题,在铸造实习的浇注铸件过程中，应注意做到：（）,进行浇注操作的同学要平稳浇注，避免金属液飞溅,其他同学不准站在浇包近旁,浇注期间不准相互打闹,和正在浇注的同学或师傅进行谈,ABC,,接口直采,1,2026/9/18 12:50:37
多选题,在铸造实习环节中的造型操作期间，应严格做到：（）,使用完的造型工具应及时放入工具箱,铁锹不用时应插牢在砂堆上，以免伤到人,在春实砂型时手要离开砂箱，避免砸手,按自己喜好在工具箱中摆放造型工具,ABC,,接口直采,1,2026/9/18 12:50:37
多选题,在铸造实习期间，下列哪些情况是不允许的？（）,在车间打闹,随意攀登吊车、墙梯或者其他设备,在吊车吊运物体运行线上行走或停留,随意乱动铸造车间的设备,ABCD,,接口直采,1,2026/9/18 12:50:37
多选题,在铸造实习期间不允许的着装有：（ ）,凉鞋,拖鞋,短裤,裙子,ABCD,,接口直采,1,2026/9/18 12:50:37
多选题,遭遇火灾脱险的不正确的方法是：( ),在平房内关闭门窗，隔断火路，等待救援,使用电梯快速脱离火场,利用绳索等，顺绳索滑落到地面,必须跳楼时要尽量缩小高度，做到双脚先落地,AB,,接口直采,1,2026/9/18 12:50:32
多选题,怎样正确使用压力气瓶？,压力气瓶要放置稳固、防止倾倒，要避免碰撞、烘烤和曝晒,不得对压力气瓶进行焊接或改造，不得更改气瓶的钢印或颜色标记,受射线辐照易发生化学反应介质的压力气瓶应远离放射源或采取屏蔽措施,开阀时要慢慢开启，防止附件升压过快,ABCD,,接口直采,1,2026/9/18 12:50:23
多选题,正确使用气体钢瓶的原则是：（）,在钢瓶上装上配套的减压阀，检查减压阀是否关紧的方法是逆时针旋转调压手柄至螺杆松动为止,打开钢瓶总阀门，此时高压表显示出瓶内贮气总压力,慢慢地顺时针转动调压手柄，至低压表显示出实验所需压力为止,停止使用钢瓶时先关闭总阀门，待减压阀中余气逸尽后再关闭减压阀,ABCD,,接口直采,1,2026/9/18 12:50:23
多选题,中毒后的应急处置有哪些？,吸入刺激性气体中毒者，应迅速将其转移出中毒现场，向上风向转移至新鲜空气处，松开患者衣领，使其呼吸通畅，及时送医救治,重金属中毒者，喝含硫酸镁的水溶液，立即催吐,砷和汞化物中毒者，应紧急就医,误服毒物中毒者，须立即催吐、洗胃或导泻,ACD,,接口直采,1,2026/9/18 12:50:15
多选题,中心洁净室行为规范培训的目的是：,保持洁净室的净化环境,确保正常的科研秩序,减少人为因素对科研的影响,,ABC,,接口直采,1,2026/9/18 12:50:40
多选题,重复接地是指零线上的一处或多处通过接地装置与大地再次连接，其安全作用有哪些：（）,降低漏电设备对地电压,减轻零线断线时的触电危险,降低故障电气设备的对地电压,缩短故障持续时间,ABCD,,接口直采,1,2026/9/18 12:50:37
多选题,重要数据处理者应报送的风险评估报告内容包括：,重要数据的种类和数量,数据处理活动情况,数据安全风险及应对措施,企业利润情况,ABC,,接口直采,1,2026/9/18 12:50:42
多选题,专门安全管理机构应履行哪些职责？,建立健全网络安全管理、评价考核制度,组织开展网络安全监测、检测和风险评估,制定应急预案并开展应急演练,组织网络安全教育、培训,ABCD,,接口直采,1,2026/9/18 12:50:42
多选题,准备核磁相关实验时，以下正确的是：（）,实验前积极咨询工作人员实验所需要的样品条件,核磁管反复多次使用，即使核磁管有轻微破损也没有问题,核磁管管帽紧紧扣在核磁管管口,将核磁管套入转子时，接触转子的手尽量干燥，不要有汗珠,ACD,,接口直采,1,2026/9/18 12:50:16
多选题,自燃物质的危险特性有：（）,自燃性,热积聚性,遇湿易燃性,毒害性,ABC,,接口直采,1,2026/9/18 12:50:25
多选题,自燃性试剂应如何存放？,单独储存,储存于通风、阴凉、干燥处,存放于试剂架上,远离明火及热源，防止太阳直射,ABD,,接口直采,1,2026/9/18 12:50:25
多选题,钻削工件过程中，如果钻头上缠有铁屑，应如何应对？（）,严禁用手拉,停车后用刷子或铁钩清除,可以用手拉,不停车时用毛刷清理,AB,,接口直采,1,2026/9/18 12:50:37
多选题,做常压蒸馏时应注意：（）,充分了解各馏分的沸点,仔细检查装置接口处的连接情况,蒸馏瓶内须加入沸石并控制蒸馏速度,保证良好的冷却效果,ABCD,,接口直采,1,2026/9/18 12:50:21
多选题,ABC干粉灭火器适用于：（）,电器起火,可燃气体起火,有机溶剂起火,以上都不是,ABC,,接口直采,1,2026/9/18 12:50:32
多选题,CO2培养箱的使用注意事项有：（）,培养箱内保证湿度加入的水必须是蒸馏水或者去离子水,箱体应定期用消毒液擦洗消毒,定期清洁和消毒,专人管理，每天检查CO2、管道，防止漏气，检查温度等,ABCD,,接口直采,1,2026/9/18 12:50:38
多选题,GHS危险性公示要素包括：（）,图形符号,警示词,危险性说明,防范说明,ABCD,,接口直采,1,2026/9/18 12:50:25
多选题,II级生物安全防护实验室的安全防护措施除符合I级生物安全防护的要求外，还应该符合哪些特殊要求？,进入实验室时，应在工作服外加罩衫或穿防护服，戴帽子、口罩。,一次性手套不得清洗和再次使用。,当微生物的操作不能在生物安全柜内进行，而必须采取外部操作时，为防止感染性材料溅出或雾化危害，必须使用面部保护装置（如：护目镜、面罩、个体呼吸保护用品或其他防溅出保护设备）。,无特殊要求,ABC,,接口直采,1,2026/9/18 12:50:35
多选题,III级生物安全防护实验室的安全防护措施除符合II级生物安全防护的要求外，还应该符合哪些特殊要求？,工作人员在进入实验室时必须使用个体防护装备，包括两层防护服、两层手套、生物安全专业防护口罩（不应使用医用外科口罩等），必要时佩戴眼罩、呼吸保护装置等。,工作完毕必须脱下工作服，不得穿工作服离开实验室。可再次使用的工作服必须先消毒后清洗。,在实验室中必须配备有效的消毒剂、眼部清洗剂或生理盐水，且易于取用。,实验室区域内应配备应急药品。,ABCD,,接口直采,1,2026/9/18 12:50:35
多选题,IV级生物安全防护实验室的安全防护措施除符合II级生物安全防护的要求外，还应该符合哪些特殊要求？,所有工作人员进入实验室时要更换全套服装，工作后脱下所有防护服，淋浴后再离去。在防护服型或混合型实验室中，工作人员需穿着整体的由生命维持系统供气的正压工作服,。当不能安全有效地将气溶胶限定在一定范围内时应使用呼吸保护装置。,室内有传染性灵长类动物时，必须使用面部保护装置（护目镜、面罩、个体呼吸保护用品或其他防溅出保护设备）。,进行容易产生高危险气溶胶的操作时，包括对感染动物和鸡胚的尸体、体液的收集和动物鼻腔接种，都要同时使用生物安全柜或其他物理防护设备和个人防护器具（例如口罩和面罩）。,ABCD,,接口直采,1,2026/9/18 12:50:35
多选题,γ射线与物质相互作用的主要方式是：（）,光电效应,康普顿效应,电子对效应,韧致辐射效应,ABC,,接口直采,1,2026/9/18 12:50:16
判断题,“五双”管理：即管理上双人收发、双人记账、双人双锁、双人运输、双人使用。,正确,错误,,,A,,接口直采,1,2026/9/18 12:50:25
判断题,《电离辐射防护与辐射源安全基本标准》（GB 18871-2002）的全部技术内容均为强制性的国家标准。,正确,错误,,,A,,接口直采,1,2026/9/18 12:50:16
判断题,《电离辐射防护与辐射源安全基本标准》（GB 18871-2002）也适用于非电离辐射（如微波、紫外线、可见光及红外辐射等）对人员可能造成的危害的防护。,正确,错误,,,B,,接口直采,1,2026/9/18 12:50:16
判断题,《数据安全法》不适用于涉及国家秘密的数据处理活动。,正确,错误,,,A,,接口直采,1,2026/9/18 12:50:42
判断题,《特种设备安全监察条例》所称的“特种设备”是指涉及生命安全、危险性较大的锅炉、压力容器、压力管道、电梯、起重机械、客运索道、大型游乐设施、场（厂）内专用机动车辆。,正确,错误,,,A,,接口直采,1,2026/9/18 12:50:30
判断题,《中华人民共和国固体废弃物污染环境防治法》对危险废物产生、收集、运输、贮存、处置、管理、处罚等方面作出了明确规定，产生固体废物的单位和个人，应当采取措施，防止或者减少固体废物对环境的污染。,正确,错误,,,A,,接口直采,1,2026/9/18 12:50:20
判断题,2米以上高空临边、攀登作业，要穿防滑鞋、使用安全带，有相关安全操作规程。,正确,错误,,,A,,接口直采,1,2026/9/18 12:50:30
判断题,70％的乙醇水溶液可以用于皮肤、实验室工作台表面以及小型器械的消毒。皮肤消毒至少10s，其他物体表面消毒不能少于3min。,正确,错误,,,A,,接口直采,1,2026/9/18 12:50:28
判断题,70％的乙醇水溶液可以用于皮肤消毒，消毒时间至少10s。,正确,错误,,,A,,接口直采,1,2026/9/18 12:50:28
判断题,70％的乙醇水溶液可以用于实验室工作台表面以及小型器械的消毒。,正确,错误,,,A,,接口直采,1,2026/9/18 12:50:28
判断题,安全管理从范畴上讲，涉及物理安全策略、访问控制策略、信息加密策略和网络安全管理策略。,正确,错误,,,A,,接口直采,1,2026/9/18 12:50:42
判断题,安全柜型BSL-4实验室是工作人员通过完全隔离的II级BSC操作感染性材料，负压防护服型BSL-4实验室是实验人员全身穿负压人员服装（生命维持系统）进行工作。,正确,错误,,,B,,接口直采,1,2026/9/18 12:50:35
判断题,安全检查表法：是运用安全系统工程的方法，发现系统以及设备、机器装置和操作管理、工艺、组织措施中的各种不安全因素，列成表格进行分析的方法。,正确,错误,,,A,,接口直采,1,2026/9/18 12:50:27
判断题,安全离心杯，是一个封闭的容器，旨在防止在离心过程中释放出气溶胶。,正确,错误,,,A,,接口直采,1,2026/9/18 12:50:35
判断题,安全事故处理应本着先人后物的原则，果断地、坚决地快速处置。,正确,错误,,,A,,接口直采,1,2026/9/18 12:50:21
判断题,安装刀具时，要正确使用扳手，并防止扳手滑脱伤人。,正确,错误,,,A,,接口直采,1,2026/9/18 12:50:37
判断题,安装工件时，工件要装正、夹紧，装、卸工件后必须及时取下卡盘扳手。,正确,错误,,,A,,接口直采,1,2026/9/18 12:50:37
判断题,安装系统后应当根据厂商或安全咨询机构的建议对系统进行必要的安全配置。,正确,错误,,,A,,接口直采,1,2026/9/18 12:50:42
判断题,安装在危险品仓库的灯具应该是防爆型的。,正确,错误,,,A,,接口直采,1,2026/9/18 12:50:25
判断题,安装在有爆炸危险场所的灯具应该是防爆型的。,正确,错误,,,A,,接口直采,1,2026/9/18 12:50:32
判断题,氨苄青霉素、链霉素等抗生素为抗菌剂，对人体无害。,正确,错误,,,B,,接口直采,1,2026/9/18 12:50:25
判断题,氨水、浓盐酸、浓硝酸等易挥发液体药品存放时，在液面上滴10～20滴植物油，可以防止挥发。,正确,错误,,,B,,接口直采,1,2026/9/18 12:50:25
判断题,按国家有关规定处理有毒、带菌、腐蚀性的废气、废水和废物，集中统一处理放射性废物，谨防污染环境。,正确,错误,,,A,,接口直采,1,2026/9/18 12:50:20
判断题,按照气体的理化性质，气体一般分为易燃气体、不燃无毒气体、有毒气体三类。,正确,错误,,,A,,接口直采,1,2026/9/18 12:50:23
判断题,按照气体的理化性质，气体一般可分为活泼气体、惰性气体、有毒气体三大类。,正确,错误,,,B,,接口直采,1,2026/9/18 12:50:23
判断题,按照实验动物福利要求，不得循环室内空气，所以建议动物实验室不得有向内的定向气流。,正确,错误,,,B,,接口直采,1,2026/9/18 12:50:35
判断题,按照我国标准，BSL-1和BSL-2实验室均不需要安装气锁，而BSL-3和BSL-4实验室则必须安装气锁。,正确,错误,,,A,,接口直采,1,2026/9/18 12:50:35
判断题,按照我国标准，BSL-1和BSL-2实验室均不需要污水处理，而BSL-3和BSL-4实验室需要对污水进行处理。,正确,错误,,,A,,接口直采,1,2026/9/18 12:50:35
判断题,白炽灯下方可存放不用的纸箱等物品。,正确,错误,,,B,,接口直采,1,2026/9/18 12:50:18
判断题,搬运气瓶时，操作人员的工作服、手套、装卸工具上不应有油污。,正确,错误,,,A,,接口直采,1,2026/9/18 12:50:23
判断题,搬运气瓶一般用气瓶推车，在没有推车的情况下，可在地上滚动或垂直转动。同时应装上防震圈、旋紧安全帽，以保护开关阀。,正确,错误,,,B,,接口直采,1,2026/9/18 12:50:23
判断题,半数致死量(LD50)又称为半数致死浓度，是指药物能引起一群实验动物50%死亡所需的剂量或浓度，用于药物的毒性分级，单位为mg/kg。,正确,错误,,,A,,接口直采,1,2026/9/18 12:50:25
判断题,保险丝断了，可以用细铜丝代替：（）,正确,错误,,,B,,接口直采,1,2026/9/18 12:50:32
判断题,保险丝和空气开关可以有效地防止电气火灾。,正确,错误,,,B,,接口直采,1,2026/9/18 12:50:37
判断题,爆炸极限不是一成不变的，会随着条件发生变化，影响爆炸极限的因素只有温度。,正确,错误,,,B,,接口直采,1,2026/9/18 12:50:32
判断题,爆炸是所有化学危险品的一个重要性质。,正确,错误,,,B,,接口直采,1,2026/9/18 12:50:32
判断题,爆炸是所有化学危险品的主要特征。,正确,错误,,,B,,接口直采,1,2026/9/18 12:50:32
判断题,爆炸是因为容器内和大气间的压力差增大或减少到容器壁不能承受时，物质在外界因素激发下发生急剧的物理、化学变化，在极短时间内，释放出大量能量，产生高温，并放出大量气体，伴有巨大声响的过程。,正确,错误,,,A,,接口直采,1,2026/9/18 12:50:32
判断题,爆炸是指物质瞬间突然发生物理或化学变化，同时释放出大量的气体和能量（光能、热能、机械能），并伴有巨大声响的现象。,正确,错误,,,A,,接口直采,1,2026/9/18 12:50:32
判断题,爆炸是指物质瞬间突然发生物理或化学变化，同时释放出大量的气体和能量（光能、热能、机械能）并伴有巨大声响的现象。,正确,错误,,,A,,接口直采,1,2026/9/18 12:50:32
判断题,爆炸物品不准和其他类物品同时储存，必须单独隔离限量储存在库内温度低于45℃的条件下，相对湿度应保持75％～80％，仓库应与周围建筑、道路、电线等保持安全。,正确,错误,,,B,,接口直采,1,2026/9/18 12:50:25
判断题,爆炸性混合物的爆炸极限是不变的。,正确,错误,,,B,,接口直采,1,2026/9/18 12:50:32
判断题,爆炸性混合物的危险性是由它的爆炸极限、传爆能力、引燃温度和最小点燃电流比决定的。,正确,错误,,,A,,接口直采,1,2026/9/18 12:50:32
判断题,被困在电梯中应尽快扒开门脱险。,正确,错误,,,B,,接口直采,1,2026/9/18 12:50:32
判断题,被实验动物抓伤或咬伤，应立即停止实验，清洗伤口，并进行皮肤消毒，同时到医院向临床医生征询处置意见。,正确,错误,,,A,,接口直采,1,2026/9/18 12:50:35
判断题,被微生物等生物材料污染的玻璃器皿应立即进行高压灭菌，然后清洗。,正确,错误,,,A,,接口直采,1,2026/9/18 12:50:35
判断题,苯、三硝基甲苯、二硫化碳、丙烯腈、四氯化碳、甲醛、苯胺、氯丙烯、溴甲烷、环氧氯丙烷、光气、一氧化碳等具有高毒性。,正确,错误,,,A,,接口直采,1,2026/9/18 12:50:25
判断题,苯的爆炸极限是：1.4％～7.1％。,正确,错误,,,A,,接口直采,1,2026/9/18 12:50:25
判断题,苯乙烯、甲醇、甲苯、二甲苯、三氯乙烯、苯酚等具有中等毒性。,正确,错误,,,A,,接口直采,1,2026/9/18 12:50:25
判断题,苯在世界卫生组织国际癌症研究机构致癌物清单中被列为二类致癌物。,正确,错误,,,B,,接口直采,1,2026/9/18 12:50:25
判断题,比较常见的引起呼吸道中毒的物质，一般是易挥发的有毒有机溶剂（如乙醚、三氯甲烷、苯等）或化学反应所产生的有毒气体（如氰化氢、氯气、一氧化碳等）。,正确,错误,,,A,,接口直采,1,2026/9/18 12:50:25
判断题,冰醋酸受冻易结冰。,正确,错误,,,A,,接口直采,1,2026/9/18 12:50:25
判断题,冰箱内禁止存放危险化学物品，如果确需存放，则必须注意容器绝对密封，严防泄漏。,正确,错误,,,A,,接口直采,1,2026/9/18 12:50:25
判断题,丙酮、氢氧化钠、氨等具有低毒性。,正确,错误,,,A,,接口直采,1,2026/9/18 12:50:25
判断题,丙酮的爆炸极限是：3％～11％。,正确,错误,,,A,,接口直采,1,2026/9/18 12:50:25
判断题,病原微生物的研究工作必须在生物安全一级（BSL-1）、二级（BSL-2）、三级（BSL-3）和四级（BSL-4）实验室中进行。,正确,错误,,,A,,接口直采,1,2026/9/18 12:50:35
判断题,病原微生物感染或引起疾病的能力，取决于病原微生物的毒性而不是宿主本身，许多病原微生物对于易感宿主的感染有明显的差异。,正确,错误,,,B,,接口直采,1,2026/9/18 12:50:35
判断题,病原微生物实验室安全防护最重要的因素是操作人的安全意识、防护设备和应急保障措施而不是操作人是否遵守标准微生物操作技术和规范。,正确,错误,,,B,,接口直采,1,2026/9/18 12:50:35
判断题,病原微生物实验室应标识和评审对孕妇健康和易感人员的潜在危险。,正确,错误,,,A,,接口直采,1,2026/9/18 12:50:35
判断题,玻璃电极每次用毕，应拿吸水纸用力擦拭电极玻璃球上的样品液。,正确,错误,,,B,,接口直采,1,2026/9/18 12:50:21
判断题,玻璃电极平时不用时应保持干燥，不应浸泡在蒸馏水中。,正确,错误,,,B,,接口直采,1,2026/9/18 12:50:21
判断题,玻璃量器的烘干温度越高越好。,正确,错误,,,B,,接口直采,1,2026/9/18 12:50:21
判断题,玻璃器具在使用前要仔细检查，避免使用有裂痕的仪器。特别是在用于减压、加压或加热操作时，更要认真进行检查。,正确,错误,,,A,,接口直采,1,2026/9/18 12:50:21
判断题,玻璃器具在使用前要仔细检查，避免使用有裂痕的仪器。特别用于减压、加压或加热操作的场合，更要认真进行检查。,正确,错误,,,A,,接口直采,1,2026/9/18 12:50:21
判断题,不得操作未经过培训的设备。,正确,错误,,,A,,接口直采,1,2026/9/18 12:50:40
判断题,不得带着实验防护手套开门、翻阅书籍、使用电脑。,正确,错误,,,A,,接口直采,1,2026/9/18 12:50:28
判断题,不得堵塞实验室逃生通道。,正确,错误,,,A,,接口直采,1,2026/9/18 12:50:32
判断题,不得擅自在压力容器上开孔、乱接管道。,正确,错误,,,A,,接口直采,1,2026/9/18 12:50:30
判断题,不得使用过期、未经检验和不合格的气体钢瓶。,正确,错误,,,A,,接口直采,1,2026/9/18 12:50:23
判断题,不得在冰箱、烘箱等产热设备附近放置纸制品、化学试剂、气体钢瓶等物品。,正确,错误,,,A,,接口直采,1,2026/9/18 12:50:38
判断题,不得在冰箱、烘箱等加热、产热设备附近放置纸板、化学试剂、气体钢瓶等物品。,正确,错误,,,A,,接口直采,1,2026/9/18 12:50:38
判断题,不可配戴隐形眼镜做化学实验。,正确,错误,,,A,,接口直采,1,2026/9/18 12:50:28
判断题,不论误食酸或碱，都可以灌注牛奶，不要吃呕吐剂。,正确,错误,,,A,,接口直采,1,2026/9/18 12:50:15
判断题,不满十四周岁的未成年人的个人信息不属于敏感个人信息。,正确,错误,,,B,,接口直采,1,2026/9/18 12:50:42
判断题,不明化学药品应立即丢弃，以免实验时错用。,正确,错误,,,B,,接口直采,1,2026/9/18 12:50:25
判断题,不能将实验室易燃易爆物品带出实验室。,正确,错误,,,A,,接口直采,1,2026/9/18 12:50:25
判断题,不能将乙醚等易挥发品放入普通冰箱，否则由于挥发气体不断溢出，而普通冰箱启动时有电火花出现，就有可能引起火灾。,正确,错误,,,A,,接口直采,1,2026/9/18 12:50:25
判断题,不能携带易燃易爆物品进入教室、宿舍、图书馆等人员聚集场所。,正确,错误,,,A,,接口直采,1,2026/9/18 12:50:32
判断题,不能在烘箱内存放、干燥有机物。,正确,错误,,,A,,接口直采,1,2026/9/18 12:50:38
判断题,不慎液氮冻伤，可用温水冲洗受伤部位。（）,正确,错误,,,A,,接口直采,1,2026/9/18 12:50:15
判断题,不使用绝缘损坏或接地不良的电气设备。,正确,错误,,,A,,接口直采,1,2026/9/18 12:50:37
判断题,不同的实验室废液可放入同一个废液桶中暂存以减少废液桶的使用量。,正确,错误,,,B,,接口直采,1,2026/9/18 12:50:20
判断题,不同剧毒化学品可存放于一个危险化学品柜中。,正确,错误,,,B,,接口直采,1,2026/9/18 12:50:25
判断题,不同口罩对微生物气溶胶的滤除净化效果、佩戴者的适配性差异较大，最好的是医用防护口罩，最差的是生物防护口罩。,正确,错误,,,B,,接口直采,1,2026/9/18 12:50:28
判断题,不同射线危险度不同，α射线、β射线、γ射线、X射线会对人体造成严重损伤，而除这4种射线以外的带电粒子如质子、中子射线都是对人体无害的，因此，在防护过程中应分别对待。,正确,错误,,,B,,接口直采,1,2026/9/18 12:50:16
判断题,不相容的实验室废弃物可以混合储存。,正确,错误,,,B,,接口直采,1,2026/9/18 12:50:20
判断题,不要把半衰期长的（H-3，C-14）和半衰期短的（P-32，S-35，I-125，P-33）放射性同位素放在一起。,正确,错误,,,A,,接口直采,1,2026/9/18 12:50:16
判断题,不宜再用或废弃的放射源，经环保、公安部门批准，可交由放射性废物治理公司处置，不得擅自处理。,正确,错误,,,A,,接口直采,1,2026/9/18 12:50:16
判断题,不应用双手同时触及电器，防止触电时电流通过心脏。,正确,错误,,,A,,接口直采,1,2026/9/18 12:50:18
判断题,不准在车间打闹，不准随意攀登吊车、墙梯或者其它设备，不准在吊车吊运物体运行线上行走或停留。,正确,错误,,,A,,接口直采,1,2026/9/18 12:50:37
判断题,不遵循安全程序表明：缺乏安全文化、监督不够、培训不够。,正确,错误,,,A,,接口直采,1,2026/9/18 12:50:27
判断题,布线时，强、弱电可以合用同一电缆管线。,正确,错误,,,B,,接口直采,1,2026/9/18 12:50:37
判断题,采用化学沉淀法处理放射性废液时，在废液中加入凝聚剂使之生成絮状沉淀，通过沉淀或吸附的机制把放射性核素载带下来，上面的清液即得到净化。,正确,错误,,,A,,接口直采,1,2026/9/18 12:50:16
判断题,采用离子交换法处理放射性废液时，出水即得到净化，所以出水质量都是有保障的，不涉及进行再生的问题。,正确,错误,,,B,,接口直采,1,2026/9/18 12:50:16
判断题,采用离子交换法处理放射性废液时，交换剂应先用酸液或碱液处理转型。,正确,错误,,,A,,接口直采,1,2026/9/18 12:50:16
判断题,采用离子交换法处理放射性废液时，再生后的交换柱可重复使用。,正确,错误,,,A,,接口直采,1,2026/9/18 12:50:16
判断题,参加泄漏处理人员应对泄漏品的化学性质和反应特征有充分的了解，于低处和下风处进行处理，严禁单独行动，要有监护人。,正确,错误,,,B,,接口直采,1,2026/9/18 12:50:15
判断题,操作车床时，操作者必须戴好防护眼镜,正确,错误,,,A,,接口直采,1,2026/9/18 12:50:37
判断题,操作车床时，操作者应穿宽松的衣服，以方便操作。,正确,错误,,,B,,接口直采,1,2026/9/18 12:50:37
判断题,操作车床时，留长发者要戴安全防护帽。,正确,错误,,,A,,接口直采,1,2026/9/18 12:50:37
判断题,操作车床时，为防止切屑伤手，操作者可以戴手套。,正确,错误,,,B,,接口直采,1,2026/9/18 12:50:37
判断题,操作冲床进行冲压作业时，可以在冲模过程中伸手取放工件。,正确,错误,,,B,,接口直采,1,2026/9/18 12:50:37
判断题,操作机床前要穿好工作服，袖口扣紧，上衣下摆不能敞开， 严禁戴手套，不得在开动的机床旁穿、脱换衣服，防止机器绞伤。,正确,错误,,,A,,接口直采,1,2026/9/18 12:50:37
判断题,操作机床前要穿好工作服，袖口扣紧，上衣下摆不能敞开，严禁戴手套，不得在开动的机床旁穿、脱换衣服，防止机器绞伤。,正确,错误,,,A,,接口直采,1,2026/9/18 12:50:37
判断题,操作机床时，留长发者要戴安全防护帽，并将长发盘在帽子内。,正确,错误,,,A,,接口直采,1,2026/9/18 12:50:37
判断题,操作机床时，留长发者要戴安全防护帽。,正确,错误,,,A,,接口直采,1,2026/9/18 12:50:37
判断题,操作机床时，为防止切屑伤手，可以戴手套。,正确,错误,,,B,,接口直采,1,2026/9/18 12:50:37
判断题,操作机床时，应穿工作服。,正确,错误,,,A,,接口直采,1,2026/9/18 12:50:37
判断题,操作人员的工作服不应有可能被转动的机器绞住的部分。,正确,错误,,,A,,接口直采,1,2026/9/18 12:50:37
判断题,操作人员在离开实验室工作区之前以及接触过传染性物质和动物之后必须洗手。,正确,错误,,,A,,接口直采,1,2026/9/18 12:50:35
判断题,操作任何可产生气溶胶的实验时均须戴护目镜。,正确,错误,,,A,,接口直采,1,2026/9/18 12:50:28
判断题,操作设备前，操作者必须穿戴好必要的防护用品，如工作服、手套、防护眼镜等。,正确,错误,,,A,,接口直采,1,2026/9/18 12:50:28
判断题,操作数控电火花线切割机床必须佩带专用防护手套，以免被工作液将手腐蚀造成皮肤损伤。,正确,错误,,,B,,接口直采,1,2026/9/18 12:50:37
判断题,操作数控铣床时，长发操作者可以不用戴防护帽。,正确,错误,,,B,,接口直采,1,2026/9/18 12:50:37
判断题,操作四柱液压机时，机床启动后可立即投入使用。,正确,错误,,,B,,接口直采,1,2026/9/18 12:50:37
判断题,操作易燃易爆性气体气瓶时，应配备专用工具，并严禁与油类接触。,正确,错误,,,A,,接口直采,1,2026/9/18 12:50:23
判断题,操作折弯机时，可以由多人来控制脚踏开关。,正确,错误,,,B,,接口直采,1,2026/9/18 12:50:37
判断题,操作者使用锉刀锉削工件时，可以用嘴吹掉工件和工作台面上的铁屑。,正确,错误,,,B,,接口直采,1,2026/9/18 12:50:37
判断题,操作者使用锉刀锉削加工时，禁止使用没有装手柄或手柄裂开的锉刀，也不可将锉刀当作拆卸工具或锤子使用。,正确,错误,,,A,,接口直采,1,2026/9/18 12:50:37
判断题,操作者在普通工具铣床上使用“快速进给”手柄时，一定要把手轮离合器打开，以防手轮快速旋转而伤人。,正确,错误,,,A,,接口直采,1,2026/9/18 12:50:37
判断题,操作者在使用数控铣床进行对刀操作时，可以使用快速进给方式。,正确,错误,,,B,,接口直采,1,2026/9/18 12:50:37
判断题,操作者在双臂进出生物安全柜时，应迅速地出入柜门的开口，以维持操作面开口处气流的完整性。,正确,错误,,,B,,接口直采,1,2026/9/18 12:50:35
判断题,操作者在铣床上进行“装卸铣刀”时，应用手握住铣刀刃，将刀柄装入主轴。,正确,错误,,,B,,接口直采,1,2026/9/18 12:50:37
判断题,叉车司机临时停车离开时，可让发动机空转而无需人看管。,正确,错误,,,B,,接口直采,1,2026/9/18 12:50:37
判断题,叉车严禁高速急转行驶，起升或下降货物等，起重架下严禁站人。,正确,错误,,,A,,接口直采,1,2026/9/18 12:50:37
判断题,叉车在坡上运载货物时，为避免货物滑落，应保持叉车头部在上方。,正确,错误,,,A,,接口直采,1,2026/9/18 12:50:37
判断题,叉车在运载货物行驶时可以急刹车。,正确,错误,,,B,,接口直采,1,2026/9/18 12:50:37
判断题,产生并向环境排放放射性废物的辐射装置，在建设前应对所选地址周围环境影响做出预评价，报环境保护部门审查批准后方可建设。,正确,错误,,,A,,接口直采,1,2026/9/18 12:50:16
判断题,产生危险废物的单位，必须按照国家有关规定申报登记，按照国家有关规定处置。,正确,错误,,,A,,接口直采,1,2026/9/18 12:50:20
判断题,产生有害废气的实验室必须按规定安装通风、排风设施，必要时须安装废气吸收系统，保持通风和空气新鲜。,正确,错误,,,A,,接口直采,1,2026/9/18 12:50:28
判断题,常规个人防护装备是指工作人员进入BSL-1（而非BSL-2、BSL-3、BSL-4）实验室工作时必须穿戴的防护装备，以及在特殊情况下使用的防护装备。,正确,错误,,,B,,接口直采,1,2026/9/18 12:50:35
判断题,常用的化学试剂如：苯、乙醚、甲苯、汽油、丙酮、甲醇和煤油均属于易燃物质。,正确,错误,,,A,,接口直采,1,2026/9/18 12:50:25
判断题,常用的化学试剂如苯、乙醚、甲苯、汽油、丙酮、甲醇和煤油，均属于易燃物质。,正确,错误,,,A,,接口直采,1,2026/9/18 12:50:25
判断题,常用的试剂瓶不用标注成分，只需实验者清楚即可。,正确,错误,,,B,,接口直采,1,2026/9/18 12:50:25
判断题,超声波机床工作时可以用手触摸工具杆。,正确,错误,,,B,,接口直采,1,2026/9/18 12:50:37
判断题,超声波机床加工时发出的噪声会构成噪声污染。,正确,错误,,,A,,接口直采,1,2026/9/18 12:50:37
判断题,车床启动前，操作者应检查车床各手柄是否处于正常位置。,正确,错误,,,A,,接口直采,1,2026/9/18 12:50:37
判断题,车床在每天使用前，操作者首先应按车床保养规范要求对车床各个润滑点添加润滑油,正确,错误,,,A,,接口直采,1,2026/9/18 12:50:37
判断题,车削时， 应及时用手清除切削产生的带状切屑和螺旋状长切屑。,正确,错误,,,B,,接口直采,1,2026/9/18 12:50:37
判断题,陈某一年多未联系的好友通过QQ向其借钱，并称自己银行卡已挂失，让其将钱打到陌生人的账户之上。陈某觉得朋友既然开口，必定有困难需要帮助，便将钱汇向对方提供的账户里。这样的做法对不对?(),正确,错误,,,B,,接口直采,1,2026/9/18 12:50:42
判断题,冲床工作过程中，严禁检修和调整模具。,正确,错误,,,A,,接口直采,1,2026/9/18 12:50:37
判断题,冲床工作过程中，严禁任何人检修和调整模具。,正确,错误,,,A,,接口直采,1,2026/9/18 12:50:37
判断题,冲床进行冲压作业时，操作者可以在冲模之间伸手取放工件。,正确,错误,,,B,,接口直采,1,2026/9/18 12:50:37
判断题,冲床上冲小工件时，操作者不得用手送料，应使用专用工具。,正确,错误,,,A,,接口直采,1,2026/9/18 12:50:37
判断题,冲压工件时，操作者可以徒手直接送料。,正确,错误,,,B,,接口直采,1,2026/9/18 12:50:37
判断题,冲压模型前，不用清理干净工作台上的不必要的物件。,正确,错误,,,B,,接口直采,1,2026/9/18 12:50:37
判断题,冲压模型前，认真检查防护装置的完好性以及离合器和制动装置的安全性。,正确,错误,,,A,,接口直采,1,2026/9/18 12:50:37
判断题,冲压小工件时，可以用手送而不使用专用工具。,正确,错误,,,B,,接口直采,1,2026/9/18 12:50:37
判断题,臭氧、过氧化合物属于爆炸化合物。,正确,错误,,,A,,接口直采,1,2026/9/18 12:50:25
判断题,除非有防爆措施，否则冰箱内不能放置易燃、易爆物品，冰箱门上应注明这一点。,正确,错误,,,A,,接口直采,1,2026/9/18 12:50:32
判断题,除了定期进行培训和演练之外，放射性实验室还应做到应急响应的人力、物力和日常工作的“积极兼容”。,正确,错误,,,A,,接口直采,1,2026/9/18 12:50:16
判断题,除了实验室操作可以产生微生物气溶胶外，患有呼吸道传染病或感染实验室动物也可以产生微生物气溶胶。,正确,错误,,,A,,接口直采,1,2026/9/18 12:50:35
判断题,储存危险化学品的仓库应设置明显标志，严禁烟火，并远离火源、饮用水水源以及人群密集区。,正确,错误,,,A,,接口直采,1,2026/9/18 12:50:25
判断题,储存易燃液体的罐内如产生静电，可能有燃烧和爆炸的危险。,正确,错误,,,A,,接口直采,1,2026/9/18 12:50:25
判断题,储存在冰箱内的所有容器，应当清楚地标明内装物品的品名、储存日期和储存者的姓名。,正确,错误,,,A,,接口直采,1,2026/9/18 12:50:25
判断题,处理含铬废液，可向其中加入还原剂FeSO4，在酸性条件下，将Cr6+还原为Cr3+后加入NaOH 使其转化为Cr(OH)3沉淀除去。,正确,错误,,,A,,接口直采,1,2026/9/18 12:50:20
判断题,处理有毒的气体、能产生蒸气的药品及有毒的有机溶剂，必须在通风橱内进行。,正确,错误,,,A,,接口直采,1,2026/9/18 12:50:25
判断题,触电时，不可人去拉（可用木棒把伤员挑开），应立即切断电源，然后先做人工呼吸，再做心脏按压，同时报120送医院进行处理。,正确,错误,,,A,,接口直采,1,2026/9/18 12:50:15
判断题,触电事故是因电流流过人体而造成的。,正确,错误,,,A,,接口直采,1,2026/9/18 12:50:18
判断题,触电事故中，绝大部分是电休克导致人身伤亡的。,正确,错误,,,B,,接口直采,1,2026/9/18 12:50:37
判断题,触电是指通过人体的电流达到一定值时对人体造成伤害的事故。,正确,错误,,,A,,接口直采,1,2026/9/18 12:50:37
判断题,触电主要是指电流流经人体，使人体功能受到损害。,正确,错误,,,A,,接口直采,1,2026/9/18 12:50:18
判断题,穿过浓烟逃生时，要尽量使身体贴近地面，并用湿毛巾捂住口鼻。,正确,错误,,,A,,接口直采,1,2026/9/18 12:50:32
判断题,穿实验服做实验可以起到基本防护作用，因此穿短裙是可以接受的。,正确,错误,,,B,,接口直采,1,2026/9/18 12:50:28
判断题,创伤急救基本技术包括通气、止血、包扎、固定和搬运。,正确,错误,,,A,,接口直采,1,2026/9/18 12:50:15
判断题,创造安全、卫生的实验室工作环境，仅仅是实验工作人员的责任。,正确,错误,,,B,,接口直采,1,2026/9/18 12:50:27
判断题,次氯酸钠一般不用作杀菌剂，常用于一般用途的消毒剂以及浸泡污染的非金属物质。,正确,错误,,,A,,接口直采,1,2026/9/18 12:50:28
判断题,从安全控制的角度，实验动物应实行单位统一采购制度。,正确,错误,,,A,,接口直采,1,2026/9/18 12:50:35
判断题,从感染动物向另一笼内动物传播疾病的实验结果表明，动物若不显示出疾病症状的空气传播感染，则意味着不存在生物危害风险。,正确,错误,,,B,,接口直采,1,2026/9/18 12:50:35
判断题,从屏障环境内取出的实验动物到外实验室进行测试，只要按照无菌操作的要求，测试完毕后可以彻底消毒后返回屏障内。,正确,错误,,,B,,接口直采,1,2026/9/18 12:50:35
判断题,从人体左手部位流经心脏的电流是最危险的电流途径。,正确,错误,,,A,,接口直采,1,2026/9/18 12:50:37
判断题,从事辐射工作的人员，只要经过专业知识的培训就可上岗工作。,正确,错误,,,B,,接口直采,1,2026/9/18 12:50:16
判断题,从事辐射工作的人员必须通过辐射安全和防护专业知识及相关法律法规的培训和考核，其中辐射安全关键岗位应当由注册核安全工程师担任。,正确,错误,,,A,,接口直采,1,2026/9/18 12:50:16
判断题,从事感染性病原体工作的实验室人员的感染是散发性的，引起社会感染是少见的，但存在着社会传播的潜在风险。,正确,错误,,,A,,接口直采,1,2026/9/18 12:50:35
判断题,从事实验动物工作的单位，应当组织从业人员进行专业培训。未经培训的，不得上岗。,正确,错误,,,A,,接口直采,1,2026/9/18 12:50:35
判断题,从事特种作业（如电工、焊工、辐射、病原微生物等）的人员，必须接受相关的专业培训，通过考核并持有相应的资质证书才能上岗。,正确,错误,,,A,,接口直采,1,2026/9/18 12:50:30
判断题,"从消防观点来说,液体闪点就是可能引起火灾的最低温度。",正确,错误,,,A,,接口直采,1,2026/9/18 12:50:32
判断题,醋酸蒸汽与空气混合不会在热源的诱发下引起爆炸。,正确,错误,,,B,,接口直采,1,2026/9/18 12:50:25
判断题,醋酸蒸汽与空气混合会在热源的诱发下引起爆炸。,正确,错误,,,A,,接口直采,1,2026/9/18 12:50:25
判断题,崔某在交友网站上认识一男子，通过QQ、电话等方式与其相聊甚欢，后被该男子以各种理由骗取人民币4000元，崔某发觉后，在盛怒之下将该男子的QQ号、手机号码全部删除。这样的做法对不对? ( ),正确,错误,,,B,,接口直采,1,2026/9/18 12:50:42
判断题,存放气瓶气体管线应整齐有序，对于小瓶装的特殊气体，也可以引气体管线。,正确,错误,,,B,,接口直采,1,2026/9/18 12:50:23
判断题,存放强氧化剂时环境温度不宜过高，应通风良好，并不要与有机物或还原性物质共同存放。,正确,错误,,,A,,接口直采,1,2026/9/18 12:50:25
判断题,存有大量惰性气体气瓶或液氮、二氧化碳气瓶的较小密闭空间，需加装氧浓度报警器。,正确,错误,,,A,,接口直采,1,2026/9/18 12:50:23
判断题,存有易燃易爆危险品的实验室禁止使用明火。,正确,错误,,,A,,接口直采,1,2026/9/18 12:50:32
判断题,存有易燃易爆物品的实验室禁止使用明火，如需加热可使用封闭式电炉、加热套或可加热磁力搅拌器。,正确,错误,,,A,,接口直采,1,2026/9/18 12:50:21
判断题,存有易燃易爆物品的实验室禁止使用明火。,正确,错误,,,A,,接口直采,1,2026/9/18 12:50:25
判断题,锉削时，如果暂时不使用锉刀，应将锉刀放在台虎钳工作台的右面，其手柄不可露出工作台面。,正确,错误,,,A,,接口直采,1,2026/9/18 12:50:37
判断题,打开氨水、硝酸、盐酸等药品瓶封口时，应先盖上湿布，用冷水冷却后再开瓶塞，以防溅出，尤其在夏天更应注意。,正确,错误,,,A,,接口直采,1,2026/9/18 12:50:25
判断题,打开氢气气瓶时应缓慢进行，更不可使氢气靠近火源，操作地点要严禁烟火。,正确,错误,,,A,,接口直采,1,2026/9/18 12:50:23
判断题,打开易挥发或浓酸、浓碱试剂的瓶塞时，瓶口不要对着脸部或其他人，必须在通风橱中打开瓶塞。,正确,错误,,,A,,接口直采,1,2026/9/18 12:50:28
判断题,打开易挥发或浓酸、浓碱试剂的瓶塞时，瓶口不要对着脸部或其他人，宜在通风橱中进行。,正确,错误,,,A,,接口直采,1,2026/9/18 12:50:21
判断题,打开易挥发试剂瓶塞时，瓶口不可对着脸部或其他人，应在通风橱中打开瓶塞。,正确,错误,,,A,,接口直采,1,2026/9/18 12:50:25
判断题,打开装有冻干物的安瓿时，如果管内有棉花或纤维塞，可以在管上靠近棉花或纤维塞的中部锉一痕迹。,正确,错误,,,A,,接口直采,1,2026/9/18 12:50:21
判断题,打开装有冻干物的安瓿时，应用一团乙醇浸泡的棉花将安瓿包起来以保护双手，然后手持安瓿从标记的锉痕处打开。,正确,错误,,,A,,接口直采,1,2026/9/18 12:50:21
判断题,大部分的火灾死亡原因是因缺氧或中毒死亡。,正确,错误,,,A,,接口直采,1,2026/9/18 12:50:42
判断题,大火封门无路可逃时，可用浸湿的被褥、衣物堵塞门缝，向门上泼水降温，以延缓火灾蔓延时间，呼叫待援。,正确,错误,,,A,,接口直采,1,2026/9/18 12:50:32
判断题,大火封门无路可逃时，可用浸湿的衣物堵塞门缝，向门上泼水降温，以延缓火灾蔓延时间，呼叫待援。,正确,错误,,,A,,接口直采,1,2026/9/18 12:50:32
判断题,大型设备运行不需要两名以上工作人员在场。,正确,错误,,,B,,接口直采,1,2026/9/18 12:50:38
判断题,大型仪器的电源线需正确接地。,正确,错误,,,A,,接口直采,1,2026/9/18 12:50:38
判断题,大型仪器设备管理人员须对管理的仪器设备制订详细的操作规程。,正确,错误,,,A,,接口直采,1,2026/9/18 12:50:38
判断题,大型仪器使用中，应注意仪器设备的接地、电磁辐射、网络等安全事项，避免事故发生。,正确,错误,,,A,,接口直采,1,2026/9/18 12:50:38
判断题,带有血凝块等的废弃标本管，在加盖后应当放在适当的防漏容器内高压灭菌和（或）焚烧。,正确,错误,,,A,,接口直采,1,2026/9/18 12:50:20
判断题,单位和个人根据需要可私自接收或转让气瓶。,正确,错误,,,B,,接口直采,1,2026/9/18 12:50:23
判断题,单位消防安全制度主要包括以下内容：消防安全教育、培训；防火巡查、检查；安全疏散设施管理；消防（控制室）值班；消防设施、器材维护管理；火灾隐患整改；用火、用电安全管理；易燃易爆危险物品和场所防火防爆；专职和义务消防队的组织管理；灭火和应急疏散预案演练；燃气和电气的检查管理（包括防雷、防静电）；消防安全工作考评和奖惩；其他必要的消防安全内容。,正确,错误,,,A,,接口直采,1,2026/9/18 12:50:32
判断题,单位主要负责人负责组织编制和实施本单位的应急预案，并对应急预案的真实性和实用性负责。,正确,错误,,,A,,接口直采,1,2026/9/18 12:50:15
判断题,蛋白酶抑制剂苯甲基磺酰氟化物（PMSF）有毒，操作时应格外小心。,正确,错误,,,A,,接口直采,1,2026/9/18 12:50:25
判断题,氮的氧化物、二氧化硫、三氧化硫、挥发性酸类、氨水对皮肤黏膜和眼、鼻、喉黏膜都有很强的刺激性。,正确,错误,,,A,,接口直采,1,2026/9/18 12:50:25
判断题,氮的氧化物、二氧化硫、三氧化硫、挥发性酸类、氨水对皮肤粘膜和眼、鼻、喉粘膜都有很强的刺激性。,正确,错误,,,A,,接口直采,1,2026/9/18 12:50:25
判断题,氮气是一种无色无味的气体，氮气的化学性质很活泼，常温下容易跟其他物质发生反应。,正确,错误,,,B,,接口直采,1,2026/9/18 12:50:23
判断题,氮气属于惰性气体，在实验室使用时只需要做好钢瓶的固定即可保证安全。,正确,错误,,,B,,接口直采,1,2026/9/18 12:50:23
判断题,"当被烧伤时,正确的急救方法应该是以最快的速度用冷水冲洗烧伤部位。",正确,错误,,,A,,接口直采,1,2026/9/18 12:50:15
判断题,当玻璃仪器壁形成一层均匀的水膜，成股流下时，表示已洗净。,正确,错误,,,B,,接口直采,1,2026/9/18 12:50:21
判断题,当电气设备发生火灾后，如果可能应当先断电后灭火。,正确,错误,,,A,,接口直采,1,2026/9/18 12:50:32
判断题,当电气设备发生火灾后，如果可能应该先断电后灭火。,正确,错误,,,A,,接口直采,1,2026/9/18 12:50:32
判断题,当断线落地或大电流从接地装置流入大地时，若人站在附近则可能在两脚之间产生跨步电压。,正确,错误,,,A,,接口直采,1,2026/9/18 12:50:18
判断题,当发生火情时尽快沿着疏散指示标志和安全出口方向迅速离开火场。,正确,错误,,,A,,接口直采,1,2026/9/18 12:50:32
判断题,当发生火情时应尽快沿着疏散指示标志和安全出口方向迅速离开火场。,正确,错误,,,A,,接口直采,1,2026/9/18 12:50:32
判断题,当发生火灾时应尽快沿着疏散指示标识和安全出口方向迅速离开火灾现场。,正确,错误,,,A,,接口直采,1,2026/9/18 12:50:32
判断题,当发生强碱溅洒事故时，应用固体硼酸粉撒盖溅洒区，扫净并报告有关工作人员。,正确,错误,,,A,,接口直采,1,2026/9/18 12:50:15
判断题,当防护服已被危险材料污染后应立即更换，污染的防护服应放置在有标志的防漏消毒袋中。,正确,错误,,,A,,接口直采,1,2026/9/18 12:50:28
判断题,当隔离衣袖口太短时，可以加戴一次性袖套，以便使乳胶手套完全遮盖住袖口保护腕部体表。,正确,错误,,,A,,接口直采,1,2026/9/18 12:50:28
判断题,当工件卡在模具中时，可以用手将工件取出。,正确,错误,,,B,,接口直采,1,2026/9/18 12:50:37
判断题,当工作涉及使用实验室动物时，人畜共患病的危险特征需要在风险评估中慎重考虑。,正确,错误,,,A,,接口直采,1,2026/9/18 12:50:35
判断题,当机房的安全出口上锁、遮挡，或者占用、堆放物品影响疏散通道畅通时，应当责令有关人员当场改正并督促落实。,正确,错误,,,A,,接口直采,1,2026/9/18 12:50:42
判断题,"当机器仪表发生故障，或动力装置工作状态异常时，应该先关机，然后找有关人员前来检修,并设立警示牌。",正确,错误,,,A,,接口直采,1,2026/9/18 12:50:38
判断题,当可燃气体、可燃液体的蒸气（或可燃粉尘）在空气中达到一定浓度时，遇到火源就会发生爆炸。这个能够发生爆炸的浓度范围，叫做爆炸极限。,正确,错误,,,A,,接口直采,1,2026/9/18 12:50:32
判断题,当可燃烧液体呈流淌状燃烧时，应将灭火剂的喷流对准火焰根部由近而远并左右扫射，向前快速推进，直至火焰扑灭。,正确,错误,,,A,,接口直采,1,2026/9/18 12:50:32
判断题,当某些用石蜡封住瓶塞的装有挥发性物质或易受热分解放出气体的药品瓶子打不开时，可将瓶子放在火上烘烤。,正确,错误,,,B,,接口直采,1,2026/9/18 12:50:21
判断题,当皮肤受到放射源微量污染时，可用肥皂、软毛刷、温水洗刷，到降至污染控制水平以下为止；如果皮肤严重污染，应立即用肥皂、软毛刷清洗，然后根据核素的性质选择合适的去污剂。,正确,错误,,,A,,接口直采,1,2026/9/18 12:50:16
判断题,当皮肤受到微量污染时，可用肥皂（或EDTA-2Na肥皂）、软毛刷、温水洗刷，到降至污染控制水平以下为止；如果皮肤严重污染，应立即用肥皂、软毛刷清洗（切勿擦破皮肤），然后根据核素的性质选择合适的去污剂。,正确,错误,,,A,,接口直采,1,2026/9/18 12:50:16
判断题,当瓶口因用蜡封住而打不开时，可以把瓶子放在火上烘烤。,正确,错误,,,B,,接口直采,1,2026/9/18 12:50:21
判断题,当日可以领取走的危险化学品不需做出入库登记。,正确,错误,,,B,,接口直采,1,2026/9/18 12:50:25
判断题,当生物安全柜内发生大量感染性材料溢洒时，液体会通过生物安全柜前面或者后面的格栅流到下面去，此时生物安全柜内所有的物品都应进行表面消毒，同时应拿出生物安全柜，在确保生物安全柜的排水阀被关闭后，可将消毒液倒在工作台面上，使液体通过格栅流到排水盘上。所有接触溢出物品的材料都要进行消毒和（或）高压灭菌处理。,正确,错误,,,A,,接口直采,1,2026/9/18 12:50:35
判断题,当生物安全柜内发生少量感染性材料溢洒时，应用吸水纸巾立即处理，并立即用浸满消毒液的毛巾或纱布对生物安全柜及其内部的所有物品进行擦洗。工作面消毒后应更换手套，不论是摘下手套还是更换手套都要洗手。,正确,错误,,,A,,接口直采,1,2026/9/18 12:50:35
判断题,当实验室活动涉及传染性或潜在传染性生物因子时，需要进行危害程度评估。,正确,错误,,,A,,接口直采,1,2026/9/18 12:50:35
判断题,当试验方案与安全规范有冲突或有可能危害自身或他人安全时，试验人员有权拒绝试验。,正确,错误,,,A,,接口直采,1,2026/9/18 12:50:27
判断题,当手、脚或身体沾湿或站在潮湿的地板上时，切勿启动电源开关和触摸电气用具。,正确,错误,,,A,,接口直采,1,2026/9/18 12:50:18
判断题,当水银仪器破损时，应尽量将洒落的水银收集起来，并在残迹处洒上硫磺粉。,正确,错误,,,A,,接口直采,1,2026/9/18 12:50:15
判断题,当酸或碱溅入眼睛时，不必采取应急处理，只要立即送附近医院救治。,正确,错误,,,B,,接口直采,1,2026/9/18 12:50:15
判断题,当移液器吸头中含有液体时，可以将移液器水平放置。,正确,错误,,,B,,接口直采,1,2026/9/18 12:50:21
判断题,当有人被烧伤时，以最快的速度用冷水冲洗烧伤部位。,正确,错误,,,A,,接口直采,1,2026/9/18 12:50:15
判断题,当有人发生触电事故时，应马上直接将其拉开。,正确,错误,,,B,,接口直采,1,2026/9/18 12:50:18
判断题,当有人呼吸系统中毒时，应迅速使中毒者离开现场，移到通风良好的环境，令中毒者呼吸新鲜空气，情况严重者应及时送医院治疗。,正确,错误,,,A,,接口直采,1,2026/9/18 12:50:15
判断题,当有异物进入眼内，应用手揉眼，把异物揉出来。,正确,错误,,,B,,接口直采,1,2026/9/18 12:50:15
判断题,当BSL-1实验室存在传染性微生物时，应在实验室入口处贴生物危险标志，并显示以下信息：实验中的病原名称、研究者姓名及电话号码。,正确,错误,,,A,,接口直采,1,2026/9/18 12:50:35
判断题,当BSL-2实验室有非本地的外源性病原微生物时，若已有生物危害标识，则不需要在入口处张贴新的生物危害标志。,正确,错误,,,B,,接口直采,1,2026/9/18 12:50:35
判断题,当BSL-3实验室进行感染性材料实验时，应有实验室工作状态警示。,正确,错误,,,A,,接口直采,1,2026/9/18 12:50:35
判断题,地线和零线的作用相同。,正确,错误,,,B,,接口直采,1,2026/9/18 12:50:37
判断题,低放废物：是指这类废物高于放射性的清洁解控水平，但含有一定量长寿命核素的废物。这类废物需要强行隔离和限制长达几百年的时间，适合于在近地表处置场中处置。,正确,错误,,,A,,接口直采,1,2026/9/18 12:50:16
判断题,低放废物含有较高水平活度浓度的短寿命核素但不含有长寿命核素。,正确,错误,,,B,,接口直采,1,2026/9/18 12:50:16
判断题,低年级学生进行危险性较大的实验时可以在高年级学生的指导下进行。,正确,错误,,,B,,接口直采,1,2026/9/18 12:50:27
判断题,低浓度的含酚废液可加入次氯酸钠或漂白粉，使酚氧化为二氧化碳和水。,正确,错误,,,A,,接口直采,1,2026/9/18 12:50:20
判断题,第二类、第三类易制毒化学品是可以用于制毒的化学配剂。,正确,错误,,,A,,接口直采,1,2026/9/18 12:50:25
判断题,第一、第二、第三类放射性实验室的工作场所均可设在一般建筑物内，但应集中在下风向同一层或一端，与非放射工作场所隔开。,正确,错误,,,B,,接口直采,1,2026/9/18 12:50:16
判断题,第一、第二、第三类开放型放射性实验室大楼均可以设于城市市区，但要注意远离食堂、托儿所、医院等人群密集场所。,正确,错误,,,B,,接口直采,1,2026/9/18 12:50:16
判断题,第一类精神药品可以在实验室内的普通试剂柜内保存。,正确,错误,,,B,,接口直采,1,2026/9/18 12:50:25
判断题,第一类危险源出现的难易，决定事故发生的可能性大小；第二类危险源是故事的主体，决定事故的严重程度。,正确,错误,,,B,,接口直采,1,2026/9/18 12:50:27
判断题,第一类易制毒化学品是可以用于制毒的主要原料。,正确,错误,,,A,,接口直采,1,2026/9/18 12:50:25
判断题,点燃的酒精灯可以用嘴吹灭。,正确,错误,,,B,,接口直采,1,2026/9/18 12:50:21
判断题,碘伏是很好的抗菌剂，但一般不适合作为消毒剂。,正确,错误,,,A,,接口直采,1,2026/9/18 12:50:28
判断题,碘伏是用于中毒后催吐和洗胃的防护化学药品。,正确,错误,,,B,,接口直采,1,2026/9/18 12:50:28
判断题,电磁环境控制限值（GB 8702-2014）中，架空输电线路线下的耕地、园地、牧草地、畜禽饲养地、养殖水面、道路等场所，其频率50Hz的电场强度控制限值为10kV／m，且应给出警示和防护指示标志。,正确,错误,,,A,,接口直采,1,2026/9/18 12:50:16
判断题,电动工具的电源引线必须保证接地可靠。,正确,错误,,,A,,接口直采,1,2026/9/18 12:50:37
判断题,电分强电和弱电，弱电开关等元件不能用在强电电路。,正确,错误,,,A,,接口直采,1,2026/9/18 12:50:37
判断题,电分强电和弱电，弱电开关等元件能用在强电电路。,正确,错误,,,B,,接口直采,1,2026/9/18 12:50:37
判断题,电弧焊焊接工位的防护屏可预防焊接电弧辐射对他人的伤害。,正确,错误,,,A,,接口直采,1,2026/9/18 12:50:37
判断题,电火花成型机床工作时开启换气扇的目的是为了有效降低有害气体的浓度。,正确,错误,,,A,,接口直采,1,2026/9/18 12:50:37
判断题,电火花成型机床工作中，其周边可以点燃明火。,正确,错误,,,B,,接口直采,1,2026/9/18 12:50:37
判断题,电火花成型机床开机后可以用手同时分别触摸正负电极。,正确,错误,,,B,,接口直采,1,2026/9/18 12:50:37
判断题,电火花机床开机后可以触摸两电极。,正确,错误,,,B,,接口直采,1,2026/9/18 12:50:37
判断题,电击触电通常是由于人体接触带电的线路或设备而受到伤害的事故。为避免电击触电事故的发生，设备须可靠接地和人体对地绝缘。,正确,错误,,,A,,接口直采,1,2026/9/18 12:50:37
判断题,电击是电流直接通过人体造成的伤害。,正确,错误,,,A,,接口直采,1,2026/9/18 12:50:37
判断题,电加热设备必须有专人负责使用和监督，离开时要切断电源。,正确,错误,,,A,,接口直采,1,2026/9/18 12:50:38
判断题,电镜负染色制样过程中要做好防护工作，产生的废液、废纸等需要单独收集和处理，防止污染。,正确,错误,,,A,,接口直采,1,2026/9/18 12:50:16
判断题,电烙印常见于高压触电。,正确,错误,,,B,,接口直采,1,2026/9/18 12:50:37
判断题,电离辐射防护与辐射源安全不仅要靠良好的防护技术措施，而且必须通过有效的防护管理要求来实现。,正确,错误,,,A,,接口直采,1,2026/9/18 12:50:16
判断题,电流对人体的伤害有两种类型：电击和电伤。,正确,错误,,,A,,接口直采,1,2026/9/18 12:50:37
判断题,电路或电器着火时，可用泡沫灭火器灭火。,正确,错误,,,B,,接口直采,1,2026/9/18 12:50:32
判断题,电路或电器着火时，使用二氧化碳灭火器灭火。,正确,错误,,,A,,接口直采,1,2026/9/18 12:50:32
判断题,电气火灾大部分由短路引起。,正确,错误,,,A,,接口直采,1,2026/9/18 12:50:37
判断题,电气设备发生火灾时，应注意：1、电气设备可能带电，可能发生触电事故；2、某些电气设备充有大量的油，可能发生喷油甚至爆炸。,正确,错误,,,A,,接口直采,1,2026/9/18 12:50:37
判断题,电气设备和大型仪器须接地良好，对电线老化等隐患要定期检查并及时排除。,正确,错误,,,A,,接口直采,1,2026/9/18 12:50:37
判断题,电气设备着火，首先必须采取的措施是灭火。,正确,错误,,,B,,接口直采,1,2026/9/18 12:50:37
判断题,电气设备着火时，可以用水扑灭。,正确,错误,,,B,,接口直采,1,2026/9/18 12:50:32
判断题,电气线路着火，要先切断电源，再用干粉灭火器或二氧化碳灭火器灭火，不可直接泼水灭火，以防触电或电气爆炸伤人。,正确,错误,,,A,,接口直采,1,2026/9/18 12:50:32
判断题,电气线路着火，要先切断电源，再用干粉灭火器或二氧化碳灭火器灭火，不要泼水灭火，以防止触电或电气设备爆炸伤人。,正确,错误,,,A,,接口直采,1,2026/9/18 12:50:32
判断题,电伤是电能转化为其他形式的能对人体造成的伤害。,正确,错误,,,A,,接口直采,1,2026/9/18 12:50:37
判断题,电线接头裸露部分可用医用胶布等包裹绝缘。,正确,错误,,,B,,接口直采,1,2026/9/18 12:50:37
判断题,电压相同、容量不同的蓄电池可以串联使用。,正确,错误,,,B,,接口直采,1,2026/9/18 12:50:21
判断题,电压相同的交流电和直流电，交流电对人体的伤害更大。,正确,错误,,,A,,接口直采,1,2026/9/18 12:50:37
判断题,电压越高，对人体的伤害就越严重。,正确,错误,,,A,,接口直采,1,2026/9/18 12:50:37
判断题,电泳仪器不需要接地线。,正确,错误,,,B,,接口直采,1,2026/9/18 12:50:38
判断题,电泳仪器工作时可到电泳槽内取放样品。,正确,错误,,,B,,接口直采,1,2026/9/18 12:50:38
判断题,电泳装置是利用带电颗粒在电场的作用下发生迁移的特性进行物质分离实验的仪器设备。,正确,错误,,,A,,接口直采,1,2026/9/18 12:50:38
判断题,电源插座、接线板、电线的容量应满足电器功率的需要。,正确,错误,,,A,,接口直采,1,2026/9/18 12:50:37
判断题,电源插座附近不应堆放易燃物。,正确,错误,,,A,,接口直采,1,2026/9/18 12:50:37
判断题,电源插座附近不应堆放易燃物等杂物。,正确,错误,,,A,,接口直采,1,2026/9/18 12:50:37
判断题,电源的电压、容量必须符合仪器设备的用电要求。,正确,错误,,,A,,接口直采,1,2026/9/18 12:50:38
判断题,电源或电气设备的保险丝烧断后，可以用其他金属导线代替。,正确,错误,,,B,,接口直采,1,2026/9/18 12:50:37
判断题,电阻焊瞬间的焊接电流达数千安培至数万安培，它产生的强磁场辐射效应可危及心脏起搏器的正常使用。,正确,错误,,,A,,接口直采,1,2026/9/18 12:50:37
判断题,吊车司机在所吊物件就位固定前，不得离开工作岗位，不准在索具受力或起吊物悬空的情况下中断工作。,正确,错误,,,A,,接口直采,1,2026/9/18 12:50:30
判断题,吊车在工作时，可以进行检修和调整。,正确,错误,,,B,,接口直采,1,2026/9/18 12:50:30
判断题,吊车只能垂直吊起载荷，严禁拖拽尚未离地的载荷，要避免侧载。,正确,错误,,,A,,接口直采,1,2026/9/18 12:50:30
判断题,动脉出血血色呈鲜红色，静脉出血血色呈暗红色。,正确,错误,,,A,,接口直采,1,2026/9/18 12:50:15
判断题,动物生物安全实验设施用于防护感染动物实验而不是可能自然携带人畜共患传染病的动物实验。,正确,错误,,,B,,接口直采,1,2026/9/18 12:50:35
判断题,动物实验活动中可能会出现特别的生物安全问题，如动物本身的活动可以呈现出标准微生物操作中没有的特殊生物危害，所以应由实验活动的风险评估来决定生物安全防护水平和动物生物安全防护水平。,正确,错误,,,A,,接口直采,1,2026/9/18 12:50:35
判断题,动物实验室屏障环境内所用消毒药液应交替使用，避免产生抗药性。,正确,错误,,,A,,接口直采,1,2026/9/18 12:50:35
判断题,动物实验相关废物应交由专业机构处理，不宜各实验室或个人自行处理。,正确,错误,,,A,,接口直采,1,2026/9/18 12:50:35
判断题,毒物在科研生产中以气体、蒸气、烟、尘、雾等形态存在，其中气体、蒸气为分子状态，可直接进入人体肺泡。,正确,错误,,,A,,接口直采,1,2026/9/18 12:50:25
判断题,毒性物质：指经吞食、吸入或皮肤接触后可能造成死亡或严重受伤或健康损害的物质，包括剧毒化学品、毒性药品等。,正确,错误,,,A,,接口直采,1,2026/9/18 12:50:25
判断题,锻床操作过程中，操作者可用锤头空击下砧铁，或者直接锻打过烧或已冷却的锻件。,正确,错误,,,B,,接口直采,1,2026/9/18 12:50:37
判断题,锻床锻造过程中，操作者用脚踩踏杆时，脚跟可悬空进行操作。,正确,错误,,,B,,接口直采,1,2026/9/18 12:50:37
判断题,锻床锻造过程中，任何人不要站立在容易飞出火星和锻件毛坯的地方。,正确,错误,,,A,,接口直采,1,2026/9/18 12:50:37
判断题,锻床锻造结束后，任何人的身体不得接触尚未冷却透的锻件。,正确,错误,,,A,,接口直采,1,2026/9/18 12:50:37
判断题,锻压过程中，不锤击时，脚可一直踩在踏杆上。,正确,错误,,,B,,接口直采,1,2026/9/18 12:50:37
判断题,锻压过程中，踩踏杆时，脚跟可悬空进行操作。,正确,错误,,,B,,接口直采,1,2026/9/18 12:50:37
判断题,锻造操作前必须检查设备及工具，当工具开裂及铆钉松动时，不准使用,正确,错误,,,A,,接口直采,1,2026/9/18 12:50:37
判断题,锻造过程中，不要站立在容易飞出火星和锻件毛边的地方。,正确,错误,,,A,,接口直采,1,2026/9/18 12:50:37
判断题,锻造过程中，身体不得接触尚未冷却透的锻件。,正确,错误,,,A,,接口直采,1,2026/9/18 12:50:37
判断题,锻造实习期间，当浇注工件时实习者必须要穿好工作服、工作鞋。,正确,错误,,,A,,接口直采,1,2026/9/18 12:50:37
判断题,锻造实习期间要穿好工作服、工作鞋。,正确,错误,,,A,,接口直采,1,2026/9/18 12:50:37
判断题,锻造实习中，不得随意拨动锻压设备的开关和操纵手柄等。,正确,错误,,,A,,接口直采,1,2026/9/18 12:50:37
判断题,锻造实习中，可用锤头空击下抵铁，或者直接锻打过热或己冷的锻件。,正确,错误,,,B,,接口直采,1,2026/9/18 12:50:37
判断题,对产生有毒气体的实验应在通风橱内进行。通过排风设备将毒气排到室外，以免污染室内空气。,正确,错误,,,B,,接口直采,1,2026/9/18 12:50:28
判断题,对放射性实验室的分级，要考虑的是放射性核素本身的毒性，而不是放射性核素的物理特性。,正确,错误,,,B,,接口直采,1,2026/9/18 12:50:16
判断题,对高压气体钢瓶要分类保管，直立固定。严禁将氯气与氨气，氢气与氧气，乙炔与氧气混放在一个房间。,正确,错误,,,A,,接口直采,1,2026/9/18 12:50:23
判断题,对固态酸、碱可用手直接操作。,正确,错误,,,B,,接口直采,1,2026/9/18 12:50:25
判断题,对含有悬浮物质的溶液加热时，应加沸石或玻璃珠，以避免爆沸现象产生。,正确,错误,,,A,,接口直采,1,2026/9/18 12:50:21
判断题,对具有放射性的实验动物，在其饲养与实验过程中，虽然不涉及辐射防护的相关要求，但应符合普通实验动物的有关规定。,正确,错误,,,B,,接口直采,1,2026/9/18 12:50:16
判断题,对剧毒品采取必要的保安措施，防止剧毒化学品被盗、丢失或者误售、误用；发现剧毒化学品被盗、丢失或者误售、误用时，必须立即向当地公安部门报告。,正确,错误,,,A,,接口直采,1,2026/9/18 12:50:25
判断题,对开放型放射性实验室工作人员进行体内放射性核素剂量检测的方法有2种。 （1）用体外测量的方法，估算体内放射性核素积存量。 （2）用（有些核素只能用）测定工作人员或患者的排泄物（尿、粪）和肺呼出气体当中的放射性核素的含量、活度等方法。,正确,错误,,,A,,接口直采,1,2026/9/18 12:50:16
判断题,对取自患者的肿瘤组织进行裸小鼠接种实验，需要遵循标准防护方法，采用隔离防护措施（如戴手套、口罩、隔离服、眼罩等）。,正确,错误,,,A,,接口直采,1,2026/9/18 12:50:35
判断题,对容易产生静电的场所，要保持空气潮湿；工作人员要穿防静电的衣服和鞋靴。,正确,错误,,,A,,接口直采,1,2026/9/18 12:50:37
判断题,对设备进行维修时，不需切断电源，但要在明显处放置警示牌。,正确,错误,,,B,,接口直采,1,2026/9/18 12:50:18
判断题,对设备仪器进行良好的日常维护可以延长设备仪器有效使用期，并确保设备仪器的良好性能。,正确,错误,,,A,,接口直采,1,2026/9/18 12:50:38
判断题,对实验室烘箱、冰箱、恒温箱、空调等固定设备，设计专用供电电源，确保不因在实验结束后切断实验室电源时而影响其正常工作。,正确,错误,,,A,,接口直采,1,2026/9/18 12:50:37
判断题,对使用气体钢瓶的实验室，应贴有明显标志。,正确,错误,,,A,,接口直采,1,2026/9/18 12:50:23
判断题,对使用时间较长的设备以及具有安全隐患的设备应尽可能修好再用。,正确,错误,,,B,,接口直采,1,2026/9/18 12:50:32
判断题,对使用野外捕捉的野生动物应考虑潜伏感染的可能性。,正确,错误,,,A,,接口直采,1,2026/9/18 12:50:35
判断题,对试验设备上的按钮感兴趣，在设备停止期间，可以尝试进行扳动或随意调节参数,正确,错误,,,B,,接口直采,1,2026/9/18 12:50:38
判断题,对危险废物的容器和包装物以及收集、贮存、运输、处置危险废物的设施、场所，必须设置危险废物识别标志。,正确,错误,,,A,,接口直采,2,2026/9/18 12:50:20
判断题,对医学实验室中工作人员的健康监测指的是人员暴露情况下的医学控制，而不是对日常健康状况和人员精神状态的评价。,正确,错误,,,B,,接口直采,1,2026/9/18 12:50:35
判断题,对已不能满足使用或不再使用的闲置源，不得自行处理，特别是不能任意丢弃、掩埋和挪作他用，应妥善保管，及时返回厂家或送城市放射性废物库。,正确,错误,,,A,,接口直采,1,2026/9/18 12:50:16
判断题,对已损坏的压力气瓶应及时更换。如遇气体泄漏，须采取相应的安全防护和应急处理措施。,正确,错误,,,A,,接口直采,1,2026/9/18 12:50:23
判断题,对已污染的仪器、器械、台面等要做标签说明，不得有掩盖。,正确,错误,,,A,,接口直采,1,2026/9/18 12:50:27
判断题,对有些动物在未知有无人畜共患病之前，要按具有传染性的动物进行操作和个人防护。,正确,错误,,,A,,接口直采,1,2026/9/18 12:50:35
判断题,对有异味或挥发性的废液或废物要丢弃在远离人群的地方。,正确,错误,,,B,,接口直采,1,2026/9/18 12:50:20
判断题,对于不含其他污染物的酸、碱类废液，可以中和至中性后排放。,正确,错误,,,A,,接口直采,1,2026/9/18 12:50:20
判断题,对于常用试剂，一般一次领用不应超过一周用量。,正确,错误,,,A,,接口直采,1,2026/9/18 12:50:40
判断题,对于触电事故，应立即切断电源或用有绝缘性能的木棍棒挑开和隔绝电流，如果触电者的衣服干燥，又没有紧缠住身上，可以用一只手抓住他的衣服，拉离带电体；但救护人不得接触触电者的皮肤，也不能抓他的鞋。,正确,错误,,,A,,接口直采,1,2026/9/18 12:50:18
判断题,对于放置在中心洁净室的课题组设备，课题组可以不通知中心厂务负责人，就对其水、电、气连接方面自行改造。,正确,错误,,,B,,接口直采,1,2026/9/18 12:50:40
判断题,对于含氟废液可以进行如下处理：加入石灰使生成氟化钙沉淀。,正确,错误,,,A,,接口直采,1,2026/9/18 12:50:20
判断题,"对于含汞、砷、锑、铋等离子的废液,实验室可以先进行如下处理：控制酸度0.3mol/L[H+]，使其生成硫化物沉淀。",正确,错误,,,A,,接口直采,1,2026/9/18 12:50:20
判断题,对于含氰废液可以进行处理：加入氢氧化钠使pH值10以上，加入过量的高锰酸钾（3%）溶液，使CN根氧化分解。CN根含量高时，可加入过量的次氯酸钙和氢氧化钠溶液。,正确,错误,,,A,,接口直采,1,2026/9/18 12:50:20
判断题,"对于化学试剂或未知物,允许直接用鼻子嗅气味，不用以手煽出少量气体来嗅觉。",正确,错误,,,B,,接口直采,1,2026/9/18 12:50:25
判断题,对于氢氧化钠、氨水等废液可以进行如下处理：用6mol/L盐酸水溶液中和，再用大量水冲洗。,正确,错误,,,A,,接口直采,1,2026/9/18 12:50:20
判断题,对于容易产生静电的场所，应保持地面潮湿，或者铺设导电性能好的地板。,正确,错误,,,A,,接口直采,1,2026/9/18 12:50:37
判断题,对于容易产生振动的设备，为不影响实验结果，不应对振动源进行屏蔽。,正确,错误,,,B,,接口直采,1,2026/9/18 12:50:30
判断题,对于实验室的试验用汽车，在平时不做试验时，可以当正常车辆使用。,正确,错误,,,B,,接口直采,1,2026/9/18 12:50:37
判断题,对于受到或怀疑受到急性辐射损伤人员应迅速送至专门的辐射损伤医疗单位进行诊断或治疗，同时应向医疗单位提供就诊人员个人剂量监测或估算结果，以及他们的受照情况。,正确,错误,,,A,,接口直采,1,2026/9/18 12:50:16
判断题,对于微居里水平的放射性核素分装、称重和研磨应在手套箱内进行（可用有机玻璃做成）。,正确,错误,,,A,,接口直采,1,2026/9/18 12:50:16
判断题,对于无机酸类废液，实验室可以收集后进行如下处理：将废酸慢慢倒入过量的含碳酸钠或氢氧化钙的水溶液中（或用废碱）互相中和，再用大量水冲洗。,正确,错误,,,A,,接口直采,1,2026/9/18 12:50:20
判断题,对于蓄意将基因工程生物扩散的行为，一经发现应立即上报主管单位，并追踪基因工程生物的去向和其后的跟踪处理，对危害严重的基因工程生物的扩散行为应立即报告公安机关。,正确,错误,,,A,,接口直采,1,2026/9/18 12:50:35
判断题,对于学生和新工作人员，在进实验室之前，要参加院系和实验室的安全教育和培训，经过考试合格后方可进入实验室工作；学生要在导师指导下开展实验研究。,正确,错误,,,A,,接口直采,1,2026/9/18 12:50:27
判断题,"对于一个计算机网络来说,依靠防火墙即可以达到对网络内部和外部的安全防护。",正确,错误,,,B,,接口直采,1,2026/9/18 12:50:42
判断题,对于一些吸入或食入少量即能中毒至死的化学试剂，生物试验中致死量（LD50）在50mg/kg以下的称为剧毒化学试剂。,正确,错误,,,A,,接口直采,1,2026/9/18 12:50:25
判断题,对于已经学习过放射性专业知识的在校学生或者偶尔接触放射性的非放射工作人员，经实验室负责人审批同意后，可以独自在放射性实验室开展实验。,正确,错误,,,B,,接口直采,1,2026/9/18 12:50:16
判断题,对于直径0.3μm的颗粒，HEPA过滤器可以截留99.99％，而对于更大或更小的颗粒则可以截留99.93％。,正确,错误,,,B,,接口直采,1,2026/9/18 12:50:35
判断题,对于重金属盐中毒者，可先喝一杯含有几克MgSO4的水溶液，然后立即就医。,正确,错误,,,A,,接口直采,1,2026/9/18 12:50:15
判断题,对沾染过有毒物质的仪器和用具，实验完毕应立即采取适当方法处理以破坏或消除其毒性。,正确,错误,,,A,,接口直采,1,2026/9/18 12:50:38
判断题,多聚甲醛熏蒸的方法不能降低朊粒蛋白的滴度，朊粒蛋白对紫外线照射也具有抵抗力，所以，安全柜不能用这样的标准方法来清除各种微生物因子污染。,正确,错误,,,B,,接口直采,1,2026/9/18 12:50:35
判断题,惰性气体在实验室使用时只需做好钢瓶的固定即可保证安全。,正确,错误,,,B,,接口直采,1,2026/9/18 12:50:23
判断题,额定起重量大于等于3t且提升高度大于等于2m的起重设备，属于特种设备，须取得《特种设备使用登记证》。,正确,错误,,,A,,接口直采,1,2026/9/18 12:50:30
判断题,额定起重量大于或等于0.5t的升降机属于特种设备。,正确,错误,,,A,,接口直采,1,2026/9/18 12:50:30
判断题,二级防护屏障包括实验室工作区、防护区和公共通道的分开，不包括消毒设备（如高压灭菌器）和排风过滤净化装置等。,正确,错误,,,B,,接口直采,1,2026/9/18 12:50:35
判断题,二级防护屏障的选取取决于特定病原体传播的风险，当存在感染性气溶胶的暴露感染风险时可能会出现需要多个二级防护屏障的情况。,正确,错误,,,A,,接口直采,1,2026/9/18 12:50:35
判断题,二级及以上的生物安全实验室的废气可直接排放到室外。,正确,错误,,,B,,接口直采,1,2026/9/18 12:50:35
判断题,二级及以上的生物安全实验室要采用适当的机械设备实现机械送排风，气流方向应由污染区流向清洁区。,正确,错误,,,B,,接口直采,1,2026/9/18 12:50:35
判断题,二级以下生物实验室，污染的移液管应完全浸泡在适宜的消毒剂中或高压灭菌锅中消毒灭菌，再进行后续的处理。,正确,错误,,,A,,接口直采,1,2026/9/18 12:50:35
判断题,二甲基亚砜（DMSO）为常用溶剂，无毒。,正确,错误,,,B,,接口直采,1,2026/9/18 12:50:25
判断题,二氧化碳灭火器使用不当，可能会造成冻伤。,正确,错误,,,A,,接口直采,1,2026/9/18 12:50:32
判断题,二氧化碳灭火器使用不当时可能造成冻伤。,正确,错误,,,A,,接口直采,1,2026/9/18 12:50:32
判断题,二氧化碳气瓶使用完成后可修改钢瓶标记，改为灌装氧气。,正确,错误,,,B,,接口直采,1,2026/9/18 12:50:23
判断题,发动机运转过程中出现异常时，操作人员可不停机直接进行检查。,正确,错误,,,B,,接口直采,1,2026/9/18 12:50:37
判断题,发动机运转时，操作人员可以近距离地在发动机周围进行巡视或检查。,正确,错误,,,B,,接口直采,1,2026/9/18 12:50:37
判断题,发起大规模的DDoS攻击通常要控制大量的中间网络或系统。,正确,错误,,,A,,接口直采,1,2026/9/18 12:50:42
判断题,发生放射源丢失或被盗、误置、遗弃事故时，所在部门应当迅速根据放射源种类、活度，立即报告应急部门，并保护好现场。,正确,错误,,,A,,接口直采,1,2026/9/18 12:50:16
判断题,发生化学事故后，对有毒的衣物应及时进行无毒化处理。,正确,错误,,,A,,接口直采,1,2026/9/18 12:50:15
判断题,发生化学事故后，现场人员应向上风或侧上风方向迅速撤离现场。,正确,错误,,,A,,接口直采,1,2026/9/18 12:50:15
判断题,发生化学事故后，现场人员应向上风或侧上风向迅速撤离。,正确,错误,,,A,,接口直采,1,2026/9/18 12:50:15
判断题,发生化学事故后，应向上风或侧上风方向迅速撤离现场。,正确,错误,,,A,,接口直采,1,2026/9/18 12:50:15
判断题,发生火灾后，为尽快恢复生产，受灾单位或个人可以自行清理或变动火灾现场。,正确,错误,,,B,,接口直采,1,2026/9/18 12:50:32
判断题,发生火灾时，首先一定要冷静下来，如果火势不大，可尽快采取措施扑救。如果火势凶猛，要在第一时间报警，并迅速撤离。,正确,错误,,,A,,接口直采,1,2026/9/18 12:50:32
判断题,发生剧毒化学品被盗、丢失、误售、误用后必须立即向当地公安部门报告而触犯刑律的，否则对负有责任的主管人员和其他直接责任人员依照刑法追究刑事责任。,正确,错误,,,A,,接口直采,1,2026/9/18 12:50:25
判断题,发生硫化氢泄漏时，除了佩戴正压式呼吸器的应急人员外，其他人员应向上风、高点的位置撤离集合。,正确,错误,,,A,,接口直采,1,2026/9/18 12:50:15
判断题,发生强碱烧伤，应立即去除残留强碱，再以流动清水冲洗；若消化道被烧伤可适当服用一些牛奶、蛋清。,正确,错误,,,A,,接口直采,1,2026/9/18 12:50:15
判断题,发生危险化学品丢失、被盗、泄漏等安全事故时，事故实验室应立即采取行动追查。,正确,错误,,,B,,接口直采,1,2026/9/18 12:50:15
判断题,"发生危险化学品事故后,应该向上风方向疏散。",正确,错误,,,A,,接口直采,1,2026/9/18 12:50:15
判断题,发生意外后先对伤员进行必要的止血、包扎、固定等处理，然后尽可能用担架搬运，搬运时病人始终要脚朝前，头朝后，以便于随时观察伤者情况变化，及时实施急救处理。,正确,错误,,,A,,接口直采,1,2026/9/18 12:50:15
判断题,发现车辆着火时，发现者应立即用灭火器向起火点处喷射灭火，火势不可控制时人员应马上撤离，并迅速报警。,正确,错误,,,A,,接口直采,1,2026/9/18 12:50:32
判断题,发现火灾时，单位或个人应该先自救，如果自救无效，火越着越大时，再拨打火警电话110。,正确,错误,,,B,,接口直采,1,2026/9/18 12:50:32
判断题,发现剧毒化学品、易制爆危险化学品丢失的，不需上报，重新申请购买补充即可。,正确,错误,,,B,,接口直采,1,2026/9/18 12:50:25
判断题,发现木马病毒，首先要在计算机的后台关掉其程序的运行。,正确,错误,,,A,,接口直采,1,2026/9/18 12:50:42
判断题,发现实验室楼的配电箱起火，可以用楼内的消火栓放水灭火。,正确,错误,,,B,,接口直采,1,2026/9/18 12:50:32
判断题,发现危险化学品泄漏，这时一定要拨打“120”报警，请求救援。,正确,错误,,,B,,接口直采,1,2026/9/18 12:50:15
判断题,发现易制爆危险化学品的包装、标签、标识等不符合安全要求的，应立即做废弃。,正确,错误,,,B,,接口直采,1,2026/9/18 12:50:25
判断题,发现有人触电，应立即切断电源，不能直接拉触电者，应用木棒或其它绝缘物将人与带电体分离。,正确,错误,,,A,,接口直采,1,2026/9/18 12:50:18
判断题,凡进行化学实验，应先检查防护措施，确保防护妥当后，才可进行实验。,正确,错误,,,A,,接口直采,1,2026/9/18 12:50:28
判断题,凡进行有危险性的实验，应先检查防护措施，确保防护妥当后，才可进行实验。,正确,错误,,,A,,接口直采,1,2026/9/18 12:50:15
判断题,凡涉及有害或有刺激性气体的实验应在通风柜内进行。,正确,错误,,,A,,接口直采,1,2026/9/18 12:50:28
判断题,凡是低于50V的电压均可认定为安全特低电压。,正确,错误,,,B,,接口直采,1,2026/9/18 12:50:37
判断题,凡是输送具有一定压力介质的管道都是压力管道。,正确,错误,,,B,,接口直采,1,2026/9/18 12:50:30
判断题,防爆实验室可使用普通实验室替代。,正确,错误,,,B,,接口直采,1,2026/9/18 12:50:32
判断题,防护服包括实验服、隔离衣、连体衣、围裙以及正压防护服，所有这些防护服均不得穿离实验室区域。,正确,错误,,,A,,接口直采,1,2026/9/18 12:50:28
判断题,防护面具的选用应以等级最高者为最优先的考量。,正确,错误,,,B,,接口直采,1,2026/9/18 12:50:28
判断题,防护面罩是一种被动吸气式的呼吸道和面部防护装备，防护效果非常好，不受佩戴时间影响，通用性较好。,正确,错误,,,B,,接口直采,1,2026/9/18 12:50:28
判断题,防护最优化（ALARA）意味着剂量最低化。,正确,错误,,,B,,接口直采,1,2026/9/18 12:50:16
判断题,防止能量积蓄，主要包括：设置调节装置，如给锅炉设置温度比较器、泄压阀等调节装置。,正确,错误,,,A,,接口直采,1,2026/9/18 12:50:30
判断题,放射安全培训计划应当适应不同培训重点的要求，以满足不同放射性实验室的运行要求。,正确,错误,,,A,,接口直采,1,2026/9/18 12:50:16
判断题,放射工作单位应当按照国家有关标准、规范的要求建立放射工作人员的个人剂量档案，该档案通常在放射工作人员脱离放射工作后方可停止保存。,正确,错误,,,B,,接口直采,1,2026/9/18 12:50:16
判断题,放射性：是指某种核素的原子核自发发生衰变，释放出一些射线（α射线或β射线或y射线）或粒子，而变成另一种核素的性质。,正确,错误,,,A,,接口直采,1,2026/9/18 12:50:16
判断题,放射性废气的来源主要为通风排气和工艺废气，这些放射性物质常以放射性气溶胶或气态放射性成分的形式存在。,正确,错误,,,A,,接口直采,1,2026/9/18 12:50:16
判断题,放射性废气中若含有半衰期较长的核素，如 129I等，其净化方法主要有溶液吸收法和固体吸附法。,正确,错误,,,A,,接口直采,1,2026/9/18 12:50:16
判断题,放射性废物，经过屏蔽处理后可以当作一般垃圾处理。,正确,错误,,,B,,接口直采,1,2026/9/18 12:50:16
判断题,放射性废物：是指在实验过程中产生的含有放射性物质或被放射性物质污染的、其放射性比活度或浓度大于审管部门规定的清洁解控水平的、预测不会再利用的、任何物理形态的废物。,正确,错误,,,A,,接口直采,1,2026/9/18 12:50:16
判断题,放射性废物处理：放射性废物最终变成可以处置形式的过程叫放射性废物处理。,正确,错误,,,A,,接口直采,1,2026/9/18 12:50:16
判断题,放射性废物处理的目标是： （1）减少放射性废物随流出物排入环境的数量。 （2）把废物绝大部分放射性物质集中到体积尽量小的稳定物体中以待处置。,正确,错误,,,A,,接口直采,1,2026/9/18 12:50:16
判断题,放射性废液一般要经过净化浓缩与固化包装两步骤处理。,正确,错误,,,A,,接口直采,1,2026/9/18 12:50:16
判断题,放射性废液在净化浓集过程中产生的浓集物都必须转化成稳定的固体形式，且应具有良好的抗浸出性、化学稳定性和尽可能大的体积。,正确,错误,,,B,,接口直采,1,2026/9/18 12:50:16
判断题,放射性固体废物处理的目标是减容而不是提高稳定性。,正确,错误,,,B,,接口直采,1,2026/9/18 12:50:16
判断题,放射性核素，也称为放射性同位素。,正确,错误,,,A,,接口直采,1,2026/9/18 12:50:16
判断题,放射性核素：是指能发生放射性衰变的核素，也称放射性同位素。,正确,错误,,,A,,接口直采,1,2026/9/18 12:50:16
判断题,放射性核素不仅具有放射性活度的问题，还具有放射性毒性的问题，而且不同放射性核素具有不同毒性。,正确,错误,,,A,,接口直采,1,2026/9/18 12:50:16
判断题,放射性核素毒性组别修正因子分别是：极毒，10；高毒，1；中毒，0.1；低毒，0.01。,正确,错误,,,A,,接口直采,1,2026/9/18 12:50:16
判断题,放射性核素日等效操作量：是指放射性核素的实际日操作量（Bq）与该核素毒性组别修正因子的积，除以与操作方式有关的修正因子所得的商。,正确,错误,,,A,,接口直采,1,2026/9/18 12:50:16
判断题,放射性活度的单位是贝克（Bq），1次衰变每秒为1Bq。,正确,错误,,,A,,接口直采,1,2026/9/18 12:50:16
判断题,放射性空气污染最常见于铀、钍矿的开采，放射性同位素的涂描作业、生产加工以及开瓶分装等项工作；在实验室内很少发生空气污染问题，所以并不需要特别注意实验室内的空气污染监测。,正确,错误,,,B,,接口直采,1,2026/9/18 12:50:16
判断题,放射性实验室：是利用电离辐射技术开展辐射监测、放射性核素分析及其在相关领域应用的实验场所。,正确,错误,,,A,,接口直采,1,2026/9/18 12:50:16
判断题,放射性实验室处理粉末或易挥发的放射性样品时，应该在通风橱柜或手套箱内中进行。,正确,错误,,,A,,接口直采,1,2026/9/18 12:50:16
判断题,放射性实验室的工作区和非放射工作区应严格分开，并在两者之间设立卫生通过区。,正确,错误,,,A,,接口直采,1,2026/9/18 12:50:16
判断题,放射性实验室的实验室人员身体受到意外污染时，应送医院检查，然后再由医务人员进行相关清洗。,正确,错误,,,B,,接口直采,1,2026/9/18 12:50:16
判断题,放射性实验室的通风柜应设置在门、窗附近，这样能利于气流循环。,正确,错误,,,B,,接口直采,1,2026/9/18 12:50:16
判断题,放射性实验室房间面积不宜过小，以40㎡以上为宜，房间高度应为3m以上。,正确,错误,,,B,,接口直采,1,2026/9/18 12:50:16
判断题,放射性实验室放射性核素的开瓶、稀释、分装等过程必须在通风柜内进行，且通风柜应保持在负压条件下工作。,正确,错误,,,A,,接口直采,1,2026/9/18 12:50:16
判断题,放射性实验室高活性操作室所有管道（包括自来水、暖气片等）最好置于墙内暗装；电灯开关装于门外，最好采用感应式自动与弹簧门。,正确,错误,,,A,,接口直采,1,2026/9/18 12:50:16
判断题,放射性实验室管理人员有权拒绝未经培训或培训不合格的学生进入实验室工作，但职工除外。,正确,错误,,,B,,接口直采,1,2026/9/18 12:50:16
判断题,放射性实验室活性区室内空气对外部要保持负压，使空气从低活性区流向高活性区，即空气运动方向为清洁区→卫生通过区→监督区→控制区→净化处理设施→大气稀释排放。,正确,错误,,,A,,接口直采,1,2026/9/18 12:50:16
判断题,放射性实验室内可以吃东西、喝水。,正确,错误,,,B,,接口直采,1,2026/9/18 12:50:16
判断题,放射性实验室墙体离地面2m以下涂以耐酸耐碱腐蚀的淡黄色油漆，天花板为白色油漆。,正确,错误,,,A,,接口直采,1,2026/9/18 12:50:16
判断题,放射性实验室为了辐射防护和实验室安全，通常制定有安全操作规程，工作人员必须按操作规程进行操作；但如果一个工作人员长时间干某一种工作，并且也没有发生任何事故，就可以用自己的方法操作，而不用按操作规程操作。,正确,错误,,,B,,接口直采,1,2026/9/18 12:50:16
判断题,放射性实验室需采用合理的送风和排风的循环流向系统。,正确,错误,,,B,,接口直采,1,2026/9/18 12:50:16
判断题,放射性实验室选址不建议选择地势较高的地区，因为高处会使得放射性气体及气溶胶经烟囱排放至高空，会导致污染扩散得更远。,正确,错误,,,B,,接口直采,1,2026/9/18 12:50:16
判断题,放射性实验室严格分为甲级、乙级和丙级放射性实验室，不存在其他类型，如豁免水平的实验室。,正确,错误,,,B,,接口直采,1,2026/9/18 12:50:16
判断题,放射性实验室要按其所属类别，在污染源的周围划出防护监测区，作为定期监测放射性物质对周围环境可能污染的范围。,正确,错误,,,A,,接口直采,1,2026/9/18 12:50:16
判断题,放射性实验室一般具有非封闭性放射性物质、以放射性源为主的封闭性放射性物质、辐射装置（辐射监测仪器等）3类之一的物品。,正确,错误,,,A,,接口直采,1,2026/9/18 12:50:16
判断题,放射性实验室应急人员除了常规培训之外，还应根据他们在应急情况下所担负的责任，使他们受到为履行这些责任所需要的辐射安全培训。,正确,错误,,,A,,接口直采,1,2026/9/18 12:50:16
判断题,放射性实验室有两个通风柜时，应分别开关，不能两个通风柜同时开启。,正确,错误,,,B,,接口直采,1,2026/9/18 12:50:16
判断题,放射性实验室允许带与实验无关的人员进实验室。,正确,错误,,,B,,接口直采,1,2026/9/18 12:50:16
判断题,放射性实验室职业受照人员经过人岗培训后，需要进入新类型的、强辐射场工作时，无需进行附加的特殊培训但应严格限制其工作时间。,正确,错误,,,B,,接口直采,1,2026/9/18 12:50:16
判断题,放射性事故报告制度：是指一旦发生放射性事故，实验室事故现场负责人应立即向应急响应组织负责人报告。实验室领导和应急响应组织负责人应按照应急计划和程序启动应急响应，指挥控制、缓解事故，按照有关规定向相关部门报告。如有放射性物质污染环境，应及时向环境保护部门报告。如果应急事态特别紧张，事故现场的负责人有义务主动承担起指令启动应急响应和指挥控制缓解事故的责任。,正确,错误,,,A,,接口直采,1,2026/9/18 12:50:16
判断题,放射性事故应急处理预案应涵盖用源单位所有的放射源与射线装置，明确应急内容、应急流程及处理程序等内容。,正确,错误,,,A,,接口直采,1,2026/9/18 12:50:16
判断题,放射性事故在实施现场救护时的应遵守快速有效、边发现边抢救、先重后轻、对危重伤员先抢救后除污染、保护抢救者应遵守快速有效、边发现边抢救、先重后轻、对危重伤员先抢救后除污染、保护抢救者的原则。,错误,正确,,,A,,接口直采,1,2026/9/18 12:50:16
判断题,放射性衰变：是指某种核素的原子核自发地放出某种射线，进而转变成别种核素的原子核的现象。,正确,错误,,,A,,接口直采,1,2026/9/18 12:50:16
判断题,放射性衰变最早是由于观察到天然重元素铀的放射性而发现的。,正确,错误,,,A,,接口直采,1,2026/9/18 12:50:16
判断题,放射性同位素应单独存放，不得与易燃、易爆、腐蚀性物品等一起存放，并采取有效的防火、防盗、防射线泄漏的安全措施，指定专人负责保管。,正确,错误,,,A,,接口直采,1,2026/9/18 12:50:16
判断题,放射性同位素应建立账目，建立完整的登记和使用制度，记录放射性同位素核素名称、出厂日期、活度、标号、编码、使用人员、使用日期、使用量、归还日期等信息，做到账目清晰，账物相符。,正确,错误,,,A,,接口直采,1,2026/9/18 12:50:16
判断题,放射性同位素只能在持有辐射许可证的单位之间转让，且未经批准不得转让放射性同位素。,正确,错误,,,A,,接口直采,1,2026/9/18 12:50:16
判断题,放射性同位素指不包括作为核燃料、核原料、核材料的其他放射性物质。,正确,错误,,,A,,接口直采,1,2026/9/18 12:50:16
判断题,放射性物质，要建立双人双锁的存放与使用管理模式，其购置、报废、移交这些环节应有严格的审批与监管程序，而使用、检查、核实、分装、外借、归还这些环节应由各实验室自行登记和管理，这样既能确保安全又能方便使用。,正确,错误,,,B,,接口直采,1,2026/9/18 12:50:16
判断题,放射性物质：是指能够自发释放出一些射线（α射线或β射线或γ射线）或粒子的物质。,正确,错误,,,A,,接口直采,1,2026/9/18 12:50:16
判断题,放射性物质的使用、贮存场所和射线装置的工作场所必须设置防护设施，其入口处必须设置放射性标志、中文警示说明和必要的安全防护、报警装置或者工作信号。,正确,错误,,,A,,接口直采,1,2026/9/18 12:50:16
判断题,放射性物质和放射性仪器与设备采购时，申购人必须提出书面的采购申请，经放射性实验室安全管理领导小组与单位行政主管负责人签字同意后，方可自行对外采购订货。,正确,错误,,,B,,接口直采,1,2026/9/18 12:50:16
判断题,放射性物质虽会产生放射线，但不会产生放射性废物。,正确,错误,,,B,,接口直采,1,2026/9/18 12:50:16
判断题,放射性物质污染实验室表面后，清除污染越早越好，无论何种材料何种污染，一律均要先用水和去污粉或肥皂刷洗，以尽快稀释污染浓度。,正确,错误,,,B,,接口直采,1,2026/9/18 12:50:16
判断题,放射性物质污染实验室后，清污尽量局限于污染区。,正确,错误,,,A,,接口直采,1,2026/9/18 12:50:16
判断题,放射性物质污染实验室后，清洗工作应由低活性污染区开始，然后到高污染区，严防高活性污染区物质带入低活性污染区。,正确,错误,,,A,,接口直采,1,2026/9/18 12:50:16
判断题,放射性物质与射线装置都可称为放射源，两者本质上相同。,正确,错误,,,B,,接口直采,1,2026/9/18 12:50:16
判断题,放射源，是指除研究堆和动力堆核燃料循环范畴的材料以外，永久密封在容器中或者有严密包层并呈固态的放射性材料。,正确,错误,,,A,,接口直采,1,2026/9/18 12:50:16
判断题,放射源可以由使用单位统一贮存，也可以由符合放射源贮存要求的各放射性实验室自行贮存。,正确,错误,,,A,,接口直采,1,2026/9/18 12:50:16
判断题,放射源实验结束，要关好电源，整理好仪器设备，并且向教师交还放射源，并用剂量率仪进行巡测。,正确,错误,,,A,,接口直采,1,2026/9/18 12:50:16
判断题,放射源实验结束，要关好电源，整理好仪器设备，并且向专业机构交还放射源，并用剂量率仪进行巡视。,正确,错误,,,A,,接口直采,1,2026/9/18 12:50:16
判断题,放射源台账应详细记载放射源的核素名称、状态、品牌等基本信息（不包括出厂时间、标号和放射性活度）、存放日期、存放负责人、来源和去向。,正确,错误,,,B,,接口直采,1,2026/9/18 12:50:16
判断题,放射源贮存库内可以存放非放射性物质，但不能存放易燃、易爆、剧毒和腐蚀性物质。,正确,错误,,,B,,接口直采,1,2026/9/18 12:50:16
判断题,放射源贮存库墙外一米处的剂量率允许超过自然本底水平，但三米处的剂量率严禁超过自然本地底。,正确,错误,,,B,,接口直采,1,2026/9/18 12:50:16
判断题,非常用大型仪器设备要定期清洁、除尘，定期通电，防止元器件受潮损坏。,正确,错误,,,A,,接口直采,1,2026/9/18 12:50:38
判断题,非放射专业的人员或者高校里的在校学生，因科研或学习需要偶尔从事放射性实验操作，可在经实验室负责人审批同意后，在实验室安全员的带领和指导下直接进入实验室工作。,正确,错误,,,B,,接口直采,1,2026/9/18 12:50:16
判断题,非密封放射性物质，是指非永久密封在包壳里或者紧密地固结在覆盖层里的放射性物质。,正确,错误,,,A,,接口直采,1,2026/9/18 12:50:16
判断题,非密封放射性物质是指未密封的放射性物质，当简单封装后就是密封放射源。,正确,错误,,,A,,接口直采,1,2026/9/18 12:50:16
判断题,非一次性防护手套脱下前应用清水冲洗干净，而用后的一次性手套应作为实验垃圾处理。,正确,错误,,,A,,接口直采,1,2026/9/18 12:50:20
判断题,废弃刀片、锐器可以作为生活垃圾处理。,正确,错误,,,B,,接口直采,1,2026/9/18 12:50:20
判断题,废弃的放射源，必须报实验室与设备管理处，由实验室与设备管理处联系有资质的单位进行收贮，不得私自处理。,正确,错误,,,A,,接口直采,1,2026/9/18 12:50:16
判断题,废弃的利器(包括针头、小刀、金属和玻璃等)应直接弃置于耐扎容器内。,正确,错误,,,A,,接口直采,1,2026/9/18 12:50:20
判断题,废弃的利器（包括针头、小刀、金属和玻璃等）应直接弃置于耐扎容器内。,正确,错误,,,A,,接口直采,1,2026/9/18 12:50:20
判断题,废弃物禁止存放在非工作人员易接触到的地方。,正确,错误,,,A,,接口直采,1,2026/9/18 12:50:20
判断题,废弃物暂存间内的废弃物应集中存放。,正确,错误,,,B,,接口直采,1,2026/9/18 12:50:20
判断题,废弃物暂存区可临时存放其他物品。,正确,错误,,,B,,接口直采,1,2026/9/18 12:50:20
判断题,废液回收时，可装满废液桶,正确,错误,,,B,,接口直采,1,2026/9/18 12:50:40
判断题,废液回收时，应装至距离桶口下沿约10cm处，标线处为止,正确,错误,,,A,,接口直采,1,2026/9/18 12:50:40
判断题,废液回收时应遵循酸碱有机分类回收原则，另外，有特殊危险性的废液单独作为一类回收。,正确,错误,,,A,,接口直采,1,2026/9/18 12:50:40
判断题,废液桶完全装满后，密封并放置在指定地点暂存。,正确,错误,,,B,,接口直采,1,2026/9/18 12:50:20
判断题,分光光度计测定样品浓度时，可以用手触摸比色杯的任何表面。,正确,错误,,,B,,接口直采,1,2026/9/18 12:50:38
判断题,酚类化合物对细菌繁殖体和芽孢以及各种病毒均有杀灭活性的作用。,正确,错误,,,A,,接口直采,1,2026/9/18 12:50:35
判断题,酚灼伤皮肤时，应立即脱掉被污染衣物，用10%酒精反复擦拭，再用大量清水冲洗，直至无酚味为止，然后用饱和硫酸钠湿敷。,正确,错误,,,A,,接口直采,1,2026/9/18 12:50:15
判断题,粉碎操作最大的危险性在于可燃粉尘与空气形成爆炸性混合物，遇点火源发生粉尘爆炸事故。,正确,错误,,,A,,接口直采,1,2026/9/18 12:50:37
判断题,风速计为一较精密的仪器，严防碰撞振动，不可在含尘量过多或有腐蚀性的场所使用。,正确,错误,,,A,,接口直采,1,2026/9/18 12:50:38
判断题,风险分析：包括对风险发生的可能性和对潜在后果的估计，以确定风险级别。,正确,错误,,,A,,接口直采,1,2026/9/18 12:50:27
判断题,风险管理是指导和控制与风险相关问题的协调活动，是动态、循环并持续改进的。,正确,错误,,,A,,接口直采,1,2026/9/18 12:50:27
判断题,风险评估要求单位事先对所有拟开展的实验活动涉及的风险进行评估，如理化、辐射、设备存在的风险，而不是对水、电、气这类常规设施进行评估。,正确,错误,,,B,,接口直采,1,2026/9/18 12:50:27
判断题,风险评价：是将风险分析的结果与风险准则进行比较，或者在各种风险的分析结果之间比较，确定风险等级，以便做出风险应对的决策。,正确,错误,,,A,,接口直采,1,2026/9/18 12:50:27
判断题,风险识别：是发现、列举和描述风险要素的过程。,正确,错误,,,A,,接口直采,1,2026/9/18 12:50:27
判断题,福尔马林固定的含朊病毒组织，在长时间浸泡后则不具有感染性。,正确,错误,,,B,,接口直采,1,2026/9/18 12:50:35
判断题,辐射并不能引起一种特殊的“专有的”癌症，只是使人患癌症的可能性在原有本底水平上有所增高。,正确,错误,,,A,,接口直采,1,2026/9/18 12:50:16
判断题,辐射导致人体发生癌症是射线对人体最重要的危害之一，目前的主流观点认为，辐射致癌有剂量阈值，即较高的剂量照射才可能导致癌症发生。,正确,错误,,,B,,接口直采,1,2026/9/18 12:50:16
判断题,辐射的遗传效应：是指辐射导致生殖细胞（精细胞、卵细胞）突变，进而导致受照者的后代出现多种遗传性疾病。,正确,错误,,,A,,接口直采,1,2026/9/18 12:50:16
判断题,辐射防护的目的是：防止有害的确定性效应的发生，并限制随机性效应的发生几率，使之达到可以接受的水平。,正确,错误,,,A,,接口直采,1,2026/9/18 12:50:16
判断题,辐射工作场所的入口处可以不必放置辐射警示标志和工作信号。,正确,错误,,,B,,接口直采,1,2026/9/18 12:50:16
判断题,辐射工作人员的年剂量限值是20mSv。,正确,错误,,,A,,接口直采,1,2026/9/18 12:50:16
判断题,辐射工作人员离岗须到校辐射防护办公室办理相应手续，交回个人剂量计并做离岗体检，未办理离岗相关手续者自行承担相关责任。,正确,错误,,,A,,接口直采,1,2026/9/18 12:50:16
判断题,辐射工作人员在初次进入放射性操作岗位之前，必须接受入岗培训，若考核成绩合格可从事所有放射性工作岗位，不需要在工作岗位调换时重复进行安全培训。,正确,错误,,,B,,接口直采,1,2026/9/18 12:50:16
判断题,辐射工作人员在人岗培训或换岗培训之后的在岗工作期间，需要定期进行再次培训。,正确,错误,,,A,,接口直采,1,2026/9/18 12:50:16
判断题,辐射剂量只要控制在可接受的指导水平即可，不需要考虑是否达到最优化。,正确,错误,,,B,,接口直采,1,2026/9/18 12:50:16
判断题,辐射事故，是指放射源丢失、被盗、失控，或者放射性同位素和射线装置失控导致人员受到意外的异常照射。,正确,错误,,,A,,接口直采,1,2026/9/18 12:50:16
判断题,腐蚀和刺激性药品，如强酸、强碱、氨水、过氧化氢、冰醋酸等，取用时尽可能戴上橡皮手套和防护眼镜，倾倒时，切勿直对容器口俯视，吸取时，应该使用橡皮球。开启有毒气体容器时应戴防毒用具。禁止手直接拿取上述物品。,正确,错误,,,A,,接口直采,1,2026/9/18 12:50:28
判断题,腐蚀性物品包装严密、保证不泄漏后可与液化气体或其他物品共同存放。,正确,错误,,,B,,接口直采,1,2026/9/18 12:50:25
判断题,腐蚀性物质：指能灼伤人体组织并对金属等物品造成损坏的固体或液体。,正确,错误,,,A,,接口直采,1,2026/9/18 12:50:25
判断题,腐蚀性物质如浓硫酸、硝酸、氯磺酸、漂白粉等氧化性很强，与还原剂接触易发生强烈的氧化还原反应，容易引起火灾事故。,正确,错误,,,A,,接口直采,1,2026/9/18 12:50:25
判断题,负载处于工作状态时，可以插、拔、接电气线路。,正确,错误,,,B,,接口直采,1,2026/9/18 12:50:37
判断题,改建实验室时如果找不到原始建筑设计图，可自行改动室内管线布局。,正确,错误,,,B,,接口直采,1,2026/9/18 12:50:27
判断题,甘汞电极中的氯化钾溶液应无气泡和氯化钾晶体。,正确,错误,,,B,,接口直采,1,2026/9/18 12:50:21
判断题,感染剂量和病原体对环境影响因子的抵抗性对于确定空气传播风险都是特别重要的。,正确,错误,,,A,,接口直采,1,2026/9/18 12:50:35
判断题,感染性废弃物主要指科研、疾病预防控制、教学、生产和医疗救治活动中产生的各种含有病原体的废弃物质，包括废气、废水和固体废物。,正确,错误,,,A,,接口直采,1,2026/9/18 12:50:20
判断题,感染性物质不能使用移液管反复吹吸混合，为确保移液准确，应将移液管内最后一滴液体用力吹出。,正确,错误,,,B,,接口直采,1,2026/9/18 12:50:35
判断题,感染性组织标本进行冰冻切片时应当罩住冰冻机，操作者要戴安全防护面罩；清除污染时，仪器的温度要升至20℃。,正确,错误,,,A,,接口直采,1,2026/9/18 12:50:35
判断题,感染性组织标本应用冰冻切片，应当避免福尔马林固定。,正确,错误,,,B,,接口直采,1,2026/9/18 12:50:35
判断题,干粉灭火剂是扑救精密仪器火灾的最佳选择。,正确,错误,,,B,,接口直采,1,2026/9/18 12:50:32
判断题,干粉灭火器扑救可燃、易燃液体火灾时，应对准火焰根部扫射。,正确,错误,,,A,,接口直采,1,2026/9/18 12:50:32
判断题,干磨工件时，不准中途加切削液。,正确,错误,,,A,,接口直采,1,2026/9/18 12:50:37
判断题,干热灭菌是利用热的作用来杀菌，通常在干热灭菌器中进行；使用温度通常为160℃以上，时间为2～4h。,正确,错误,,,A,,接口直采,1,2026/9/18 12:50:35
判断题,干燥箱和恒温箱的使用温度不能超过最高允许温度。,正确,错误,,,A,,接口直采,1,2026/9/18 12:50:38
判断题,高等学校的危险化学品安全管理职责交给各实验室即可，不需建立校级领导机构。,正确,错误,,,B,,接口直采,1,2026/9/18 12:50:25
判断题,高放废物：是指这类放射性核素的活度浓度很高，在其衰变过程中产生大量的热或者含有大量长寿命核素，在对其处置设计中应该考虑这些问题，不然，就无法对其做到安全处置。对于它的处置，一定要采用深层地质处置，即将其深埋到地下数百米或更深的稳定地层中。,正确,错误,,,A,,接口直采,1,2026/9/18 12:50:16
判断题,高放废物在其衰变过程中会产生大量长寿命核素而不是大量的热量。,正确,错误,,,B,,接口直采,1,2026/9/18 12:50:16
判断题,高空作业人员的安全带必须低挂高用。,正确,错误,,,B,,接口直采,1,2026/9/18 12:50:30
判断题,高氯酸可与其他酸性化学品放在一起。,正确,错误,,,B,,接口直采,1,2026/9/18 12:50:25
判断题,高氯酸应远离其他氧化性化学品，远离酸性化学品存放。,正确,错误,,,A,,接口直采,1,2026/9/18 12:50:25
判断题,高速设备和精密设备应在管理人员指导下使用。,正确,错误,,,A,,接口直采,1,2026/9/18 12:50:38
判断题,高危险性微生物在低级别的生物安全防护实验室操作可造成生物性突发事件。,正确,错误,,,A,,接口直采,1,2026/9/18 12:50:15
判断题,高温设备在每次使用之前都应检查确认设备的线路安全。,正确,错误,,,A,,接口直采,1,2026/9/18 12:50:38
判断题,高温实验可接触水。,正确,错误,,,B,,接口直采,1,2026/9/18 12:50:21
判断题,高温下易腐败或易发生反应的废弃物应低温存放。,正确,错误,,,A,,接口直采,1,2026/9/18 12:50:20
判断题,高效液相色谱仪进样瓶内若用了内插管，应注意调节进样针的高度，避免将内插管扎破、进样针扎断。,正确,错误,,,A,,接口直采,1,2026/9/18 12:50:38
判断题,高校实验室发生安全事故的主要原因有：操作不慎、粗心大意、设施老化、缺少防护设施等。,正确,错误,,,A,,接口直采,1,2026/9/18 12:50:27
判断题,高校实验室发生安全事故的主要原因有未按安全规程操作、设备设施老化、监管不到位、自然灾害等。,正确,错误,,,A,,接口直采,1,2026/9/18 12:50:27
判断题,高校实验室科研教学活动中产生和排放的废气、废液、固体废物、噪声、放射性等污染物，应按环境保护行政主管部门的要求进行申报登记、收集、运输和处置。严禁把废气、废液、废渣和废弃化学品等污染物直接向外界排放。,正确,错误,,,A,,接口直采,1,2026/9/18 12:50:20
判断题,高压钢瓶可以没有固定设施，可以使用过期、未经检验和不合格的气瓶。,正确,错误,,,B,,接口直采,1,2026/9/18 12:50:30
判断题,高压钢瓶使用完毕后，应先关闭总阀再关闭减压阀。,正确,错误,,,A,,接口直采,1,2026/9/18 12:50:23
判断题,高压钢质氢气瓶外部涂色为绿色。,正确,错误,,,A,,接口直采,1,2026/9/18 12:50:23
判断题,高压灭菌锅待灭菌的物品放置不宜过紧，不能堆放或触碰内桶桶壁。,正确,错误,,,A,,接口直采,1,2026/9/18 12:50:30
判断题,高压灭菌锅灭菌时，待灭菌的物品可与含有腐蚀性抑制剂或化学试剂的物质放在一起灭菌。,正确,错误,,,B,,接口直采,1,2026/9/18 12:50:35
判断题,高压灭菌锅灭菌时，尽可能多地放置物品，以便更充分地利用灭菌空间。,正确,错误,,,B,,接口直采,1,2026/9/18 12:50:35
判断题,高压灭菌锅在灭菌前外桶底部加热部分必须有足够的水，水的高度至少要超过加热块或加热丝。,正确,错误,,,A,,接口直采,1,2026/9/18 12:50:30
判断题,高压灭菌锅在灭菌完毕后可放气减压。,正确,错误,,,B,,接口直采,1,2026/9/18 12:50:30
判断题,高压灭菌器、烤箱的压力表属于负压表，为安全起见，必须定期将表取下，送往专门的检定机构检测。,正确,错误,,,B,,接口直采,1,2026/9/18 12:50:30
判断题,高压灭菌器灭菌完毕后可立即放气减压、开盖。,正确,错误,,,B,,接口直采,1,2026/9/18 12:50:21
判断题,高压灭菌液体终止时，为尽快地取出灭菌液体，可快速排气使压力迅速降低。,正确,错误,,,B,,接口直采,1,2026/9/18 12:50:35
判断题,高压灭菌终止时，为尽快降低灭菌容器的压力和温度，可立即打开卸压阀快速排气。,正确,错误,,,B,,接口直采,1,2026/9/18 12:50:38
判断题,高压气瓶开阀宜缓，不必经减压阀放气。,正确,错误,,,B,,接口直采,1,2026/9/18 12:50:23
判断题,高压容器的质量要素主要包括承压能力、密封效果和泄压保障。,正确,错误,,,A,,接口直采,1,2026/9/18 12:50:30
判断题,高压容器应定期检查其安全性并记录检查结果。,正确,错误,,,A,,接口直采,1,2026/9/18 12:50:30
判断题,高压蒸汽灭菌器是通过高温高压水蒸气灭菌的。,正确,错误,,,A,,接口直采,1,2026/9/18 12:50:21
判断题,格式化过后的计算机，原来的数据就找不回来了。,正确,错误,,,B,,接口直采,1,2026/9/18 12:50:42
判断题,隔离环境中动物和物料的动态传递须经特殊的传递系统。,正确,错误,,,A,,接口直采,1,2026/9/18 12:50:35
判断题,隔离灭火法是将可燃物与引火源或氧气隔离开来，可防止火势继续扩大。,正确,错误,,,A,,接口直采,1,2026/9/18 12:50:32
判断题,隔离灭火法指将周围未燃烧的可燃物质移开或与正在燃烧的物质隔离，并中断可燃物质的供给，使燃烧因缺少可燃物而停止。,正确,错误,,,A,,接口直采,1,2026/9/18 12:50:32
判断题,隔离灭火法指将周围未燃烧的可燃物质移开或与正在燃烧的物质隔离，中断可燃物质的供给，使燃烧因缺少可燃物而停止。,正确,错误,,,A,,接口直采,1,2026/9/18 12:50:32
判断题,隔离衣为长袖背开式，穿着时应该保证颈部和腕部扎紧；当需要穿两件隔离衣时，里面一件采用后系带穿法，外面一件隔离衣采用前系带穿法。,正确,错误,,,B,,接口直采,1,2026/9/18 12:50:28
判断题,个人防护的措施之一是皮肤防护，主要依靠个人防护用品，防护用品可以避免有毒物质与人体皮肤的接触。,正确,错误,,,A,,接口直采,1,2026/9/18 12:50:28
判断题,个人剂量外照射监测；一般是测量个人在一段时间内或一次性操作过程所接受β、γ、X射线或中子流外照射的剂量，以及对特殊操作或事故处理等进行的个人剂量监测。,正确,错误,,,A,,接口直采,1,2026/9/18 12:50:16
判断题,个人可以现金先购买易制爆化学品，取得发票后再回单位报销。,正确,错误,,,B,,接口直采,1,2026/9/18 12:50:25
判断题,个人物品如钥匙、手机、手表、饰品等禁止带人II级及以上生物安全防护实验。,正确,错误,,,A,,接口直采,1,2026/9/18 12:50:35
判断题,个人信息保护影响评估报告应至少保存五年。,正确,错误,,,B,,接口直采,1,2026/9/18 12:50:42
判断题,个人信息处理者必须将个人信息存储在境内，不得向境外提供。,正确,错误,,,B,,接口直采,1,2026/9/18 12:50:42
判断题,个人信息处理者可以随意公开其处理的个人信息。,正确,错误,,,B,,接口直采,1,2026/9/18 12:50:42
判断题,个人信息处理者可以委托他人处理个人信息，无需告知个人。,正确,错误,,,B,,接口直采,1,2026/9/18 12:50:42
判断题,个人信息处理者可以无需取得个人同意，直接处理其公开的个人信息。,正确,错误,,,B,,接口直采,1,2026/9/18 12:50:42
判断题,个人信息处理者可以因个人撤回同意而拒绝提供产品或服务。,正确,错误,,,B,,接口直采,1,2026/9/18 12:50:42
判断题,个人有权要求删除其个人信息，但法律规定的保存期限未届满时除外。,正确,错误,,,A,,接口直采,1,2026/9/18 12:50:42
判断题,各单位均应制定一套整体的实验室突发事故预案，并加强管理。各实验室也应制定相应的预案，且要更有针对性。,正确,错误,,,A,,接口直采,1,2026/9/18 12:50:27
判断题,各实验室对所产生的化学废弃物必须要实行集中分类存放，贴好标签，然后送学校中转站，统一处置。,正确,错误,,,A,,接口直采,1,2026/9/18 12:50:20
判断题,各实验室应购买和使用取得许可生产并经特种设备检验机构按照安全技术规范的要求进行监督检验合格的特种设备，对使用的特种设备应当定期维护保养。,正确,错误,,,A,,接口直采,1,2026/9/18 12:50:30
判断题,各实验室在运送化学废弃物到各校区临时收集中转仓库之前，不得堆放在走廊、过道以及其它公共区域。,正确,错误,,,A,,接口直采,1,2026/9/18 12:50:20
判断题,各学院每季度组织有关人员对实验室进行安全与卫生管理的例行检查，记录检查情况，提出存在的问题并限时整改。每次检查结束后须将检查结果形成报告，上报实验室处。,正确,错误,,,A,,接口直采,1,2026/9/18 12:50:27
判断题,各院系要加强对剧毒、有害、特殊化学药品的管理，建立严格的领取、发放、登记和主管领导审批制度。,正确,错误,,,A,,接口直采,1,2026/9/18 12:50:25
判断题,各种电源是否有电，可用试电笔检验。,正确,错误,,,B,,接口直采,1,2026/9/18 12:50:37
判断题,各种气瓶的存放，必须远离明火、避免阳光直晒，搬运时不得碰撞。,正确,错误,,,A,,接口直采,1,2026/9/18 12:50:23
判断题,铬化合物中六价Cr毒性最大，有强刺激性，引起蛋白变性，干扰酶系统。,正确,错误,,,A,,接口直采,1,2026/9/18 12:50:25
判断题,铬化合物中Cr6+毒性很大，可引起蛋白变性，干扰酶系统。,正确,错误,,,A,,接口直采,1,2026/9/18 12:50:25
判断题,给液体加热时，可以先开始加热，等接近沸腾时再加入沸石。,正确,错误,,,B,,接口直采,1,2026/9/18 12:50:21
判断题,根据放射源对人体可能的伤害程度，可将放射源分为以下5类：（）I类放射源属极危险源、II类放射源属高危险源、III类放射源属中危险源、IV类放射源属低危险源、V类放射源属极低危险源。,正确,错误,,,A,,接口直采,1,2026/9/18 12:50:16
判断题,根据所操作的生物因子的危害程度和采取的防护措施，将生物安全的防护水平（biosafety level，BSL）分为四级，I级防护水平最低，IV级防护水平最高。以BSL-1、BSL-2、BSL-3、BSL-4表示仅从事体外操作的实验室的相应生物安全防护水平。以ABSL-1、ABSL-2、ABSL-3、ABSL-4表示包括从事动物活体操作的实验室的相应生物安全防护水平。,正确,错误,,,A,,接口直采,1,2026/9/18 12:50:35
判断题,根据重大事故发生的特点，应急处置的特点是；行动必须做到迅速、准确和有效。,正确,错误,,,A,,接口直采,1,2026/9/18 12:50:15
判断题,工作场所辐射监测中的外照射剂量监测主要是对β、γ、X射线的检测，不包括对中子射线的监测。,正确,错误,,,B,,接口直采,1,2026/9/18 12:50:16
判断题,工作人员在进入BSL-3实验室工作区前，应在专用的更衣室（或缓冲间）内穿着背开式工作服或其他防护服。工作完毕必须脱下工作服，不得穿工作服离开实验室。可再次使用的工作服必须先消毒后清洗。,正确,错误,,,A,,接口直采,1,2026/9/18 12:50:35
判断题,公安部门负责危险化学品的公共安全管理，负责发放剧毒化学品购买凭证和准购证，负责审查核发剧毒化学品公路运输通行证，对危险化学品道路运输安全实施监督，并负责前述事项的监督检查。,正确,错误,,,A,,接口直采,1,2026/9/18 12:50:25
判断题,供电线路中的零线可以视为地线接到设备外壳上。,正确,错误,,,B,,接口直采,1,2026/9/18 12:50:37
判断题,肱动脉压迫止血法适用于手、前臂及上臂下部的出血。,正确,错误,,,A,,接口直采,1,2026/9/18 12:50:15
判断题,汞、苯、铬酸盐和氰化物属于对人体具有极度危害的物质。,正确,错误,,,A,,接口直采,1,2026/9/18 12:50:25
判断题,汞及其化合物、砷及其无机化合物、黄磷、碘甲烷、甲基丙烯酸甲酯、氰化物等具有剧毒性。,正确,错误,,,A,,接口直采,1,2026/9/18 12:50:25
判断题,汞剂、苯胺类、硝基苯等可通过皮肤或粘膜吸收而使人中毒。,正确,错误,,,A,,接口直采,1,2026/9/18 12:50:25
判断题,汞剂、苯胺类、硝基苯等可通过皮肤接触或黏膜吸收而使人中毒。,正确,错误,,,A,,接口直采,1,2026/9/18 12:50:25
判断题,购买的气瓶需要报废的，直接进行废品回收即可。,正确,错误,,,B,,接口直采,1,2026/9/18 12:50:23
判断题,购买放射性核素必须向同位素实验室负责人申请，办理登记手续。购买、领取、使用、归还放射性同位素时应正确登记、认真检查，做到账物相符。,正确,错误,,,A,,接口直采,1,2026/9/18 12:50:16
判断题,购买或领用动物者可进入饲养室内购买或领取实验动物。,正确,错误,,,B,,接口直采,1,2026/9/18 12:50:35
判断题,购买易制毒化学品的单位，应当于每年3月31日前向许可或者备案的行政主管部门和公安机关报告本单位上年度易制毒化学品的购买情况。,正确,错误,,,A,,接口直采,1,2026/9/18 12:50:25
判断题,固体药品可选用广口瓶，液体药品可选用细口瓶存放。,正确,错误,,,A,,接口直采,1,2026/9/18 12:50:25
判断题,关键信息基础设施的安全保护措施可滞后于基础设施建设。,正确,错误,,,B,,接口直采,1,2026/9/18 12:50:42
判断题,关键信息基础设施的运营者采购网络产品和服务无需通过国家安全审查。,正确,错误,,,B,,接口直采,1,2026/9/18 12:50:42
判断题,关键信息基础设施的运营者可以将境内收集的重要数据直接存储在境外。,正确,错误,,,B,,接口直采,1,2026/9/18 12:50:42
判断题,关键信息基础设施的运营者应当每年至少进行一次网络安全检测和风险评估。,正确,错误,,,A,,接口直采,1,2026/9/18 12:50:42
判断题,关键信息基础设施的运营者应当每年至少进行一次网络安全检测评估。,正确,错误,,,A,,接口直采,1,2026/9/18 12:50:42
判断题,锅炉与压力容器的受压元件如果采用不合理的结构形状，局部地方会因应力集中或变形受到过分压束而产生很高的局部应力，严重时也会导致破坏。,正确,错误,,,A,,接口直采,1,2026/9/18 12:50:30
判断题,国家标准《安全用电》（GB3805-83）中规定，安全电压额定值分为42V、36V、24V三个等级。,正确,错误,,,B,,接口直采,1,2026/9/18 12:50:37
判断题,国家不鼓励数据交易市场的发展。,正确,错误,,,B,,接口直采,1,2026/9/18 12:50:42
判断题,国家对危险化学品的生产、储存实行统筹规划、合理布局。,正确,错误,,,A,,接口直采,1,2026/9/18 12:50:25
判断题,国家机关处理个人信息无需告知个人。,正确,错误,,,B,,接口直采,1,2026/9/18 12:50:42
判断题,国家机关可以随意公开其收集的所有政务数据。,正确,错误,,,B,,接口直采,1,2026/9/18 12:50:42
判断题,国务院工业和信息化主管部门以及国务院其他有关部门依据各自职责，负责危险化学品生产、储存的行业规划和布局。,正确,错误,,,A,,接口直采,1,2026/9/18 12:50:25
判断题,国务院环境保护行政主管部门应当会同国务院有关部门制定国家危险废物名录，规定统一的危险废物鉴别标准、鉴别方法和识别标志。,正确,错误,,,A,,接口直采,1,2026/9/18 12:50:20
判断题,过程中产生有害或刺激性气体的反应，应在通风柜内进行，同时加强个人防护，不得把头部伸进通风柜内。,正确,错误,,,A,,接口直采,1,2026/9/18 12:50:28
判断题,过期的、不知名的固体化学药品可自行处理。,正确,错误,,,B,,接口直采,1,2026/9/18 12:50:20
判断题,过期的、不知名的固体化学药品也要妥善保存，由学校统一处理。,正确,错误,,,A,,接口直采,1,2026/9/18 12:50:20
判断题,过期的危险化学药品应按危险废物处理。,正确,错误,,,A,,接口直采,1,2026/9/18 12:50:20
判断题,过期气体也可以用来使用，不影响实验。,正确,错误,,,B,,接口直采,1,2026/9/18 12:50:23
判断题,过氧化钠可以直接放进盛有硫酸的烧杯中反应。,正确,错误,,,B,,接口直采,1,2026/9/18 12:50:25
判断题,过氧化氢和过氧乙酸可以用于实验室工作台表面以及金属器械的消毒。,正确,错误,,,B,,接口直采,1,2026/9/18 12:50:28
判断题,过氧化物、高氯酸盐、叠氮铅、乙炔铜、三硝基甲苯等属于易爆物质，受震或受热可发生热爆炸。,正确,错误,,,A,,接口直采,1,2026/9/18 12:50:25
判断题,过氧化物、高氯酸盐、叠氮盐、乙炔盐、三硝基甲苯等易爆物质，受震或受热时可能发生爆炸。,正确,错误,,,A,,接口直采,1,2026/9/18 12:50:25
判断题,过氧化物和有机物可以倒入同一废液回收桶中储存。,正确,错误,,,B,,接口直采,1,2026/9/18 12:50:20
判断题,过氧化物与有机物废液不能混合存放。,正确,错误,,,A,,接口直采,1,2026/9/18 12:50:20
判断题,海恩法则及墨菲定理给了我们这样的启示：事故的出现都符合从隐患、萌芽到发生的发展规律，每一次重大事故的背后都有先兆，偶然事件、小概率事件都是问题积累到一定程度的质变，当偶然事件、小概率事件再次升级就会导致严重的安全事故发生。,正确,错误,,,A,,接口直采,1,2026/9/18 12:50:27
判断题,含低浓度石油、动植物性油脂的废液可用溶剂萃取法或吸附法进行预处理。,正确,错误,,,A,,接口直采,1,2026/9/18 12:50:20
判断题,含放射性物质操作的实验不得在普通教学实验室开展。,正确,错误,,,A,,接口直采,1,2026/9/18 12:50:16
判断题,含汞、铅、镉等重金属的实验室废液，可用Na2S或NaHS将重金属转变为难溶于水的金属硫化物，随后用Fe(OH)3共沉淀分离后收集。,正确,错误,,,A,,接口直采,1,2026/9/18 12:50:20
判断题,含汞废液可适当地稀释后排放。,正确,错误,,,B,,接口直采,1,2026/9/18 12:50:20
判断题,含碱性洗涤剂的水可以清洗掉水果蔬菜表面的农药。,正确,错误,,,A,,接口直采,1,2026/9/18 12:50:15
判断题,含硫酸、磺酸、羟基酸、聚磷酸等酸类废液与其他酸的废液不能混合存放。,正确,错误,,,A,,接口直采,1,2026/9/18 12:50:20
判断题,含砷废液可加入氧化钙，调节并控制pH为8，生成砷酸钙和亚砷酸钙沉淀。有Fe3+存在时可起共沉淀作用。也可将含砷废液pH调至10以上，加入硫化钠与砷反应生成难溶、低毒的硫化物沉淀。,正确,错误,,,A,,接口直采,1,2026/9/18 12:50:20
判断题,含有生物危险品的一次性塑料器皿要去污后才能丢弃。,正确,错误,,,A,,接口直采,1,2026/9/18 12:50:20
判断题,含重金属离子的废液，可加碱或加硫化钠把重金属离子变成难溶性的氢氧化物或硫化物沉淀下来，过滤分离后收集。,正确,错误,,,A,,接口直采,1,2026/9/18 12:50:20
判断题,含Cr6+或含还原性有毒物质的实验室废液，可通过氧化还原反应进行预处理。,正确,错误,,,A,,接口直采,1,2026/9/18 12:50:20
判断题,焊接操作点10米内，禁止堆放易燃和易爆物品。,正确,错误,,,A,,接口直采,1,2026/9/18 12:50:37
判断题,焊接场地应预留安全通道并保持畅通。,正确,错误,,,A,,接口直采,1,2026/9/18 12:50:37
判断题,焊接场地在10米内，禁止堆放易燃和易爆物质。,正确,错误,,,A,,接口直采,1,2026/9/18 12:50:37
判断题,焊接电阻片的电烙铁需要有接地装置。,正确,错误,,,A,,接口直采,1,2026/9/18 12:50:37
判断题,焊接时，必须穿戴好必要的防护用品，如工作服、手套、防护眼镜等。,正确,错误,,,A,,接口直采,1,2026/9/18 12:50:37
判断题,核磁超低温探头回暖时可以进行样品测试。,正确,错误,,,B,,接口直采,1,2026/9/18 12:50:16
判断题,核磁超低温系统所连接室外机的电压是220V。,正确,错误,,,B,,接口直采,1,2026/9/18 12:50:16
判断题,核磁磁体中有样品未取出时，可以放入其他样品。,正确,错误,,,B,,接口直采,1,2026/9/18 12:50:16
判断题,核衰变是原子核自发产生的变化，放射性衰变服从指数规律。,正确,错误,,,A,,接口直采,1,2026/9/18 12:50:16
判断题,恒温箱、电冰箱内存放互相抵触的物品以及燃点低的物质，应分开存放。,正确,错误,,,B,,接口直采,1,2026/9/18 12:50:32
判断题,衡量一种微生物致病性的标准是该微生物的毒力，而毒力的大小取决于微生物与宿主之间的关系。,正确,错误,,,A,,接口直采,1,2026/9/18 12:50:35
判断题,烘箱、微波炉、电磁炉、饮水加热器、灭菌锅等高热能电器设备的放置地点应远离易燃、易爆物品。同时，规范操作，避免饮水加热器、灭菌锅等无水干烧。,正确,错误,,,A,,接口直采,1,2026/9/18 12:50:38
判断题,烘箱（干燥箱）在加热时，门可以开启。,正确,错误,,,B,,接口直采,1,2026/9/18 12:50:38
判断题,红磷易被氧化，吸水生成偏磷酸，应存放在干燥器中。,正确,错误,,,A,,接口直采,1,2026/9/18 12:50:25
判断题,红外灯、紫外灯不得安装在木柜或纸箱中使用。,正确,错误,,,A,,接口直采,1,2026/9/18 12:50:38
判断题,呼吸道吸入是造成大部分实验室有毒物质侵入人体最主要途径。,正确,错误,,,A,,接口直采,1,2026/9/18 12:50:15
判断题,护送病人时，应取掉口中异物，采用平卧位，头部稍低，保持呼吸畅通。,正确,错误,,,A,,接口直采,1,2026/9/18 12:50:15
判断题,化学爆炸品的主要特点是:反应速度极快，放出大量的热，产生大量的气体，只有上述三者都同时具备的化学反应才能发生爆炸。,正确,错误,,,A,,接口直采,1,2026/9/18 12:50:32
判断题,化学反应中产生有毒气体时，应设置气体吸收装置并做好个人防护。,正确,错误,,,A,,接口直采,1,2026/9/18 12:50:28
判断题,化学废液要回收并集中存放，不可倒入下水道。,正确,错误,,,A,,接口直采,1,2026/9/18 12:50:20
判断题,化学废液要用适当的容器盛装存放、定点保存，不需要分类收集。,正确,错误,,,B,,接口直采,1,2026/9/18 12:50:20
判断题,化学类实验室原则上不得使用明火电炉。确须使用明火电炉进行实验的，须向实验室与设备处申报，经审核批准备案后，方可使用。,正确,错误,,,A,,接口直采,1,2026/9/18 12:50:25
判断题,化学泡沫灭火器可扑救一般油质品、油脂等的火灾，但不能扑救醇、酯、醚、酮等引起的火灾和带电设备的火灾。,正确,错误,,,A,,接口直采,1,2026/9/18 12:50:32
判断题,化学品场所安全警示标识，一般使用黑色符号加白色背景，方块边框为红色。,正确,错误,,,A,,接口直采,1,2026/9/18 12:50:25
判断题,化学品的闪点越低，燃爆危险性越小。,正确,错误,,,B,,接口直采,1,2026/9/18 12:50:32
判断题,化学品泄漏时，除受过特别训练的人员外，其他任何人员不得试图清除泄漏物。,正确,错误,,,A,,接口直采,1,2026/9/18 12:50:15
判断题,化学品尤其是危险化学品，不应存放在高架上，以免取用时容器坠下而发生意外。,正确,错误,,,A,,接口直采,1,2026/9/18 12:50:25
判断题,化学杀菌剂：用于杀死微生物的化学品或化学品的混合物。,正确,错误,,,A,,接口直采,1,2026/9/18 12:50:28
判断题,化学实验室内或者公共区域应该配备洗眼器、自动喷淋装置、药品急救箱。,正确,错误,,,A,,接口直采,1,2026/9/18 12:50:28
判断题,化学试剂和药品安全管理制度只用来约束做实验室的学生。,正确,错误,,,B,,接口直采,1,2026/9/18 12:50:25
判断题,化学试剂空瓶不可与生活垃圾桶一起堆放，也应同化学废液一起交专业部门统一处理。,正确,错误,,,A,,接口直采,1,2026/9/18 12:50:20
判断题,化学危险物品应当分类、分项存放，还原性试剂与氧化剂、酸与碱类腐蚀剂等不得混放，相互之间保持安全距离。,正确,错误,,,A,,接口直采,1,2026/9/18 12:50:25
判断题,化学物质的毒性水平用实验动物的半数致死量衡量，数值越大，表示毒性越强。,正确,错误,,,B,,接口直采,1,2026/9/18 12:50:25
判断题,环科院实验人员必须会报警、会使用灭火器材、会处理肇险事故、会逃生。,正确,错误,,,A,,接口直采,1,2026/9/18 12:50:32
判断题,环科院实验人员必须严格执行实验室安全操作规程，严禁使用明火电炉，严禁携带火源进入实验室。,正确,错误,,,A,,接口直采,1,2026/9/18 12:50:32
判断题,患流感、感冒、咳嗽、喷嚏、腹泻、头皮多者，以及有抓头、挖鼻、摸脸、搓皮肤等不良习惯者不得进入II级生物安全防护实验室。,正确,错误,,,A,,接口直采,1,2026/9/18 12:50:35
判断题,患有传染性疾病的人员可以从事实验动物工作。,正确,错误,,,B,,接口直采,1,2026/9/18 12:50:35
判断题,回收不便时可以将实验室废弃物掩埋处理。,正确,错误,,,B,,接口直采,1,2026/9/18 12:50:20
判断题,混合气体的为单一危险特性时，头色为单一颜色。,正确,错误,,,A,,接口直采,1,2026/9/18 12:50:23
判断题,混合气体的一般性即为不燃、不助燃、非氧化、无毒和惰性的泛称。混合气体的危险特性可以为单一，也可以是多种。,正确,错误,,,A,,接口直采,1,2026/9/18 12:50:23
判断题,混合气体气瓶的瓶阀保持金属本色或产品原涂敷的颜色，不进行涂色。,正确,错误,,,B,,接口直采,1,2026/9/18 12:50:23
判断题,混合气体气瓶的瓶色分为头色和体色。头色是指气瓶的头部所涂敷颜色。,正确,错误,,,A,,接口直采,1,2026/9/18 12:50:23
判断题,混合气体气瓶头部以外的部分为瓶体，瓶体所涂敷的颜色为体色。,正确,错误,,,A,,接口直采,1,2026/9/18 12:50:23
判断题,混合气体危险特性是两种时，按头部长度平分为上、下两部分，均涂敷一种颜色。,正确,错误,,,B,,接口直采,1,2026/9/18 12:50:23
判断题,豁免废物：是指这类放射性废物的比活度或比浓度低于清洁解控水平，且免受辐射防护监管控制的放射性废物。,正确,错误,,,A,,接口直采,1,2026/9/18 12:50:16
判断题,豁免废物放射性活度浓度高于清洁解控水平，免受辐射防护监管控制。,正确,错误,,,B,,接口直采,1,2026/9/18 12:50:16
判断题,火场扑救原则是先人后物、先重点后一般、先控制后消灭。,正确,错误,,,A,,接口直采,1,2026/9/18 12:50:32
判断题,火或热水等引起的大面积烧伤、烫伤，必须用湿毛巾、湿布、湿棉被覆盖，然后送医院进行处理。,正确,错误,,,A,,接口直采,1,2026/9/18 12:50:15
判断题,火或热水等引起的小面积烧伤、烫伤，必须用冷水冲洗30分钟以上，然后用烧伤膏涂抹，切不可用牙膏、酱油、盐等覆盖。,正确,错误,,,A,,接口直采,1,2026/9/18 12:50:15
判断题,火焰上灼热接种环产生的微生物气溶胶颗粒数量小于接种环接种平皿、试管或三角烧瓶。,正确,错误,,,A,,接口直采,1,2026/9/18 12:50:35
判断题,火灾按可燃物的类型和燃烧特性分为A、B、C、D四个类别。,正确,错误,,,B,,接口直采,1,2026/9/18 12:50:32
判断题,火灾对实验室构成的威胁最为严重，应加强对火灾三要素的控制，这三要素是指氧化剂、助燃物、易燃物。,正确,错误,,,B,,接口直采,1,2026/9/18 12:50:32
判断题,火灾对实验室构成的威胁最为严重，最为直接。应加强对火灾三要素（易燃物、助燃物、点火源）的控制。,正确,错误,,,A,,接口直采,1,2026/9/18 12:50:32
判断题,火灾发生后，穿过浓烟逃生时，必须尽量贴近地面，并用湿毛巾捂住口鼻。,正确,错误,,,A,,接口直采,1,2026/9/18 12:50:32
判断题,火灾发生后，当所有的逃生线路被大火封锁时，应立即退回室内，用手电筒、挥舞衣物、呼叫等方式向窗外发送求救信号，等待救援。,正确,错误,,,A,,接口直采,1,2026/9/18 12:50:32
判断题,火灾发生后，千万不要盲目跳楼，可利用疏散楼梯、阳台、窗口等逃生自救。也可用绳子或把床单、被套等撕成条状连成绳索，紧拴在窗框、铁栏杆等可靠的固定物上，用毛巾、布条等保护手心，顺绳滑下，或下到未着火的楼层进行逃生。,正确,错误,,,A,,接口直采,1,2026/9/18 12:50:32
判断题,火灾发生后，受到火势威胁时，要当机立断披上浸湿的衣物、被褥等向安全出口方向冲去。,正确,错误,,,A,,接口直采,1,2026/9/18 12:50:32
判断题,火灾扑灭后，发生火灾的单位应当立即清理现场，以最快速度复工，最大限度地降低火灾带来的损失。,正确,错误,,,B,,接口直采,1,2026/9/18 12:50:32
判断题,火灾事故主要追究直接操作人的相关责任。,正确,错误,,,B,,接口直采,1,2026/9/18 12:50:27
判断题,火灾是指在时间或空间上失去控制的燃烧。火灾从初起到熄灭可分为初期阶段、发展阶段、猛烈阶段和熄灭阶段。,正确,错误,,,A,,接口直采,1,2026/9/18 12:50:32
判断题,机床加工过程中出现异常或系统报警时，应立即停机并报告指导老师，待正常后方可继续操作。,正确,错误,,,A,,接口直采,1,2026/9/18 12:50:37
判断题,机床运行后，操作者不准离开机床，且要精神集中。,正确,错误,,,A,,接口直采,1,2026/9/18 12:50:37
判断题,机床运行时，不准用手触摸旋转的工件。,正确,错误,,,A,,接口直采,1,2026/9/18 12:50:37
判断题,机床运行中不准离开，且要精神集中。,正确,错误,,,A,,接口直采,1,2026/9/18 12:50:37
判断题,机床在运行中，可以更换主轴转速。,正确,错误,,,B,,接口直采,1,2026/9/18 12:50:37
判断题,机器仪表发生故障，或机器及动力装备等异常时，应该先关机，然后找有关人员前来检修，并设立警示牌。,正确,错误,,,A,,接口直采,1,2026/9/18 12:50:38
判断题,"机器仪表发生故障，或机器及动力装备等遇异状时，应该先关机，然后找有关人员前来检修,并设立警示牌。",正确,错误,,,A,,接口直采,1,2026/9/18 12:50:38
判断题,机械设备运转时，如需调整应先关停设备，严禁直接用手调整。,正确,错误,,,A,,接口直采,1,2026/9/18 12:50:37
判断题,机械设备在运行的过程中有杂音或发现运转不正常时，应立即关机并通知设备主管人。,正确,错误,,,A,,接口直采,1,2026/9/18 12:50:37
判断题,机械温控冰箱可以存放易燃易爆的化学品。,正确,错误,,,B,,接口直采,1,2026/9/18 12:50:21
判断题,基础生物实验教学实验室一般属于一级生物安全水平实验室。,正确,错误,,,A,,接口直采,1,2026/9/18 12:50:35
判断题,激光机床工作时，操作者可以直接用眼睛观察加工部位,正确,错误,,,B,,接口直采,1,2026/9/18 12:50:37
判断题,激光机床工作时，人的皮肤可以直接接触激光的光束。,正确,错误,,,B,,接口直采,1,2026/9/18 12:50:37
判断题,激光加工机床工作时，操作者必须佩戴防护眼镜。,正确,错误,,,A,,接口直采,1,2026/9/18 12:50:37
判断题,及时控制事故的危险源是事故应急处置的首要任务。,正确,错误,,,B,,接口直采,1,2026/9/18 12:50:15
判断题,及时淘汰老化、性能不稳又具有安全隐患的仪器设备（如冰箱10年以上，烘箱12年以上）。,正确,错误,,,A,,接口直采,1,2026/9/18 12:50:38
判断题,极低放废物：是指这类废物高于放射性的清洁解控水平，但并不需要高级别的限制和隔离，可以在近地表填埋场形式的设施中处置，对其进行有限监管控制。这种填埋场形式的设施可能还含有其他有害废物。其代表的废物包括低活度的土壤和碎石。,正确,错误,,,A,,接口直采,1,2026/9/18 12:50:16
判断题,极短寿命废物：是指可在一个长达几年的时间内存放衰变，最终达到监管机构批准的无须控制的处置、使用或排放要求，而无须再行监管控制的放射性废物。这类放射性废物所含有的主要为短半衰期核素。,正确,错误,,,A,,接口直采,1,2026/9/18 12:50:16
判断题,急救时伤口包扎松劲适度，不可过紧或过松，以防滑脱或压迫神经和血管，影响远端血液循环，甚至造成肢体坏死。,正确,错误,,,A,,接口直采,1,2026/9/18 12:50:15
判断题,急救时伤口包扎越紧越好。,正确,错误,,,B,,接口直采,1,2026/9/18 12:50:15
判断题,急性中毒发生时，救护人员在抢救前要做好自身呼吸系统和皮肤的防护，以免自身中毒、使事故扩大。,正确,错误,,,A,,接口直采,1,2026/9/18 12:50:15
判断题,几种剧毒废液如果性质不互相排斥，可以混放在一个容器中。,正确,错误,,,B,,接口直采,1,2026/9/18 12:50:20
判断题,计算机犯罪是行为人以计算机为工具或以计算机资产为犯罪对象实施的，依照我国刑法应受处罚的，具有社会危害性的行为。,正确,错误,,,A,,接口直采,1,2026/9/18 12:50:42
判断题,计算机使用完毕后，应将显示器的电源关闭，避免电源接通时产生瞬间冲击电流,正确,错误,,,A,,接口直采,1,2026/9/18 12:50:42
判断题,计算机信息系统的安全威胁同时来自内、外两个方面。,正确,错误,,,A,,接口直采,1,2026/9/18 12:50:42
判断题,剂量限值包括天然本底和医疗照射。,正确,错误,,,B,,接口直采,1,2026/9/18 12:50:16
判断题,剂量约束值应该高于剂量限值。,正确,错误,,,B,,接口直采,1,2026/9/18 12:50:16
判断题,加工工件时，可在加工过程中随时测量工件尺寸。,正确,错误,,,B,,接口直采,1,2026/9/18 12:50:37
判断题,加强对实验动物管理工作，防止人畜共患病和动物传染病的发生，是搞好生物安全管理工作的根本目标。,正确,错误,,,A,,接口直采,1,2026/9/18 12:50:35
判断题,加强对危险化学品的管理是有效预防和控制实验室危险化学品导致的突发事故的重要措施之一，是实验室安全管理的重要组成部分。,正确,错误,,,A,,接口直采,1,2026/9/18 12:50:25
判断题,加强计算机的安全管理，建立病毒防护系统并不断加以更新，重要的数据资料应定期进行备份。,正确,错误,,,A,,接口直采,1,2026/9/18 12:50:33
判断题,加热、回流易燃液体，为防止暴沸、喷溅，蒸馏中途不能添加沸石。,正确,错误,,,A,,接口直采,1,2026/9/18 12:50:21
判断题,加热、回流易燃液体时，为防止暴沸、喷溅，应添加适量沸石，如开始加热时发现忘加沸石，应先停止加热，待体系冷却后再加入沸石重新蒸馏；蒸馏瓶中有磁子进行搅拌可以同样起到沸石的作用。,正确,错误,,,A,,接口直采,1,2026/9/18 12:50:21
判断题,加热、生成气体的实验，一定小心不要使其成为封闭体系。,正确,错误,,,A,,接口直采,1,2026/9/18 12:50:21
判断题,加热溶液时，应加入沸石或进行搅拌，以避免爆沸。,正确,错误,,,A,,接口直采,1,2026/9/18 12:50:21
判断题,加热设备如需开机过夜，须先向管理人员报告，并做好必要的安全防范与应急处置措施。,正确,错误,,,A,,接口直采,1,2026/9/18 12:50:27
判断题,加热试管内物质时，管口应朝向自己，以便看清楚反应过程。,正确,错误,,,B,,接口直采,1,2026/9/18 12:50:21
判断题,加速器可以不安装安全联锁装置。（）,正确,错误,,,B,,接口直采,1,2026/9/18 12:50:16
判断题,加装合理的避雷器和避雷针等设施，并合理接地是最有效的防雷手段之一。,正确,错误,,,A,,接口直采,1,2026/9/18 12:50:18
判断题,甲醇、乙醇、醋酸等能被细菌分解的溶剂的废液，经大量水稀释后，可通过下水道排放。,正确,错误,,,A,,接口直采,1,2026/9/18 12:50:20
判断题,甲醇受热易聚合沉淀。,正确,错误,,,B,,接口直采,1,2026/9/18 12:50:25
判断题,甲级非密封源工作场所的安全管理参照II类放射源。,正确,错误,,,B,,接口直采,1,2026/9/18 12:50:16
判断题,甲醛在温度高于20℃的情况下，能够杀死微生物及其孢子和朊病毒。,正确,错误,,,B,,接口直采,1,2026/9/18 12:50:35
判断题,减容比是用浓集物体积除以原废液体积得出来的值。,正确,错误,,,B,,接口直采,1,2026/9/18 12:50:16
判断题,检查容器内液面高度时，应用实心塑料小棒或实心小木棒插入底部，过5～10秒后取出，结霜的长度即是液面高度。,正确,错误,,,A,,接口直采,1,2026/9/18 12:50:21
判断题,简单地以危险程度分类作为病原微生物风险评估参考，并不足以进行病原微生物的风险评估，在进行生物因子分类时还应充分考虑本国或本地区的各种影响因素和特殊因素。,正确,错误,,,A,,接口直采,1,2026/9/18 12:50:35
判断题,碱灼伤后应立即用大量水洗，再以1%-2%硼酸液洗，最后用水洗。,正确,错误,,,A,,接口直采,1,2026/9/18 12:50:15
判断题,碱灼伤时，必须先用大量流水冲洗至皂样物质消失，然后可用1%～2%醋酸或3%硼酸溶液进一步冲洗。,正确,错误,,,A,,接口直采,1,2026/9/18 12:50:15
判断题,建立健全安全管理规章制度，完善逐级安全责任制，贯彻执行“谁使用，谁管理”、“谁主管，谁负责”的安全工作原则。,正确,错误,,,A,,接口直采,1,2026/9/18 12:50:27
判断题,建立事故应急预案是抵御风险或控制灾害蔓延的手段。,正确,错误,,,A,,接口直采,1,2026/9/18 12:50:15
判断题,建筑物发生火灾时，乘坐电梯疏散即快速又安全省力。,正确,错误,,,B,,接口直采,1,2026/9/18 12:50:32
判断题,建筑物发生火灾时，乘坐电梯疏散既快速又安全省力。,正确,错误,,,B,,接口直采,1,2026/9/18 12:50:32
判断题,溅入口中已下咽的毒物，应根据毒物的性质服解毒剂，并立即送医院。,正确,错误,,,A,,接口直采,1,2026/9/18 12:50:15
判断题,溅入口中已下咽的强碱，先饮用大量水，再服用乙酸果汁，鸡蛋清。,正确,错误,,,A,,接口直采,1,2026/9/18 12:50:15
判断题,溅入口中已下咽的强酸，先饮用大量水，再服用氢氧化铝膏，鸡蛋清。,正确,错误,,,A,,接口直采,1,2026/9/18 12:50:15
判断题,将醇液直接加入到室温以下的硫酸-硝酸的混酸中不会引起爆炸，而加入到未冷却的硫酸-硝酸的混酸中会引起爆炸。,正确,错误,,,B,,接口直采,1,2026/9/18 12:50:25
判断题,将实验室危险废物收集后等待回收即可，不需标注各类危险废物的主要成分。,正确,错误,,,B,,接口直采,1,2026/9/18 12:50:20
判断题,将氧气排放到大气中时，要确认在其附近不会引起火灾等危险后，才可排放。,正确,错误,,,A,,接口直采,1,2026/9/18 12:50:23
判断题,浇注期间，其他同学不用让开通道，或可站在身旁观看。,正确,错误,,,B,,接口直采,1,2026/9/18 12:50:37
判断题,较小的工具物料等在带入中心洁净室前，应擦拭干净，并在缓冲区放置半小时后，从缓冲区风淋室带入。,正确,错误,,,A,,接口直采,1,2026/9/18 12:50:40
判断题,教师应学习研究有关实验室安全的知识，同时在理论教学和实验中对学生进行安全知识教育、教会学生如何正确使用实验设备和实验操作，教会学生在突发事故发生时如何自我保护、相互救援、安全撤离。,正确,错误,,,A,,接口直采,1,2026/9/18 12:50:27
判断题,教学实验设备的安置应该遵循安全与方便使用的原则，通常高值的贵重设备应该单独放置并专人管理，依据功能设立专门的仪器室；低值的常用设备可以按照教学科目安置，方便使用与管理。,正确,错误,,,A,,接口直采,1,2026/9/18 12:50:38
判断题,教学实验室实验台间距应高于科研实验室1.2米的要求，要设计为1.5米及以上的高度。,正确,错误,,,A,,接口直采,1,2026/9/18 12:50:27
判断题,接触化学危险品、剧毒以及致病微生物等的仪器设备和器皿，必须有明确醒目的标记。使用后及时清洁，特别是维修保养或移至到其他场地前，必须进行彻底的净化。,正确,错误,,,A,,接口直采,1,2026/9/18 12:50:28
判断题,接收气瓶时，应用肥皂水试验阀门有无漏气，如果漏气，不得接受该气瓶。,正确,错误,,,A,,接口直采,1,2026/9/18 12:50:23
判断题,接收气瓶时须明确其颜色和标签，并且无漏气现象。,正确,错误,,,A,,接口直采,1,2026/9/18 12:50:23
判断题,接线时，要用合格的电源线，电源插头、插座。电源线接头要用绝缘胶布包好。,正确,错误,,,A,,接口直采,1,2026/9/18 12:50:37
判断题,洁净度级别参照标准美国联邦标准209D，是以每立方英尺中大于等于0.5μm的悬浮粒子数来划分的。,正确,错误,,,A,,接口直采,1,2026/9/18 12:50:40
判断题,洁净工作台属于II型生物安全柜。,正确,错误,,,B,,接口直采,1,2026/9/18 12:50:35
判断题,结核分枝杆菌、高致病性禽流感病毒、圣路易斯脑炎病毒、Q热立克次体是属于BSL-3防护水平的微生物的代表。,正确,错误,,,A,,接口直采,1,2026/9/18 12:50:35
判断题,金属锂、钠、钾及金属氢化物要注意使用和保存，尤其不能与水直接接触。,正确,错误,,,A,,接口直采,1,2026/9/18 12:50:25
判断题,金属钠、钾可存放在水中，以避免与空气接触自燃。,正确,错误,,,B,,接口直采,1,2026/9/18 12:50:25
判断题,金属钠、钾可以存放在水中，以避免与空气接触。,正确,错误,,,B,,接口直采,1,2026/9/18 12:50:25
判断题,仅具有腐蚀性、易燃性、反应性中一种或一种以上危险特性的危险废物与其他物质混合后，混合的固体废物经鉴别不再具有危险特性的，不属于危险废物。,正确,错误,,,A,,接口直采,1,2026/9/18 12:50:20
判断题,紧急喷淋洗眼装置也可用于生活洗澡、洗脸。,正确,错误,,,B,,接口直采,1,2026/9/18 12:50:28
判断题,进出由专人管理的设备房间或实验室，可以自己配制一把钥匙，以方便使用。,正确,错误,,,B,,接口直采,1,2026/9/18 12:50:27
判断题,进检疫隔离设施的物品需消毒灭菌，但出检疫隔离设施则不需消毒灭菌。,正确,错误,,,B,,接口直采,1,2026/9/18 12:50:35
判断题,进入化学、化工、生物、医学类实验室，可以不穿实验服。,正确,错误,,,B,,接口直采,1,2026/9/18 12:50:28
判断题,进入实验室工作，要严格遵守实验室各项规章制度和仪器设备操作规程。,正确,错误,,,A,,接口直采,1,2026/9/18 12:50:27
判断题,进入实验室后若发现未供电，实验人可自行对实验室配电箱内电源进行合闸操作,正确,错误,,,B,,接口直采,1,2026/9/18 12:50:42
判断题,进入同位素实验室之前和实验结束后应及时用同位素探测仪检查污染状况。,正确,错误,,,A,,接口直采,1,2026/9/18 12:50:16
判断题,进入泄漏现场进行处理时，应注意安全防护，进入现场救援人员必须配备必要的个人防护器具。,正确,错误,,,A,,接口直采,1,2026/9/18 12:50:15
判断题,进入II级生物安全防护实验室屏障系统，不得散发、留指甲、喷香水。,正确,错误,,,A,,接口直采,1,2026/9/18 12:50:35
判断题,"进行电气维修必须先关掉电源,在设置告知牌后，方可进行。",正确,错误,,,A,,接口直采,1,2026/9/18 12:50:37
判断题,进行发动机实验时，对旋转的紧固件应设置安全防护装置，以防止松动脱出。,正确,错误,,,A,,接口直采,1,2026/9/18 12:50:37
判断题,进行感染实验的动物排除体外寄生虫是必需的。,正确,错误,,,A,,接口直采,1,2026/9/18 12:50:35
判断题,进行高、低温操作时必须佩戴防护手套。,正确,错误,,,A,,接口直采,1,2026/9/18 12:50:28
判断题,进行高电压实验时，实验人员必须在2人以上。,正确,错误,,,A,,接口直采,1,2026/9/18 12:50:37
判断题,进行化学类实验，应带防护镜。,正确,错误,,,A,,接口直采,1,2026/9/18 12:50:28
判断题,进行可直接或意外接触到血液、体液以及其他具有潜在感染性材料或感染性动物的操作时，应戴上合适的手套。,正确,错误,,,A,,接口直采,1,2026/9/18 12:50:35
判断题,进行人工呼吸前，应先清除患者口腔内的痰、血块和其他杂物等，以保证呼吸道通畅。,正确,错误,,,A,,接口直采,1,2026/9/18 12:50:15
判断题,进行手工锻造时思想要集中，握钳者必须夹牢和放稳工件，并控制锤击方向。,正确,错误,,,A,,接口直采,1,2026/9/18 12:50:37
判断题,进行微生物危险度评估最有用的工具就是列出微生物的危险度等级，所以对于一个特定的微生物来讲，在进行危险度评估时参考其危险度等级即可。,正确,错误,,,B,,接口直采,1,2026/9/18 12:50:35
判断题,进行胸外心脏按压时，按压深度不能超过2cm，否则会造成伤者肋骨骨折。,正确,错误,,,B,,接口直采,1,2026/9/18 12:50:15
判断题,进行需要戴防护眼镜的实验时，戴隐形眼镜的近视者可不戴防护眼镜。,正确,错误,,,B,,接口直采,1,2026/9/18 12:50:28
判断题,进行有机合成时，加热或放热反应不能在密闭的容器中进行。,正确,错误,,,A,,接口直采,1,2026/9/18 12:50:21
判断题,禁止戴手套操作旋转类机械设备。,正确,错误,,,A,,接口直采,1,2026/9/18 12:50:37
判断题,禁止使用活动脚本可以防范IE执行本地任意程序。,正确,错误,,,A,,接口直采,1,2026/9/18 12:50:42
判断题,禁止往水槽内倒入杂物和强酸、强碱及有毒的有机溶剂。,正确,错误,,,A,,接口直采,1,2026/9/18 12:50:20
判断题,禁止无许可证或者不按照许可证规定的种类和范围从事放射性同位素和射线装置的生产、销售、使用的活动。,正确,错误,,,A,,接口直采,1,2026/9/18 12:50:16
判断题,禁止油脂物质与易燃或助燃气体相接触，这是预防爆炸事故的重要安全措施。,正确,错误,,,A,,接口直采,1,2026/9/18 12:50:28
判断题,禁止在生物安全实验室中穿皮制或合成材料的不渗液体的鞋。推荐建议使用凉鞋、拖鞋、露趾鞋和机织物鞋面的鞋，以及防水、防滑的一次性或橡胶靴子足部防护装置。,正确,错误,,,B,,接口直采,1,2026/9/18 12:50:28
判断题,禁止在实验室工作区存放可能导致阻碍和绊倒危险的大量一次性材料。,正确,错误,,,A,,接口直采,1,2026/9/18 12:50:27
判断题,禁止在实验室中穿短袖衬衫、短裤或裙装。,正确,错误,,,A,,接口直采,1,2026/9/18 12:50:28
判断题,禁止在易制爆危险化学品库存放其他危险物品、杂物。,正确,错误,,,A,,接口直采,1,2026/9/18 12:50:25
判断题,经过减害处理并符合大气污染排放的废气可以排放到空气中。,正确,错误,,,A,,接口直采,1,2026/9/18 12:50:20
判断题,经过相关安全教育但暂时未取得合格成绩者可以先进入教学实验室开展学习和工作。,正确,错误,,,B,,接口直采,1,2026/9/18 12:50:27
判断题,精密仪器：指用以产生、测量精密量的仪器和装置，包括对精密量的观察、监视、测定、验证、记录、传输、变换、显示、分析处理与控制。,正确,错误,,,A,,接口直采,1,2026/9/18 12:50:38
判断题,精神药品：指直接作用于中枢神经系统，使之兴奋或抑制，连续使用能产生依赖性的药品。,正确,错误,,,A,,接口直采,1,2026/9/18 12:50:25
判断题,净化系数是用净化后废液的比活度除以原废液的比活度得出来的值。,正确,错误,,,B,,接口直采,1,2026/9/18 12:50:16
判断题,久藏的乙醚使用前应该除去其中可能存在的过氧化物，不能马上使用。,正确,错误,,,A,,接口直采,1,2026/9/18 12:50:25
判断题,久藏的乙醚因可能存在过氧化物，为了爆炸，在蒸发时必须有人值守，不能完全蒸干。,正确,错误,,,A,,接口直采,1,2026/9/18 12:50:25
判断题,酒精灯不再使用时，应立刻用嘴吹气灭火。,正确,错误,,,B,,接口直采,1,2026/9/18 12:50:21
判断题,酒精灯可以在通风橱内使用，实验人员短暂离开可不熄灭。,正确,错误,,,B,,接口直采,1,2026/9/18 12:50:21
判断题,酒精灯内的酒精量最多可加九分满。,正确,错误,,,B,,接口直采,1,2026/9/18 12:50:21
判断题,酒精灯内的酒精量最多可加至容器的三分之二。,正确,错误,,,A,,接口直采,1,2026/9/18 12:50:21
判断题,救护人员在抢救中毒者时要做好自身的防护，以免自身中毒，使事故扩大。,正确,错误,,,A,,接口直采,1,2026/9/18 12:50:15
判断题,举升机举升货物完成后，操作者应立即将举升机压力卸载，机械机构复位，并禁止在举升机上存放货物。,正确,错误,,,A,,接口直采,1,2026/9/18 12:50:37
判断题,具有毒性、感染性中一种或两种危险特性的危险废物与其他物质混合后，导致危险特性扩散到其他物质中，混合后的废物属于危险废物。,正确,错误,,,A,,接口直采,1,2026/9/18 12:50:20
判断题,具有感染性风险的生物样品、菌（毒）株、实验动物与临床样本等必须通过正规途径从具备资质的单位获得，实验室负责人应当指定专人管理，其存放、保管、领取、使用、处置均应遵循相关安全流程并保留台账记录。,正确,错误,,,A,,接口直采,1,2026/9/18 12:50:35
判断题,具有高挥发性、低闪点的剧毒品应存放在具有防爆功能的冰箱内，并配备双锁。,正确,错误,,,A,,接口直采,1,2026/9/18 12:50:25
判断题,具有政治目的的黑客只对政府的网络与信息资源造成危害。,正确,错误,,,B,,接口直采,1,2026/9/18 12:50:42
判断题,剧毒、易制毒、易制爆、易爆、麻醉药品与精神类药品等购买前必须经学校审批，报公安机关或相关部门批准或备案后，向具有经营许可资质的单位购买，不得私自从外单位获取管控化学品。,正确,错误,,,A,,接口直采,1,2026/9/18 12:50:25
判断题,剧毒化学废液可与其他废液混合后回收处理。,正确,错误,,,B,,接口直采,1,2026/9/18 12:50:20
判断题,剧毒化学品、易制爆危险化学品购买困难，其他实验室有不使用的剧毒化学品、易制爆危险化学品可以调剂使用。,正确,错误,,,B,,接口直采,1,2026/9/18 12:50:25
判断题,剧毒化学品：具有剧烈急性毒性危害的化学品，包括人工合成的化学品及其混合物和天然毒素，还包括具有急性毒性易造成公共安全危害的化学品。,正确,错误,,,A,,接口直采,1,2026/9/18 12:50:25
判断题,剧毒化学品入库前须以瓶（桶、袋）为单位建立唯一性编号。,正确,错误,,,A,,接口直采,1,2026/9/18 12:50:25
判断题,剧毒化学试剂可以放在实验室慢慢使用，所有实验结束确定不用后再退回库房。,正确,错误,,,B,,接口直采,1,2026/9/18 12:50:25
判断题,剧毒品管理应严格遵守“五双” 制度(即“双人保管、双人收发、双人使用、双人运输、双人双锁”)，精确计量和记录剧毒品的使用情况，防止被盗、丢失、误领、误用。如发现问题应立即报告保卫处、实验室与设备管理处和当地公安部门。,正确,错误,,,A,,接口直采,1,2026/9/18 12:50:25
判断题,剧毒品在取出实验使用量后可以不立即存入保险柜。,正确,错误,,,B,,接口直采,1,2026/9/18 12:50:25
判断题,剧毒物品管理应严格遵守“五双”制度，即“双人保管、双人收发、双人使用、双人运输、双人双锁”，精确计量和记录剧毒物品的使用情况，防止被盗、丢失、误领、误用。如发现问题应立即报告本单位保卫处和实验室技术安全管理部门，以及当地政府公安部门。,正确,错误,,,A,,接口直采,1,2026/9/18 12:50:25
判断题,据统计，火灾中死亡的人有80%以上属于烟气窒息致死。,正确,错误,,,A,,接口直采,1,2026/9/18 12:50:32
判断题,绝缘材料受潮后会丧失绝缘性能或在强电场作用下遭到破坏，丧失绝缘性能。,正确,错误,,,A,,接口直采,1,2026/9/18 12:50:37
判断题,开放型操作的同位素实验室进行日常地面、桌面清洁时必须采用湿式操作或湿式打扫卫生方式，禁止使用扫帚、吸尘器等会造成扬尘的设备。,正确,错误,,,A,,接口直采,1,2026/9/18 12:50:16
判断题,开启氨水、浓盐酸瓶应该在通风橱内进行。,正确,错误,,,A,,接口直采,1,2026/9/18 12:50:28
判断题,开启车床前，不用检查车床各手柄是否处于正常位置。,正确,错误,,,B,,接口直采,1,2026/9/18 12:50:37
判断题,开启车床前，应检查润滑油是否符合运行要求。,正确,错误,,,A,,接口直采,1,2026/9/18 12:50:37
判断题,开启具有刺激性化学品的容器时，应特别小心，在通风橱内进行。,正确,错误,,,A,,接口直采,1,2026/9/18 12:50:25
判断题,开展动物实验应遵循3R（替代、减少与优化）原则，符合实验动物的福利伦理要求，并接受实验动物福利伦理的审查。,正确,错误,,,A,,接口直采,1,2026/9/18 12:50:35
判断题,开展任何动物实验前，必须递交《实验动物使用计划》，并且获得批准。,正确,错误,,,A,,接口直采,1,2026/9/18 12:50:35
判断题,抗菌剂：不能够杀死微生物，只能抑制它们生长和繁殖的制剂。,正确,错误,,,A,,接口直采,1,2026/9/18 12:50:28
判断题,抗菌剂不能够杀死微生物，只能抑制它们生长和繁殖。,正确,错误,,,A,,接口直采,1,2026/9/18 12:50:35
判断题,可互相发生作用的药品不能混放，必须隔离存放。易燃物、易爆物及强氧化剂只能少量存放。,正确,错误,,,A,,接口直采,1,2026/9/18 12:50:25
判断题,可见光能复活生物体中的光复活酶，使微生物DNA形成的嘧啶二聚体拆开复原。所以采用紫外光灭菌时，不能同时开启日光灯和紫外灯。,正确,错误,,,A,,接口直采,1,2026/9/18 12:50:35
判断题,可将食物储藏在实验室的冰箱或冷柜内。,正确,错误,,,B,,接口直采,1,2026/9/18 12:50:21
判断题,可燃的放射性固体废物在焚烧后，其中的放射性核素大部分集中在残留的灰分中，所以炉底的灰必须小心收集，再进行固化处理；其烟气经过净化，要除去其中的放射性成分。,正确,错误,,,A,,接口直采,1,2026/9/18 12:50:16
判断题,可燃的和不可燃的放射性固体废物都可以用压缩方法减容，减容的效果取决于使用的压力而不是废物的形状。,正确,错误,,,B,,接口直采,1,2026/9/18 12:50:16
判断题,可燃气体泄漏时，严禁开关电器设备，如手机、对讲机、手电筒等。,正确,错误,,,A,,接口直采,1,2026/9/18 12:50:15
判断题,可燃性气体和助燃气体的气瓶不得靠近明火，离热源很近时应做好个人防护。,正确,错误,,,B,,接口直采,1,2026/9/18 12:50:23
判断题,可燃性气体和助燃气体或高温高压、带电设备混放时应有明显的标识。,正确,错误,,,B,,接口直采,1,2026/9/18 12:50:23
判断题,可视情况将实验室危险废物与生活垃圾混装或丢弃。,正确,错误,,,B,,接口直采,1,2026/9/18 12:50:20
判断题,可以将氯气与氨气混放在一个房间。,正确,错误,,,B,,接口直采,1,2026/9/18 12:50:23
判断题,可以将门禁卡借给他人使用。,正确,错误,,,B,,接口直采,1,2026/9/18 12:50:40
判断题,可以将氢气与氧气混放在一个房间。,正确,错误,,,B,,接口直采,1,2026/9/18 12:50:23
判断题,可以将无毒无害试剂当作有毒有害试剂处理。,正确,错误,,,B,,接口直采,1,2026/9/18 12:50:25
判断题,可以将乙炔与氧气混放在一个房间。,正确,错误,,,B,,接口直采,1,2026/9/18 12:50:23
判断题,可以使用明火（如：电炉、煤气）或没有控温装置的加热设备直接加热有机溶剂，进行重结晶或溶液浓缩操作。,正确,错误,,,B,,接口直采,1,2026/9/18 12:50:21
判断题,可以使用明火在敞口容器当中加热有机溶剂。,正确,错误,,,B,,接口直采,1,2026/9/18 12:50:21
判断题,可以通过快递收发危险化学品。,正确,错误,,,B,,接口直采,1,2026/9/18 12:50:25
判断题,可以用玻璃器皿长期存放氢氧化钠药品。,正确,错误,,,B,,接口直采,1,2026/9/18 12:50:21
判断题,可以用潮湿的手碰开关、电线和电器。,正确,错误,,,B,,接口直采,1,2026/9/18 12:50:37
判断题,可以用烘箱干燥有爆炸危险性的物质。,正确,错误,,,B,,接口直采,1,2026/9/18 12:50:38
判断题,可以用普通的冰箱储藏易燃易爆的试剂。,正确,错误,,,B,,接口直采,1,2026/9/18 12:50:25
判断题,可以用手触摸放射源表面。,正确,错误,,,B,,接口直采,1,2026/9/18 12:50:16
判断题,可以用手拿工件进行磨削。,正确,错误,,,B,,接口直采,1,2026/9/18 12:50:37
判断题,可以用塑料瓶盛装有机试剂。,正确,错误,,,B,,接口直采,1,2026/9/18 12:50:25
判断题,可以用眼睛近距离直观放射源。,正确,错误,,,B,,接口直采,1,2026/9/18 12:50:16
判断题,可以用一般的淋浴喷头代替洗眼器。,正确,错误,,,B,,接口直采,1,2026/9/18 12:50:27
判断题,可以在敞口容器中存放易爆物质。,正确,错误,,,B,,接口直采,1,2026/9/18 12:50:25
判断题,可以在粉尘操作区饮食及吸烟。,正确,错误,,,B,,接口直采,1,2026/9/18 12:50:25
判断题,可以在酒精灯点燃的状态下小心添加乙醇。,正确,错误,,,B,,接口直采,1,2026/9/18 12:50:21
判断题,可以在开启的紫外灯下工作。,正确,错误,,,B,,接口直采,1,2026/9/18 12:50:21
判断题,可以在木质或塑料等实验台上直接使用加热电炉。,正确,错误,,,B,,接口直采,1,2026/9/18 12:50:38
判断题,可以在设备散热口放置不用的纸箱、试剂瓶等物品。,正确,错误,,,B,,接口直采,1,2026/9/18 12:50:18
判断题,可以在纸上称量过氧化钠。,正确,错误,,,B,,接口直采,1,2026/9/18 12:50:21
判断题,可以直接购买在网上搜索到的精神麻醉品。,正确,错误,,,B,,接口直采,1,2026/9/18 12:50:25
判断题,可以酌情在烘箱、冰箱等加热、产热设备附近放置纸板、化学试剂、气体钢瓶等物品。,正确,错误,,,B,,接口直采,1,2026/9/18 12:50:38
判断题,可以自行处理气瓶内的残液。,正确,错误,,,B,,接口直采,1,2026/9/18 12:50:23
判断题,可用烧杯长期盛放化学药品。,正确,错误,,,B,,接口直采,1,2026/9/18 12:50:21
判断题,可直接在有压力或密封容器的本体上进行焊割。,正确,错误,,,B,,接口直采,1,2026/9/18 12:50:37
判断题,空调电源必须单独拉线，不得使用接线板。,正确,错误,,,A,,接口直采,1,2026/9/18 12:50:37
判断题,空瓶如需回收，应经过清洗，确保无残留。,正确,错误,,,A,,接口直采,1,2026/9/18 12:50:20
判断题,枯草芽孢杆菌、犬传染性肺炎病毒和免疫生物是属于BSL-2防护水平的微生物的代表。,正确,错误,,,B,,接口直采,1,2026/9/18 12:50:35
判断题,快速溶剂萃取仪可使用工业级溶剂。,正确,错误,,,B,,接口直采,1,2026/9/18 12:50:38
判断题,狂犬病病毒是小鼠、大鼠和兔这3种常用实验动物必需的病毒检测项目。,正确,错误,,,B,,接口直采,1,2026/9/18 12:50:35
判断题,雷电发生时，如果作业人员孤立处于暴露区时，应该立即双手抱膝下蹲，向前弯曲。,正确,错误,,,A,,接口直采,1,2026/9/18 12:50:18
判断题,冷凝法常用于无机废气的回收处理。,正确,错误,,,B,,接口直采,1,2026/9/18 12:50:20
判断题,"冷凝冷却系统上连接用的橡胶管必须定期检查更换,避免管子老化而引起漏水事故的发生。",正确,错误,,,A,,接口直采,1,2026/9/18 12:50:21
判断题,冷却灭火法是将可燃物冷却到其燃点以下，停止燃烧反应。,正确,错误,,,A,,接口直采,1,2026/9/18 12:50:32
判断题,冷却灭火法指将灭火剂直接喷射到燃烧的物体上，以降低燃烧的温度于燃点之下，使燃烧停止。,正确,错误,,,A,,接口直采,1,2026/9/18 12:50:32
判断题,冷却灭火法指将灭火剂直接喷射到燃烧的物体上，以降低燃烧的温度至燃点之下，使燃烧停止。,正确,错误,,,A,,接口直采,1,2026/9/18 12:50:32
判断题,离开实验室时，实验服不得穿着外出，必须脱下并留在实验室内，更不能携带回家。,正确,错误,,,A,,接口直采,1,2026/9/18 12:50:28
判断题,李某一日收到一号码尾号为95588的手机短信，提醒自己网银到期，请点击附加网站进行更新，李某知道95588为工行服务电话，便按照提示进行操作。这样的做法对不对?,正确,错误,,,B,,接口直采,1,2026/9/18 12:50:42
判断题,李某在网上看到一个贷款公司，在没任何正规手续的情况下被对方以收取保证金为由骗取人民币3000元，并继续催促李某打钱给对方，李某边与其周旋，边迅速到公安机关报案。这样的做法对不对? ( ),正确,错误,,,A,,接口直采,1,2026/9/18 12:50:42
判断题,利用活性炭等具有吸附能力的吸附剂可吸附废气、废水中的污染物。,正确,错误,,,A,,接口直采,1,2026/9/18 12:50:20
判断题,连接电气设备的开关需安装在火线上。,正确,错误,,,A,,接口直采,1,2026/9/18 12:50:37
判断题,连接在插线板上的用电器总功率不能超过插线板的最大负荷。,正确,错误,,,A,,接口直采,1,2026/9/18 12:50:37
判断题,两个可移动液氮罐之间，只需将管子接口拧紧，就可以进行液氮的充装。,正确,错误,,,B,,接口直采,1,2026/9/18 12:50:23
判断题,两静电导体之间产生放电一般为火花放电。,正确,错误,,,A,,接口直采,1,2026/9/18 12:50:37
判断题,量筒可以直接盛装热溶液，也可以加热使用。,正确,错误,,,B,,接口直采,1,2026/9/18 12:50:21
判断题,列入《国家危险废物名录》的固体废物，属于危险废物，不需要进行危险特性鉴别。,正确,错误,,,A,,接口直采,1,2026/9/18 12:50:20
判断题,列入《危险化学品目录》的化学品废弃后属于危险废物。,正确,错误,,,A,,接口直采,1,2026/9/18 12:50:20
判断题,列入年度采购计划或实际需要量超过采购计划的危险化学品，可随时追加采购手续。,正确,错误,,,B,,接口直采,1,2026/9/18 12:50:25
判断题,磷、钠、金属氢化物，在空气中易氧化自燃。,正确,错误,,,A,,接口直采,1,2026/9/18 12:50:25
判断题,磷化物（Ca3P2、Zn3P2等）有毒，遇水生成H3P，其在空气中能自燃。,正确,错误,,,A,,接口直采,1,2026/9/18 12:50:25
判断题,磷化物(Ca3P2、Zn3P2等）遇水生成有毒的H3P，在空气中能自燃。,正确,错误,,,A,,接口直采,1,2026/9/18 12:50:25
判断题,磷在空气中不易氧化自燃。,正确,错误,,,B,,接口直采,1,2026/9/18 12:50:25
判断题,领出后未使用完的危险化学品，不用归还，进行相应处置。,正确,错误,,,B,,接口直采,1,2026/9/18 12:50:25
判断题,领取剧毒物品时，需双人领用(其中一人必须是实验室的教师)。,正确,错误,,,A,,接口直采,1,2026/9/18 12:50:25
判断题,漏洞是指任何可以造成破坏系统或信息的弱点。,正确,错误,,,A,,接口直采,1,2026/9/18 12:50:42
判断题,铝制金质气瓶、不锈钢气瓶盛装混合气体，需涂敷体色。,正确,错误,,,A,,接口直采,1,2026/9/18 12:50:23
判断题,氯气急性中毒可引起中、重度昏迷，支气管哮喘，严重窒息等症状，并会出现严重并发症，如气胸、纵隔气肿等，因此要特别注意在使用氯气时定期检查是否有漏气情况，在氯气使用范围1m以内设置危险气体浓度监测仪和报警装置。,正确,错误,,,A,,接口直采,1,2026/9/18 12:50:25
判断题,落砂和清理铸件时必须带防护手套。,正确,错误,,,A,,接口直采,1,2026/9/18 12:50:37
判断题,麻疹病毒可以感染人类和狗，而犬瘟热病毒可以感染人类和犬，但非洲猪瘟病毒只感染猪而不感染人类。,正确,错误,,,B,,接口直采,1,2026/9/18 12:50:35
判断题,麻醉药品：指能使感觉消失，特别是痛觉消失，以利于手术的药物。,正确,错误,,,A,,接口直采,1,2026/9/18 12:50:25
判断题,满瓶与空瓶应分开存放及张贴合格标贴，满瓶存放时应按照“先存放先使用”的原则。,正确,错误,,,A,,接口直采,1,2026/9/18 12:50:23
判断题,猫污染后的饲料、饮水不可以用于人，但可以继续用于实验动物。,正确,错误,,,B,,接口直采,1,2026/9/18 12:50:35
判断题,没有标签标明规格和名称的试剂，在未查明前不能随便使用。,正确,错误,,,A,,接口直采,1,2026/9/18 12:50:25
判断题,每间实验室内存放氧气和可燃气体不超过3瓶，附近应配备防毒用具和灭火器。,正确,错误,,,B,,接口直采,1,2026/9/18 12:50:23
判断题,每天下班前，实验室工作人员应检查实验室门、窗是否关好，机电设备、通风设备、饮水设施等是否已切断电源。,正确,错误,,,A,,接口直采,1,2026/9/18 12:50:27
判断题,每一台（套）试制设备都需要根据设备本身的设计要求来维护保养。,正确,错误,,,A,,接口直采,1,2026/9/18 12:50:38
判断题,密码保管不善属于操作失误的安全隐患。,正确,错误,,,B,,接口直采,1,2026/9/18 12:50:42
判断题,灭火的四种方法是隔离法、窒息法、冷却法、化学抑制法。,正确,错误,,,A,,接口直采,1,2026/9/18 12:50:32
判断题,灭火器：一种可由人力移动的轻便灭火器具，它能在其内部压力的作用下，将所充装的灭火剂喷出，用来扑救火灾，根据使用方式可分为手提式和车推式，根据内部充装的灭火剂分为泡沫、干粉、挥发液体、二氧化碳、酸碱、清水等不同种类。,正确,错误,,,A,,接口直采,1,2026/9/18 12:50:32
判断题,灭火器按其移动形式可分为：手提式和推车式。,正确,错误,,,A,,接口直采,1,2026/9/18 12:50:32
判断题,灭火器材设置点附近不能堆放物品，以免影响灭火器的取用。,正确,错误,,,A,,接口直采,1,2026/9/18 12:50:32
判断题,灭火器材设置点附近堆放物品不易过多。,正确,错误,,,B,,接口直采,1,2026/9/18 12:50:32
判断题,灭火器的操作程序：取出灭火器，带到火灾现场，拔掉保险销，一手握压把，一手握喷管，对准火苗外焰喷射（注意人站在上风方向）。,正确,错误,,,B,,接口直采,1,2026/9/18 12:50:32
判断题,灭火器经检验就可以长时间使用了，无须定期更换。,正确,错误,,,B,,接口直采,1,2026/9/18 12:50:32
判断题,灭火器应定期进行检验。,正确,错误,,,A,,接口直采,1,2026/9/18 12:50:32
判断题,灭火沙主要用于油性有机溶剂和金属的燃烧。,正确,错误,,,A,,接口直采,1,2026/9/18 12:50:32
判断题,灭火时，从火的周围开始向中心扑灭。,正确,错误,,,A,,接口直采,1,2026/9/18 12:50:32
判断题,灭菌：破坏或除去所有微生物及其孢子的过程。,正确,错误,,,A,,接口直采,1,2026/9/18 12:50:28
判断题,灭菌是指用物理或化学方法杀死物体上的所有微生物及其孢子。,正确,错误,,,A,,接口直采,1,2026/9/18 12:50:35
判断题,磨床开车后应站在砂轮侧面，砂轮和工件应平稳地接触，使磨削量逐渐加大，不准骤然加大进给量。,正确,错误,,,A,,接口直采,1,2026/9/18 12:50:37
判断题,磨床开车前应先检查各操作手柄是否已退到空档位置上，然后空车运转，并注意各润滑部位是否有油，空转数分钟，确认机床情况正常再进行工作。,正确,错误,,,A,,接口直采,1,2026/9/18 12:50:37
判断题,磨床启动后，操作者应站在砂轮侧面，并且砂轮和工件应平稳地接触，使磨削量逐渐加大，不准骤然加大进给量。,正确,错误,,,A,,接口直采,1,2026/9/18 12:50:37
判断题,墨菲定理的内容是：“如果有两种或以上选择，其中一种将导致灾难，那么必定有人会做出这种选择”。其引申含义即只要存在发生事故的原因，事故就一定会发生，而且不管其可能性有多么小，但总会发生，并造成最大可能的损失。,正确,错误,,,A,,接口直采,1,2026/9/18 12:50:27
判断题,某人因机械操作不慎，致使左手食指从指根完全离断，急救处理首先是找器皿保存断指，然后包扎残端伤口止血。,正确,错误,,,B,,接口直采,1,2026/9/18 12:50:15
判断题,某位辐射工作人员受到相同剂量的γ射线和中子外照射，其辐射损伤效应是一样的。,正确,错误,,,B,,接口直采,1,2026/9/18 12:50:16
判断题,目前，低、中放废液的固化方法是玻璃固化，高放废液的固化方法主要是水泥固化、沥青固化和塑料固化。,正确,错误,,,B,,接口直采,1,2026/9/18 12:50:16
判断题,目前对设备仪器的分类均采用四层八位代码，每件设备仪器的分类代码均由8位阿拉伯数字组成。,正确,错误,,,A,,接口直采,1,2026/9/18 12:50:38
判断题,目前高等医学院校实验室安全管理工作一般实行校、院（所、中心）、系（实验室）三级管理模式。,正确,错误,,,A,,接口直采,1,2026/9/18 12:50:35
判断题,拿取块状固体可使其直接坠入试管中。,正确,错误,,,B,,接口直采,1,2026/9/18 12:50:21
判断题,钠在空气中易氧化自燃。,正确,错误,,,A,,接口直采,1,2026/9/18 12:50:25
判断题,内照射：在实验室内，不管是起因于实验因素还是误操作等而带来的放射性事故，还是其他原因，导致放射性核素经静脉、皮肤、口腔或呼吸道等进入生物体内，对该机体产生照射，这种照射形式叫作内照射。,正确,错误,,,A,,接口直采,1,2026/9/18 12:50:16
判断题,能相互反应产生有毒气体的废液，不得倒入同一收集桶中。若某种废液倒入收集桶会发生危险，则应单独暂存于一容器中，并贴上标签。,正确,错误,,,A,,接口直采,1,2026/9/18 12:50:20
判断题,颞动脉压迫止血法适用于肋部及面部的出血。（,正确,错误,,,B,,接口直采,1,2026/9/18 12:50:15
判断题,浓度较低的可溶于水的有机溶剂废液，可适当稀释后通过下水道排放。,正确,错误,,,A,,接口直采,1,2026/9/18 12:50:20
判断题,浓硫酸不属于腐蚀性化学品。,正确,错误,,,B,,接口直采,1,2026/9/18 12:50:25
判断题,浓硫酸可长期保存于玻璃瓶中。,正确,错误,,,B,,接口直采,1,2026/9/18 12:50:25
判断题,浓硫酸易侵蚀玻璃而影响纯度，应保存在塑料瓶或者涂石蜡的玻璃瓶中。,正确,错误,,,B,,接口直采,1,2026/9/18 12:50:25
判断题,浓硫酸遇水放热，容易发生飞溅，其废液可单独作为一类回收。,正确,错误,,,A,,接口直采,1,2026/9/18 12:50:40
判断题,偶然受照人员：是指那些并不操作放射性物质或其他辐射源，但因其职责而可能偶然进入辐射区域的工作人员。,正确,错误,,,A,,接口直采,1,2026/9/18 12:50:16
判断题,排风柜总体要求密封，保证有毒有害气体排出。,正确,错误,,,A,,接口直采,1,2026/9/18 12:50:27
判断题,泡沫灭火器可用于带电灭火。,正确,错误,,,B,,接口直采,1,2026/9/18 12:50:32
判断题,泡沫灭火器适用于电器起火。,正确,错误,,,B,,接口直采,1,2026/9/18 12:50:32
判断题,泡沫灭火器适用于电器起火的灭火。,正确,错误,,,B,,接口直采,1,2026/9/18 12:50:32
判断题,配电盘（箱）、开关、变压器等各种电气设备附近不得堆放易燃、易爆、潮湿和其他影响操作的物件。,正确,错误,,,A,,接口直采,1,2026/9/18 12:50:37
判断题,配制硫酸水溶液时，应将浓硫酸徐徐倒入水中，并不断搅拌。,正确,错误,,,A,,接口直采,1,2026/9/18 12:50:21
判断题,配制麻醉药物的药液浓度宜低不宜高，因为注入溶液体积大或小对动物并没有影响，但麻醉过急风险很高。,正确,错误,,,B,,接口直采,1,2026/9/18 12:50:35
判断题,配制麻醉药物的药液浓度宜高不宜低，这样可以尽可能减少麻醉时间并同时减少注入溶液的体积。,正确,错误,,,B,,接口直采,1,2026/9/18 12:50:35
判断题,皮肤被黄磷灼伤禁用含油敷料。,正确,错误,,,A,,接口直采,1,2026/9/18 12:50:15
判断题,"皮肤被黄磷灼时,应及时脱去污染的衣物,并立即用清水(由五氧化二磷、五硫化磷、五氯化磷引起的灼伤禁用水洗)或5%硫酸铜溶液或3%过氧化氢溶液冲洗，再用5%碳酸氢钠溶液冲洗，中和所形成的磷酸，然后用1：5000高锰酸钾溶液湿敷，或用2%硫酸铜溶液湿敷，以使皮肤上残存的黄磷颗粒形成磷化铜。",正确,错误,,,A,,接口直采,1,2026/9/18 12:50:15
判断题,皮肤接触活泼金属(如钾、钠)，可用大量水冲洗。,正确,错误,,,B,,接口直采,1,2026/9/18 12:50:15
判断题,皮肤接触活泼金属（如钾、钠）时，可用大量水冲洗。,正确,错误,,,B,,接口直采,1,2026/9/18 12:50:15
判断题,"皮肤烧伤后如有水泡,应及时将水泡刺破,以利于其恢复。",正确,错误,,,B,,接口直采,1,2026/9/18 12:50:15
判断题,皮肤烧伤后如有水泡，应及时将水泡刺破，以利于其恢复。,正确,错误,,,B,,接口直采,1,2026/9/18 12:50:15
判断题,瓶帽是保护瓶阀的安全附件。,正确,错误,,,A,,接口直采,1,2026/9/18 12:50:23
判断题,破碎的玻璃器皿要戴上厚手套小心地清除，用纸包起来，放在专用利器盒中。,正确,错误,,,A,,接口直采,1,2026/9/18 12:50:20
判断题,扑救电气火灾，首先应做的是切断电源。,正确,错误,,,A,,接口直采,1,2026/9/18 12:50:15
判断题,扑救毒害性、腐蚀性或燃烧产物毒害性较强的火灾时，必须配戴防护面具。,正确,错误,,,A,,接口直采,1,2026/9/18 12:50:32
判断题,扑救气体火灾切忌盲目扑灭火势，首先应切断火势蔓延途径，然后疏散火势中压力容器或受到火焰辐射热威胁的压力容器，不能疏散的部署水枪进行冷却保护。,正确,错误,,,A,,接口直采,1,2026/9/18 12:50:32
判断题,扑救气体火灾切忌盲目扑灭火势，首先应切断火势蔓延途径，然后疏散火势中压力容器或受到火焰辐射热威胁的压力容器。,正确,错误,,,A,,接口直采,1,2026/9/18 12:50:32
判断题,扑救液体火灾时，可用灭火器扑救，也可用水和其他物品扑打灭火。,正确,错误,,,B,,接口直采,1,2026/9/18 12:50:32
判断题,扑救液体火灾时，应用灭火器扑救，不能用水扑救或其他物品扑打。,正确,错误,,,A,,接口直采,1,2026/9/18 12:50:32
判断题,普通冰箱内不能放置易燃、易爆化学品。,正确,错误,,,A,,接口直采,1,2026/9/18 12:50:21
判断题,普通实验动物环境既能控制野生动物的进入也能完全控制传染因子。,正确,错误,,,B,,接口直采,1,2026/9/18 12:50:35
判断题,普通实验室内，不得私自饲养实验动物。,正确,错误,,,A,,接口直采,1,2026/9/18 12:50:27
判断题,启用长期停用的压力容器必须经过特种设备管理部门检验合格后才能使用。,正确,错误,,,A,,接口直采,1,2026/9/18 12:50:30
判断题,起吊作业时，人员不要站在起重物下方，要与工作区保持安全距离。,正确,错误,,,A,,接口直采,1,2026/9/18 12:50:30
判断题,起重机吊钩上的任何缺陷，都可以进行焊补。,正确,错误,,,B,,接口直采,1,2026/9/18 12:50:30
判断题,起重机司机应穿橡胶绝缘鞋，不能穿硬底鞋或塑料鞋。要扎紧鞋带，防止湑懰和跌落而导致摔伤事故发生。,正确,错误,,,A,,接口直采,1,2026/9/18 12:50:30
判断题,起重机械应当在明显位置安装声光电报警器，保证作业时灯亮且发出蜂鸣声。,正确,错误,,,A,,接口直采,1,2026/9/18 12:50:30
判断题,起重机在作业间歇时，可以将重物悬挂在空中，但不能时间过长。,正确,错误,,,B,,接口直采,1,2026/9/18 12:50:30
判断题,起重机在作业中，被吊物悬空后，人员可以在吊物下迅速穿行，但不得在吊物下停留。,正确,错误,,,B,,接口直采,1,2026/9/18 12:50:30
判断题,起重设备操作人员必须经过专业安全培训，并经有关部门考核合格后持证上岗，严禁无证人员操作。,正确,错误,,,A,,接口直采,1,2026/9/18 12:50:30
判断题,起重设备声光报警正常，室内起重设备要标有运行通道。,正确,错误,,,A,,接口直采,1,2026/9/18 12:50:30
判断题,气割是利用可燃气与氧气混合燃烧所产生的热量，对金属进行局部加热的一种使金属连接的熔焊方法。,正确,错误,,,B,,接口直采,1,2026/9/18 12:50:30
判断题,气焊点火时，应该先微开氧气阀门，再开乙炔阀门，然后进行点火。,正确,错误,,,A,,接口直采,1,2026/9/18 12:50:30
判断题,气焊熄火时，首先关乙炔阀门，使火焰熄灭，再关氧气阀门。,正确,错误,,,A,,接口直采,1,2026/9/18 12:50:30
判断题,气焊与气割操作时要正确选择和调整好气体减压阀的工作压力。,正确,错误,,,A,,接口直采,1,2026/9/18 12:50:37
判断题,气焊与气割操作时要正确选择和调整好气体减压器的工作压力。,正确,错误,,,A,,接口直采,1,2026/9/18 12:50:37
判断题,气焊与气割前，必须检查输送气体的橡胶软管有无磨损、扎伤、老化、裂纹等现象， 发现损坏应立即更新。,正确,错误,,,A,,接口直采,1,2026/9/18 12:50:30
判断题,气焊与气割前，必须检查输送气体的橡胶软管有无磨损、扎伤、老化、裂纹等现象，发现损坏应立即更新。,正确,错误,,,A,,接口直采,1,2026/9/18 12:50:37
判断题,气瓶必须连接压力调节器，经压力调节后方可使用。,正确,错误,,,A,,接口直采,1,2026/9/18 12:50:23
判断题,气瓶必须联接压力调节器，经压力调节后使用。,正确,错误,,,A,,接口直采,1,2026/9/18 12:50:23
判断题,气瓶充装后应检查是否出现变形或泄漏等严重缺陷。,正确,错误,,,A,,接口直采,1,2026/9/18 12:50:23
判断题,气瓶存放区应保持畅通，只有相关的人员可以出入。,正确,错误,,,A,,接口直采,1,2026/9/18 12:50:23
判断题,气瓶的产权单位应建立气瓶档案，内容包括合格证、产品质量证明书、气瓶改装记录等，档案应保存到气瓶报废为止。,正确,错误,,,A,,接口直采,1,2026/9/18 12:50:23
判断题,气瓶的定期检验，应由检验资格的专门单位负责进行。未取得资格的单位和个人，不得从事气瓶的检验。,正确,错误,,,A,,接口直采,1,2026/9/18 12:50:23
判断题,气瓶放置应整齐，必须配备安全帽，有明确的安全标识和使用状态标识，定期检查气体泄漏，并配置固定装置。,正确,错误,,,A,,接口直采,1,2026/9/18 12:50:23
判断题,气瓶柜：气瓶柜是指用于存放实验室气瓶的柜子，是一种必不可少的安全保障实验柜，气瓶柜有单瓶普通型、双瓶自动报警和排气型。气瓶柜有小型气泵，内部由吹洗系统、报警器、排气孔及排风通道等组成。,正确,错误,,,A,,接口直采,1,2026/9/18 12:50:23
判断题,气瓶使用到最后应该留有余气。,正确,错误,,,A,,接口直采,1,2026/9/18 12:50:23
判断题,气瓶使用前应进行安全状况检查。,正确,错误,,,A,,接口直采,1,2026/9/18 12:50:23
判断题,气瓶使用时不应用尽余气，应保持瓶内压力在0.2MPa以上。,正确,错误,,,A,,接口直采,1,2026/9/18 12:50:23
判断题,气瓶投入使用后，不得对瓶体进行挖补焊接修理，严禁敲击、碰撞，应经常检查瓶阀及连接处是否有漏气。,正确,错误,,,A,,接口直采,1,2026/9/18 12:50:23
判断题,气瓶应按其所装气体种类分开存放，并做好有关标记。,正确,错误,,,A,,接口直采,1,2026/9/18 12:50:23
判断题,气瓶与其他危险化学品不得随意混放。,正确,错误,,,A,,接口直采,1,2026/9/18 12:50:23
判断题,气体钢瓶存放时要注意分类保管，直立固定。,正确,错误,,,A,,接口直采,1,2026/9/18 12:50:23
判断题,气体钢瓶存放时要注意分类保管，直立固定。例如：严禁将氯气与氨气、氢气与氧气、乙炔与氧气混放在一个房间。,正确,错误,,,A,,接口直采,1,2026/9/18 12:50:23
判断题,气体钢瓶的危险性主要来源于瓶内充装的气体种类。,正确,错误,,,B,,接口直采,1,2026/9/18 12:50:23
判断题,气体钢瓶较重，抬不动时可翻滚搬运。,正确,错误,,,B,,接口直采,1,2026/9/18 12:50:23
判断题,气体钢瓶内气体较少时，可倾倒存放并使用。,正确,错误,,,B,,接口直采,1,2026/9/18 12:50:23
判断题,气体钢瓶使用后，可以不关闭阀门。,正确,错误,,,B,,接口直采,1,2026/9/18 12:50:23
判断题,气体钢瓶在使用时，将钢瓶内气体全部用尽后，应再重新灌装新的同种气体。,正确,错误,,,B,,接口直采,1,2026/9/18 12:50:23
判断题,气体熏蒸法常用于生物安全实验室的消毒，特别是进行房间和仪器设备消毒。,正确,错误,,,A,,接口直采,1,2026/9/18 12:50:35
判断题,气体熏蒸法可用于生物安全柜的消毒，特别是生物安全柜内物品的消毒。,正确,错误,,,B,,接口直采,1,2026/9/18 12:50:35
判断题,汽车试验中可以使用真人充当试验人员以外的配重。,正确,错误,,,B,,接口直采,1,2026/9/18 12:50:37
判断题,汽油的爆炸极限是：7.6%～1.4%。,正确,错误,,,A,,接口直采,1,2026/9/18 12:50:25
判断题,铅被加热到400℃以上就有大量铅蒸汽逸出，在空气中迅速氧化为氧化铅，形成烟尘，易被人体吸入，造成铅中毒。,正确,错误,,,A,,接口直采,1,2026/9/18 12:50:25
判断题,钳工工作时，操作者应穿好工作服，扎紧袖口，长发者要戴好防护帽。,正确,错误,,,A,,接口直采,1,2026/9/18 12:50:37
判断题,钳工工作时，应穿好工作服，扎紧袖口，长发者要戴好防护帽。,正确,错误,,,A,,接口直采,1,2026/9/18 12:50:37
判断题,强碱烧伤处理顺序是：先用大量水冲洗，再用1％～2％的硼酸水溶液冲洗，然后再水洗并去医院进行进一步处理。,正确,错误,,,A,,接口直采,1,2026/9/18 12:50:15
判断题,强酸溅入眼内时，应立即用大量清水或生理盐水进行彻底冲洗，冲洗时必须将上下眼睑拉开，水不要流经未伤的眼睛，不可直接冲击眼球。,正确,错误,,,A,,接口直采,1,2026/9/18 12:50:15
判断题,强酸灼伤时，必须先用大量流水彻底冲洗，然后在皮肤上擦拭碱性药物，否则会加重皮肤损伤。,正确,错误,,,A,,接口直采,1,2026/9/18 12:50:15
判断题,强氧化的浓酸可使用聚乙烯材料的废液桶收集。,正确,错误,,,B,,接口直采,1,2026/9/18 12:50:20
判断题,切断火源对化学品的泄漏处理特别重要，如果泄漏物品是易燃品，必须立即消除泄漏污染区域的各种火源。,正确,错误,,,A,,接口直采,1,2026/9/18 12:50:15
判断题,切勿在走廊、楼梯口等处堆放杂物，要保证通道和安全出口的畅通。,正确,错误,,,A,,接口直采,1,2026/9/18 12:50:32
判断题,氢氟酸和BOE废液一般单独作为一类回收。,正确,错误,,,A,,接口直采,1,2026/9/18 12:50:40
判断题,氢氟酸应放置在塑料瓶中。,正确,错误,,,A,,接口直采,1,2026/9/18 12:50:25
判断题,氢氟酸灼伤皮肤后，先立即脱光去污染的衣物，用大量流动清水彻底冲洗后，继用肥皂水或2%～5%碳酸氢钠冲洗，再用葡萄糖酸钙软膏涂敷按摩，然后再涂以33%氧化镁甘油糊剂、维生素AD或可的松软膏等。,正确,错误,,,A,,接口直采,1,2026/9/18 12:50:15
判断题,氢气的爆炸极限是：4％～75％。,正确,错误,,,A,,接口直采,1,2026/9/18 12:50:25
判断题,氢气钢瓶的颜色是蓝色的。,正确,错误,,,B,,接口直采,1,2026/9/18 12:50:23
判断题,氢气气瓶外表颜色为浅绿色，字的颜色为大红色。,正确,错误,,,A,,接口直采,1,2026/9/18 12:50:23
判断题,氢气气瓶注意不可与氧气瓶一起存放。,正确,错误,,,A,,接口直采,1,2026/9/18 12:50:23
判断题,氢气要在通风良好的地方使用，或者可考虑用导管尽量把室内气体排到大气中。,正确,错误,,,A,,接口直采,1,2026/9/18 12:50:23
判断题,氢气与空气混合物的爆炸范围很宽，当含氢气4.0％～75.6％（体积分数）时，遇火即会爆炸。,正确,错误,,,A,,接口直采,1,2026/9/18 12:50:23
判断题,轻度铅中毒症状为头晕、头痛、失眠、无力、腹痛、腹胀、便秘等。,正确,错误,,,A,,接口直采,1,2026/9/18 12:50:25
判断题,倾倒毒液产生的微生物气溶胶颗粒数量大于用注射器从安瓿中抽取毒液。,正确,错误,,,B,,接口直采,1,2026/9/18 12:50:35
判断题,倾倒液体药品时，应将标签朝下，以便看清瓶内液面。,正确,错误,,,B,,接口直采,1,2026/9/18 12:50:25
判断题,氰化钾、氰化钠、丙烯腈等是剧毒品，进入人体50毫克即可致死，与皮肤接触经伤口进入人体，即可引起严重中毒。,正确,错误,,,A,,接口直采,1,2026/9/18 12:50:25
判断题,氰化物、硫化物、次氯酸盐与酸类废液不能混合存放。,正确,错误,,,A,,接口直采,1,2026/9/18 12:50:20
判断题,氰化物、硫化物、氟化物废液不得与酸类废液混放。,正确,错误,,,A,,接口直采,1,2026/9/18 12:50:20
判断题,氰化物与潮湿空气接触会产生剧毒的氰化氢气体。,正确,错误,,,A,,接口直采,1,2026/9/18 12:50:25
判断题,取用后剩余的化学品，不可放回原试剂瓶中。,正确,错误,,,A,,接口直采,1,2026/9/18 12:50:25
判断题,取用强碱性试剂后的小勺应擦净后存放。,正确,错误,,,B,,接口直采,1,2026/9/18 12:50:21
判断题,取用液溴时应配戴乳胶手套及其他必要防护。,正确,错误,,,A,,接口直采,1,2026/9/18 12:50:25
判断题,取用有毒、有恶臭味的试剂时，要在通风橱中操作；使用完毕后，将瓶塞蜡封，或用生料带将瓶口封严。,正确,错误,,,A,,接口直采,1,2026/9/18 12:50:25
判断题,全国消防宣传日是每年的11月9日。,正确,错误,,,A,,接口直采,1,2026/9/18 12:50:32
判断题,全国消防宣传日是每年的9月11日。,正确,错误,,,B,,接口直采,1,2026/9/18 12:50:32
判断题,确定性效应：在放射生物学上，将效应的严重程度与受照剂量相关的辐射效应叫作确定性效应。例如，急性放射病、慢性放射病、放射性白内障，放射性皮肤损伤等即为确定性效应。,正确,错误,,,A,,接口直采,1,2026/9/18 12:50:16
判断题,燃点越低的物品越安全。,正确,错误,,,B,,接口直采,1,2026/9/18 12:50:32
判断题,燃烧必须具备可燃物、助燃物和点火源三大条件，缺一不可。因此，可以采取尽量隔离的方式来防止实验室火灾的发生。,正确,错误,,,A,,接口直采,1,2026/9/18 12:50:32
判断题,燃烧法适合处理量大而浓度比较低的苯类、酮类、醛类、醇类等有机废气。,正确,错误,,,A,,接口直采,1,2026/9/18 12:50:20
判断题,燃烧法只适用于去除有机废气。,正确,错误,,,B,,接口直采,1,2026/9/18 12:50:20
判断题,热处理实验采用的淬火介质（如：矿物油、其他混合介质等），使用后不可直接排入下水道。,正确,错误,,,A,,接口直采,1,2026/9/18 12:50:37
判断题,热处理实验使用的金属试件在进行热处理后，有微量的金属粉末和氧化物粉尘产生，可造成环境污染。,正确,错误,,,A,,接口直采,1,2026/9/18 12:50:37
判断题,热处理实验使用的金属试件在进行热处理后，有微量的金属粉末和氧化物粉尘产生，可造成污染。,正确,错误,,,A,,接口直采,1,2026/9/18 12:50:37
判断题,人工呼吸的方法是捏紧伤者鼻孔，深吸一口气后紧贴伤者的口向口内吹气，时间约为2秒钟，吹气完毕后，立即松开伤者的鼻孔，让他自行呼气，时间约3秒钟。如此以每分钟约12次的速度进行。,正确,错误,,,A,,接口直采,1,2026/9/18 12:50:15
判断题,人类感染猴B病毒后主要表现脑脊髓炎症状，多数患者可能死亡。,正确,错误,,,A,,接口直采,1,2026/9/18 12:50:35
判断题,人体触电致死，是由于肝脏受到严重伤害。,正确,错误,,,B,,接口直采,1,2026/9/18 12:50:18
判断题,人体裸露部位有划伤的放射工作人员在未愈期间只要不影响实验操作能力，穿戴好工作服的情况下，可以根据实验需要开展放射性工作。,正确,错误,,,B,,接口直采,1,2026/9/18 12:50:16
判断题,人体能承受的最大直流电流是100mA。,正确,错误,,,B,,接口直采,1,2026/9/18 12:50:37
判断题,人体在电磁场作用下，由于电流将使人体受到不同程度的伤害。,正确,错误,,,B,,接口直采,1,2026/9/18 12:50:37
判断题,人体在较长时间内连续或间断受到超剂量限值的照射，达到一定累积剂量后，可以发生慢性放射病。,正确,错误,,,A,,接口直采,1,2026/9/18 12:50:16
判断题,任何电气设备在未验明无电时，一律认为有电，不能盲目触及。,正确,错误,,,A,,接口直采,1,2026/9/18 12:50:37
判断题,任何电气设备在未验明无电之前，一律认为是有电，不能盲目触及。,正确,错误,,,A,,接口直采,1,2026/9/18 12:50:37
判断题,任何防护服、面罩、手套、鞋套和靴套不得离开实验室区域，但若实验需要，可以佩戴护目镜或者安全眼镜离开实验室区域。,正确,错误,,,B,,接口直采,1,2026/9/18 12:50:28
判断题,任何个人和组织均可自行对关键信息基础设施进行漏洞探测和渗透测试。,正确,错误,,,B,,接口直采,1,2026/9/18 12:50:42
判断题,任何个人和组织可以随意发布系统漏洞、网络攻击等网络安全信息。,正确,错误,,,B,,接口直采,1,2026/9/18 12:50:42
判断题,任何时候见到洒落的液体不要认为是水，应按照对待不明液体的应急预案进行科学处理，并通知相关人员，以免发生危险。,正确,错误,,,A,,接口直采,1,2026/9/18 12:50:15
判断题,任何有放射性同位素和射线装置存在的场所都应该设置放射性标志图和警示语句，提醒人们“当心电离辐射”，以免对人员造成不必要的射线伤害。,正确,错误,,,A,,接口直采,1,2026/9/18 12:50:16
判断题,任何组织和个人都可以随意向外国司法或执法机构提供存储在中国境内的数据。,正确,错误,,,B,,接口直采,1,2026/9/18 12:50:42
判断题,任何组织和个人有权对违反本法的行为进行投诉和举报。,正确,错误,,,A,,接口直采,1,2026/9/18 12:50:42
判断题,任何组织或个人均可对违法处理个人信息的行为进行投诉或举报。,正确,错误,,,A,,接口直采,1,2026/9/18 12:50:42
判断题,容器内的压力产生的应力是影响容器安全的最危险的一种应力。,正确,错误,,,A,,接口直采,1,2026/9/18 12:50:30
判断题,如发现水泵漏水，可以不用切断电源，待实验完毕后再报修。,正确,错误,,,B,,接口直采,1,2026/9/18 12:50:38
判断题,如酚灼伤皮肤，先用浸了甘油或聚乙二醇和酒精混合液（7：3）的棉花除去污物，再用清水冲洗干净，然后用饱和硫酸钠溶液湿敷。但不可用水直接冲洗污物，否则有可能使创伤加重。,正确,错误,,,A,,接口直采,2,2026/9/18 12:50:15
判断题,如果必须在夜间使用实验仪器，应严格检查实验仪器的自控装置、漏电保护装置及空气开关等，保证其工作正常。,正确,错误,,,A,,接口直采,1,2026/9/18 12:50:27
判断题,如果触电者伤势严重，呼吸停止或心脏停止跳动，应竭力施行人工呼吸和胸外心脏按压。,正确,错误,,,A,,接口直采,1,2026/9/18 12:50:37
判断题,如果触电者尚未脱离电源，救护者不能直接接触身体，应设法使其尽快脱离电源，并防止触电者二次伤害。,正确,错误,,,A,,接口直采,1,2026/9/18 12:50:37
判断题,如果化学品为液体，泄漏到地面上时会四处蔓延扩散，难以收集处理。当泄漏量少时，可用沙子、吸附材料、中和材料等吸收中和。,正确,错误,,,A,,接口直采,1,2026/9/18 12:50:15
判断题,如果可燃液体在容器内燃烧时，应从容器的一侧上部向容器中喷射但注意不能将喷流直接喷射在燃烧液面上，防止灭火剂的冲力将可燃液体冲出容器而扩大火势。,正确,错误,,,A,,接口直采,1,2026/9/18 12:50:32
判断题,如果人们的内照射属于被动方式，就应该用药物阻止在体内吸收，并加速将这些放射性核素排出体外，减少不必要的射线损伤。,正确,错误,,,A,,接口直采,1,2026/9/18 12:50:16
判断题,如果是为补充种源或开发新品种而捕捉的野生动物，必须在当地进行隔离检疫，并取得动物检疫部门出具的证明，经检疫合格的野生动物运抵实验动物处所后即可以开始正式实验。,正确,错误,,,B,,接口直采,1,2026/9/18 12:50:35
判断题,如果泄漏物是有毒的，应使用专用防护服、隔绝式空气面具，立即在事故中心区边界设置警戒线，根据事故情况和事故发展，确定事故波及区人员的撤离。,正确,错误,,,A,,接口直采,1,2026/9/18 12:50:15
判断题,如机床在运行的过程中发出异常声音或发现运转不正常时，操作者应立即关机并通知设备主管人。,正确,错误,,,A,,接口直采,1,2026/9/18 12:50:37
判断题,如实验室面积较小，可将氧气瓶和氢气瓶一同存放。,正确,错误,,,B,,接口直采,1,2026/9/18 12:50:23
判断题,如实验室内存在重大安全隐患，安全主管部门有权行使发整改通知的权力，也可以行使贴封条、停实验活动的权力。,正确,错误,,,A,,接口直采,1,2026/9/18 12:50:27
判断题,如实验室所需正版软件费用太高，可下载盗版软件先使用。,正确,错误,,,B,,接口直采,1,2026/9/18 12:50:33
判断题,如溴滴落到皮肤上，应立即用水冲洗，再用1体积25%的氨水，1体积松节油和10体积（75%）酒精混合液涂敷；也可先用苯甘油除去溴，然后用水冲洗。,正确,错误,,,A,,接口直采,1,2026/9/18 12:50:15
判断题,如液氮罐盖子损坏，可用密封的塞子代替。,正确,错误,,,B,,接口直采,1,2026/9/18 12:50:23
判断题,如遇刺激性及神经性中毒，先服牛奶或鸡蛋白使之缓和，再服用硫酸铜溶液（30g溶于一杯水中）催吐。也可以用手指伸入喉部催吐后，立即送往医院。,正确,错误,,,A,,接口直采,1,2026/9/18 12:50:15
判断题,如遇呼吸道吸进有毒气体、蒸气、烟雾而引起呼吸系统中毒时，应立即将病人移至室外空气新鲜的地方，解开衣领，使之温暖和安静，切勿随便进行人工呼吸。,正确,错误,,,A,,接口直采,1,2026/9/18 12:50:15
判断题,蠕虫、特洛伊木马和病毒其实是一回事。,正确,错误,,,B,,接口直采,1,2026/9/18 12:50:42
判断题,朊病毒实验室必须穿戴一次性防护服（隔离衣和围裙）和手套，对病理学家而言还要在两层橡胶手套间戴钢丝网手套。,正确,错误,,,A,,接口直采,1,2026/9/18 12:50:28
判断题,朊病毒实验室的实验台垃圾包括一次性手套、隔离衣和围裙，均应当采用多孔负荷蒸汽灭菌器在134～137℃高压灭菌18min、1个循环，或高压灭菌3min、6个循环，然后再焚烧。,正确,错误,,,A,,接口直采,1,2026/9/18 12:50:35
判断题,朊病毒实验室建议使用专用仪器设备，即不与其他实验室共用仪器。,正确,错误,,,A,,接口直采,1,2026/9/18 12:50:35
判断题,朊病毒实验室应该预防的是避免污染材料的食入或实验室工作人员的皮肤刺伤，应尽可能使用一次性器具，在生物安全柜操作时使用一次性防护罩。,正确,错误,,,A,,接口直采,1,2026/9/18 12:50:35
判断题,若被火场浓烟所困，应迅速起身跑出火场。,正确,错误,,,B,,接口直采,1,2026/9/18 12:50:32
判断题,若放射性物质污染实验室较大范围，并且辐射剂量较大，可采用去污和表面洗消方式解决，然后继续使用该实验室。,正确,错误,,,B,,接口直采,1,2026/9/18 12:50:16
判断题,若皮肤有损伤、炎症、瘙痒症者，腹泻者，对化学纤维、化学试剂、药品及动物等有过敏反应者，手汗严重者可以进入II级生物安全防护实验室的污染区，但不能进入更高防护级别的实验室。,正确,错误,,,B,,接口直采,1,2026/9/18 12:50:35
判断题,若少量放射性物质污染了实验室的局部范围，如实验室仪器表面或实验室局部台面，可采用去污和表面洗消方式解决。,正确,错误,,,A,,接口直采,1,2026/9/18 12:50:16
判断题,若实验急需，可暂时将皮下注射针作为移液管使用。,正确,错误,,,B,,接口直采,1,2026/9/18 12:50:21
判断题,若吸入硫化氢而感到不适或头晕时，应立即到室外呼吸新鲜空气。,正确,错误,,,A,,接口直采,1,2026/9/18 12:50:15
判断题,若吸入少量硫化氢感到不适，应立即到室外呼吸新鲜空气。,正确,错误,,,A,,接口直采,1,2026/9/18 12:50:15
判断题,三级和四级生物安全实验室必须采用全新风系统。,正确,错误,,,A,,接口直采,1,2026/9/18 12:50:35
判断题,砂芯玻璃滤器及厚壁玻璃仪器烘干时须慢慢升温且温度不可过高，以免烘裂。,正确,错误,,,A,,接口直采,1,2026/9/18 12:50:21
判断题,删除不必要的网络共享可以提高防范病毒的能力。,正确,错误,,,A,,接口直采,1,2026/9/18 12:50:42
判断题,闪点：是指液体表面的蒸气和空气的混合物与火接触初次发生蓝色火焰闪光时的温度。,正确,错误,,,A,,接口直采,1,2026/9/18 12:50:32
判断题,上止血带时间不宜超过3h，每30～60min松止血带1次。,正确,错误,,,A,,接口直采,1,2026/9/18 12:50:15
判断题,烧杯、烧瓶及试管等加热时比较安全。,正确,错误,,,B,,接口直采,1,2026/9/18 12:50:21
判断题,烧杯、烧瓶可以直接在火焰上或电阻丝上加热使用。,正确,错误,,,B,,接口直采,1,2026/9/18 12:50:21
判断题,烧杯加热时不能用火焰直接加热，要垫上石棉网避免受热不匀而引起炸裂。,正确,错误,,,A,,接口直采,1,2026/9/18 12:50:21
判断题,烧器类玻璃仪器能直接或间接地进行加热。,正确,错误,,,A,,接口直采,1,2026/9/18 12:50:21
判断题,设备搬入中心洁净室时，应连带包装一同搬入。,正确,错误,,,B,,接口直采,1,2026/9/18 12:50:40
判断题,设备的外壳保护地线在没有接地设备的时候可以接在零线上。,正确,错误,,,B,,接口直采,1,2026/9/18 12:50:37
判断题,设备仪器：指科学技术上用于实验、计量、观测、检验、绘图等的器具或装置。,正确,错误,,,A,,接口直采,1,2026/9/18 12:50:38
判断题,设备仪器的风险评估：指在设备仪器风险事件发生之前或之后对其给生活、生命、财产等各个方面造成影响和损失的可能性进行量化的工作。,正确,错误,,,A,,接口直采,1,2026/9/18 12:50:38
判断题,设备仪器每次维修后，都应有维修报告和记录，且必须经过校验或质控合格后才能重新使用。,正确,错误,,,A,,接口直采,1,2026/9/18 12:50:38
判断题,社会组织和个人无权报告网络安全事件。,正确,错误,,,B,,接口直采,1,2026/9/18 12:50:42
判断题,射线装置，是指X线机、加速器、中子发生器以及含放射源的装置。,正确,错误,,,A,,接口直采,1,2026/9/18 12:50:16
判断题,射线装置：能够产生预定水平X、γ电子束、中子射线等的电器设备、或内含放射源的装置（高能加速器除外）。,正确,错误,,,A,,接口直采,1,2026/9/18 12:50:16
判断题,射线装置按照使用用途分为医用射线装置和非医用射线装置。,正确,错误,,,A,,接口直采,1,2026/9/18 12:50:16
判断题,射线装置机房进入失控后，应该减少照射时间、增加照射距离并立即切断电源或按下紧急开关，同时尽快撤离事故现场，到放射性实验室外安全区域。,正确,错误,,,A,,接口直采,1,2026/9/18 12:50:16
判断题,涉辐人员必须持有辐射安全与防护培训合格证书，并佩带个人剂量计进行实验。,正确,错误,,,A,,接口直采,1,2026/9/18 12:50:16
判断题,涉及关键信息基础设施的网络安全事件，最迟报告时间不得超过1小时。,正确,错误,,,A,,接口直采,1,2026/9/18 12:50:42
判断题,涉及化学品的实验室建议使用明火电炉进行相关加热操作。,正确,错误,,,B,,接口直采,1,2026/9/18 12:50:21
判断题,涉及生物安全性的动物实验，都必须在相应级别的生物安全实验室内进行。,正确,错误,,,A,,接口直采,1,2026/9/18 12:50:35
判断题,涉源单位产生放射性废源废物可以直接排入下水道或混装到普通垃圾中。,正确,错误,,,B,,接口直采,1,2026/9/18 12:50:16
判断题,涉源单位产生放射性废源废物要及时送贮（一般3个月内），按规定处置，不得直接排入下水道或混装到普通垃圾中。,正确,错误,,,A,,接口直采,1,2026/9/18 12:50:16
判断题,身边没有胶水胶棒时可以用口舔标签用以粘贴。,正确,错误,,,B,,接口直采,1,2026/9/18 12:50:25
判断题,身边有人严重触电，应当首先切断电源，然后进行紧急抢救，并立即拨打急救电话120或110。,正确,错误,,,A,,接口直采,1,2026/9/18 12:50:37
判断题,"身上着火被熄灭后,应马上把粘在皮肤上的衣物脱下来。",正确,错误,,,B,,接口直采,1,2026/9/18 12:50:15
判断题,"身上着火后,应迅速用灭火器灭火。",正确,错误,,,B,,接口直采,1,2026/9/18 12:50:15
判断题,身上着火时，可就地打滚或用厚重的衣物压灭火苗，也可快速奔跑。,正确,错误,,,B,,接口直采,1,2026/9/18 12:50:32
判断题,身上着火时，千万不要奔跑，可就地打滚或用厚重的衣物压灭火苗。,正确,错误,,,A,,接口直采,1,2026/9/18 12:50:32
判断题,砷的解毒剂是二巯基丙醇，由肌肉注射即可解毒。,正确,错误,,,A,,接口直采,1,2026/9/18 12:50:15
判断题,生产、储存和使用危险化学品的单位，应当在生产、储存和使用场所设置报警装置。,正确,错误,,,A,,接口直采,1,2026/9/18 12:50:25
判断题,生物安全防护水平分为4个级别，国际通用表达方式是BSL-1、BSL-2、BSL-3、BSL-4；从事动物实验工作的生物安全实验室分别是DBSL-1、DBSL-2、DBSL-3、DBSL-4。,正确,错误,,,B,,接口直采,1,2026/9/18 12:50:35
判断题,生物安全柜内不能使用本生灯，允许使用微型电加热器。,正确,错误,,,A,,接口直采,1,2026/9/18 12:50:35
判断题,生物安全柜内所有工作必须在工作台面的前部进行，并能够通过玻璃观察挡板看到。,正确,错误,,,B,,接口直采,1,2026/9/18 12:50:35
判断题,生物安全柜内应尽量少放置器材或标本，不能有遮挡、覆盖气流通道（栅孔）的现象，从而影响后部压力排风系统的气流循环。,正确,错误,,,A,,接口直采,1,2026/9/18 12:50:35
判断题,生物安全柜使用过程中，为了操作方便，应在柜内的前部操作。,正确,错误,,,B,,接口直采,1,2026/9/18 12:50:35
判断题,生物安全柜使用过程中，为了实验方便，柜内的设备和物品应尽量多放些。,正确,错误,,,B,,接口直采,1,2026/9/18 12:50:35
判断题,生物安全柜使用前或使用后，应至少让生物安全柜工作5min来完成“净化”过程，亦即应留出将污染空气排出生物安全柜的时间。,正确,错误,,,A,,接口直采,1,2026/9/18 12:50:35
判断题,生物安全柜是微生物接种、分离等操作的场所，当没有生物安全柜时，可戴口罩手套在超净工作台内进行微生物接种、分离操作。,正确,错误,,,B,,接口直采,1,2026/9/18 12:50:35
判断题,生物安全柜在使用中可根据实验需要打开玻璃观察挡板。,正确,错误,,,B,,接口直采,1,2026/9/18 12:50:35
判断题,生物安全实验室内包括针头、玻璃、一次性手术刀在内的利器应在使用后立即放在耐扎容器中。尖利物容器应在内容物达到三分之二前置换。,正确,错误,,,A,,接口直采,1,2026/9/18 12:50:35
判断题,生物安全实验室摘除手套时应该：一手捏起另一只手套手腕部外缘脱下并使手套外表面向内，戴着手套的手拿住该手套，脱去手套的手指伸入另一手套腕部内面并脱下该手套，使其外表面向里并包裹之前脱下的手套，妥善处理。,正确,错误,,,A,,接口直采,1,2026/9/18 12:50:35
判断题,生物废弃物经高压灭菌处理后，可由实验室自行处理。,正确,错误,,,B,,接口直采,1,2026/9/18 12:50:20
判断题,生物废弃物经高压灭菌处理后，装入普通垃圾袋密封存放，待集中统一处理。,正确,错误,,,B,,接口直采,1,2026/9/18 12:50:20
判断题,生物废弃物应置于专用的、有标记的容器内。,正确,错误,,,A,,接口直采,1,2026/9/18 12:50:20
判断题,生物类实验室废弃物（包括动物残体等），可以丢弃在普通垃圾箱内。,正确,错误,,,B,,接口直采,1,2026/9/18 12:50:20
判断题,生物杀灭剂：所有能够杀死生物体的制剂总称。,正确,错误,,,A,,接口直采,1,2026/9/18 12:50:28
判断题,生物实验中的一次性手套及沾染EB致癌物质的物品，可以丢弃在普通垃圾箱内。,正确,错误,,,B,,接口直采,1,2026/9/18 12:50:20
判断题,生物医学实验室内任何死亡动物尸体、组织碎块，要密封在塑料袋交统一部门进行焚烧处理。,正确,错误,,,A,,接口直采,1,2026/9/18 12:50:35
判断题,生物因子（biological agents）：微生物和生物活性物质。,正确,错误,,,A,,接口直采,1,2026/9/18 12:50:35
判断题,声级计的传声器可自行拆卸。,正确,错误,,,B,,接口直采,1,2026/9/18 12:50:38
判断题,声级计可放置在高温、潮湿、有污染的地方。,正确,错误,,,B,,接口直采,1,2026/9/18 12:50:38
判断题,声级计长期不用时应取下电池。,正确,错误,,,A,,接口直采,1,2026/9/18 12:50:38
判断题,盛装废弃危险化学品的容器和受废弃危险化学品污染的包装物，必须按照危险废物进行管理。,正确,错误,,,A,,接口直采,1,2026/9/18 12:50:20
判断题,盛装易起聚合反应或分解反应的气瓶，必须根据气体的性质控制实验室内的最高温度，并应避开各种放射源。,正确,错误,,,A,,接口直采,1,2026/9/18 12:50:23
判断题,盛装有易燃液体的器皿不可以日光直射。,正确,错误,,,A,,接口直采,1,2026/9/18 12:50:25
判断题,湿热灭菌和干热灭菌各有特点，但总的说来，干热灭菌较湿热灭菌消毒效果更好。,正确,错误,,,B,,接口直采,1,2026/9/18 12:50:35
判断题,湿热灭菌和干热灭菌相比，蛋白质在含水多时容易变性，易于凝固。,正确,错误,,,A,,接口直采,1,2026/9/18 12:50:35
判断题,湿热灭菌和干热灭菌相比，干热灭菌穿透力强，传导快。,正确,错误,,,B,,接口直采,1,2026/9/18 12:50:35
判断题,湿热灭菌是利用热的作用来杀菌，通常在高压蒸汽灭菌器中进行。,正确,错误,,,A,,接口直采,1,2026/9/18 12:50:35
判断题,湿热灭菌最高温度通常为150℃，时间为15min。,正确,错误,,,B,,接口直采,1,2026/9/18 12:50:35
判断题,实施急救的顺序：若有呼吸心跳停止的，先行复苏，然后是止血、包扎、骨折固定或脱臼复位（固定）、搬运。,正确,错误,,,A,,接口直采,1,2026/9/18 12:50:15
判断题,实习期间，不准随意乱动铸造车间的设备，必须经师傅批准后在师傅指导下，方可启动。,正确,错误,,,A,,接口直采,1,2026/9/18 12:50:37
判断题,实验操作人员的失误与风险性材料或设备是实验室安全风险的主要来源。,正确,错误,,,A,,接口直采,1,2026/9/18 12:50:27
判断题,实验操作中，若发生感染性培养物或标本组织液外溢到皮肤，应在工作结束时，在同操作者的配合下对溢洒的皮肤用75％酒精进行消毒处理，然后用清水冲洗15～20min。,正确,错误,,,B,,接口直采,1,2026/9/18 12:50:35
判断题,实验产生的废液（废酸、废碱等）和废弃固体物质可直接倒入下水道或普通垃圾桶。,正确,错误,,,B,,接口直采,1,2026/9/18 12:50:20
判断题,实验产生的废液和废弃固体物质可直接倒入下水道。,正确,错误,,,B,,接口直采,1,2026/9/18 12:50:20
判断题,实验产生或剩余的易挥发物，可以倒入废液缸内。,正确,错误,,,B,,接口直采,1,2026/9/18 12:50:20
判断题,实验大楼出现火情发生浓烟时应迅速离开，当浓烟已穿入实验室时，要沿地面匍匐前进，因地面层新鲜空气较多，不易中毒而窒息，有利于逃生。当逃到门口时，应站立开门，保持重心稳定。,正确,错误,,,B,,接口直采,1,2026/9/18 12:50:32
判断题,实验大楼出现火情时千万不要乘电梯，因为电梯可能停电或失控；同时又因“烟囱效应”，电梯井常常成为浓烟的流通道。,正确,错误,,,A,,接口直采,1,2026/9/18 12:50:32
判断题,实验大楼出现火情时千万不要乘电梯，因为电梯可能因停电或失控，同时又因“烟囱效应”，电梯井常常成为浓烟的流通道。,正确,错误,,,A,,接口直采,1,2026/9/18 12:50:32
判断题,实验大楼发生火灾时，坐电梯逃生是最有效迅速的手段。,正确,错误,,,B,,接口直采,1,2026/9/18 12:50:32
判断题,实验大楼因出现火情发生浓烟时应迅速离开，当浓烟已穿入实验室内时，要沿地面匍匐前进，因地面层新鲜空气较多，不易中毒而窒息，有利于逃生。当逃到门口时，千万不要站立开门，以避免被大量浓烟熏倒。,正确,错误,,,A,,接口直采,1,2026/9/18 12:50:32
判断题,实验动物必须排除一些主要的人畜共患病和动物传染病。,正确,错误,,,A,,接口直采,1,2026/9/18 12:50:35
判断题,实验动物不需要控制微生物和寄生虫。,正确,错误,,,B,,接口直采,1,2026/9/18 12:50:35
判断题,实验动物垫料可能携带微生物或寄生虫，应在实验室外把垫料铺入笼盒内，连同笼盒一起经高温高压灭菌后送入实验室内。,正确,错误,,,A,,接口直采,1,2026/9/18 12:50:35
判断题,实验动物隔离是指隔离患病动物和可疑感染的动物是预防传染病的重要措施之一，其措施是根据实验动物种类对其进行针对性检查，确认没有感染方能使用，其目的是为了控制传染源，防止健康动物继续受到传染，以便将疫情控制在最小范围内就地予以扑灭。,正确,错误,,,A,,接口直采,1,2026/9/18 12:50:35
判断题,实验动物环境应与实验动物等级相匹配。,正确,错误,,,A,,接口直采,1,2026/9/18 12:50:35
判断题,实验动物可以饲养在实验动物设施之外。,正确,错误,,,B,,接口直采,1,2026/9/18 12:50:35
判断题,实验动物生产单位具有实验动物生产许可证是必需的，但对微生物和寄生虫进行定期检测不是必须的。,正确,错误,,,B,,接口直采,1,2026/9/18 12:50:35
判断题,实验动物是进行生命科学研究基本的材料和对象，它的质量关系到研究结果和成功率。因此，实验动物应该来源于具备资质的单位。,正确,错误,,,A,,接口直采,1,2026/9/18 12:50:35
判断题,实验动物是指经人工培育，对其携带的微生物和寄生虫实行控制，遗传背景明确，用于科学研究、生产、检定，以及其他科学实验的动物。,正确,错误,,,A,,接口直采,1,2026/9/18 12:50:35
判断题,实验动物特殊实验设施是包括感染动物实验设施（动物生物安全实验室）和应用放射性物质或有害化学物质等进行动物实验的设施。,正确,错误,,,A,,接口直采,1,2026/9/18 12:50:35
判断题,实验动物销毁是指已确认患重大传染病动物，必须进行销毁，避免造成人员感染或动物疫病扩散。,正确,错误,,,A,,接口直采,1,2026/9/18 12:50:35
判断题,实验动物运输需要使用专用包装，为节约包装，同一微生物控制级别的不同种类的动物可以在同一笼内运输。,正确,错误,,,B,,接口直采,1,2026/9/18 12:50:35
判断题,实验废弃的生物活性实验材料特别是细胞和微生物（细菌、真菌和病毒等）必须及时进行灭活和消毒处理。固体培养基等要采用高压灭菌处理，未经有效处理的固体废弃物不能作为日常垃圾处置。,正确,错误,,,A,,接口直采,1,2026/9/18 12:50:20
判断题,实验废弃的生物活性实验材料特别是细胞和微生物（细菌、真菌和病毒等）必须及时灭活和消毒处理。固体培养基等要采用高压灭菌处理，未经有效处理的固体废弃物不能作为日常垃圾处置。,正确,错误,,,A,,接口直采,1,2026/9/18 12:50:20
判断题,实验废弃物应分类存放，及时送学校废弃物中转站，最后由学校联系有资质的公司进行处理。,正确,错误,,,A,,接口直采,1,2026/9/18 12:50:20
判断题,实验过程暂时不使用的放射源不能随便放置，必须放置在专门的防护区域内。,正确,错误,,,A,,接口直采,1,2026/9/18 12:50:16
判断题,实验过程暂时不使用的放射源不能随便放置，要放在教师指定的有防护的区域内。,正确,错误,,,A,,接口直采,1,2026/9/18 12:50:16
判断题,实验过程暂时不用的放射源不能随便放置，要放在指定的有防护的区域内。,正确,错误,,,A,,接口直采,1,2026/9/18 12:50:16
判断题,实验过程中不得随意丢弃危险化学品。,正确,错误,,,A,,接口直采,1,2026/9/18 12:50:25
判断题,实验过程中如发生事故，应冷静妥善地处理，尽量把事故解决在萌芽状态。如较为严重，有危及人身安全可能时，应及时撤离现场，并通知邻近实验室工作人员迅速撤离，尽快报警。,正确,错误,,,A,,接口直采,1,2026/9/18 12:50:15
判断题,实验过程中如发生意外或事故，应冷静妥善地处理，尽量把事故解决在初发阶段。如事故较为严重，有危及人身安全的可能时，应及时撤离现场，通知邻近实验室工作人员迅速撤离，并尽快报警。,正确,错误,,,A,,接口直采,1,2026/9/18 12:50:27
判断题,实验过程中使用恒温水浴锅时，应一次将水加满，避免频繁加水的麻烦。,正确,错误,,,B,,接口直采,1,2026/9/18 12:50:38
判断题,实验过程中严禁经口使用吸管，但身边没有胶水胶棒等时可以用口舔标签用以粘贴。,正确,错误,,,B,,接口直采,1,2026/9/18 12:50:35
判断题,实验过程中应尽量避免实验仪器在夜间无人看管的情况下连续运转，如果必须在夜间使用，应严格检查实验仪器的漏电保护装置及空气开关等工作正常。,正确,错误,,,A,,接口直采,1,2026/9/18 12:50:38
判断题,实验过程中应尽量避免实验仪器在夜间无人看管的情况下连续运转。,正确,错误,,,A,,接口直采,1,2026/9/18 12:50:27
判断题,实验过程中长时间使用恒温水浴锅时，应注意及时加水，避免干烧发生危险。,正确,错误,,,A,,接口直采,1,2026/9/18 12:50:21
判断题,实验过程中长时间使用恒温水浴锅时，应注意及时加水，避免烧干。,正确,错误,,,A,,接口直采,1,2026/9/18 12:50:21
判断题,实验后不需要保留或超过有效期的危险化学品废弃物，应交由有资质的单位进行处理处置。,正确,错误,,,A,,接口直采,1,2026/9/18 12:50:25
判断题,实验后剩余的金属钠，应用大量的水冲洗。,正确,错误,,,B,,接口直采,1,2026/9/18 12:50:25
判断题,实验结束后，生物安全柜内使用过的仪器、设备等物品可能被污染，故可置于柜内不必移出。,正确,错误,,,B,,接口直采,1,2026/9/18 12:50:35
判断题,实验结束后，实验人员应对各种实验器具、设备进行整理，气源、电源、火源等确认安全后方可离开。,正确,错误,,,A,,接口直采,1,2026/9/18 12:50:32
判断题,实验结束后，要关闭设备，断开电源，并将有关实验用品整理好。,正确,错误,,,A,,接口直采,1,2026/9/18 12:50:27
判断题,实验结束后，应该打扫卫生、整理或运走废弃的试样或物品。,正确,错误,,,A,,接口直采,1,2026/9/18 12:50:20
判断题,实验结束后，直接关闭闭气体气瓶总阀。,正确,错误,,,B,,接口直采,1,2026/9/18 12:50:23
判断题,实验进行前要了解实验仪器的使用说明及注意事项，实验过程中要严格按照操作规程进行操作。,正确,错误,,,A,,接口直采,1,2026/9/18 12:50:38
判断题,实验课购置的实验动物是清洁级的，所以没有致病的可能。,正确,错误,,,B,,接口直采,1,2026/9/18 12:50:35
判断题,实验楼的电闸箱起火，可以用实验楼的消火栓灭火。,正确,错误,,,B,,接口直采,1,2026/9/18 12:50:32
判断题,实验器皿：指用以盛装实验物品的物件的总称。,正确,错误,,,A,,接口直采,1,2026/9/18 12:50:38
判断题,实验人发现或造成设备电源损坏存在安全隐患时，应及时切断上级电源并向实验室管理人报告，不可刻意隐瞒，不可自行维修,正确,错误,,,A,,接口直采,1,2026/9/18 12:50:42
判断题,实验人员进入放射性实验室不仅要面对放射性外照射，还会接触有毒性的放射性核素（吸收进入人体后形成内照射），以及操作与使用时间长短等问题。,正确,错误,,,A,,接口直采,1,2026/9/18 12:50:16
判断题,实验人员进入II级动物生物安全实验室（ABSL-2）屏障系统后的穿戴防护先后程序为：戴第一副乳胶手套→戴普通口罩→戴N95口罩→穿连脚防护灭菌服→用消毒药液洗手→用纸巾擦干或风吹干手部→戴第二副手套。,正确,错误,,,A,,接口直采,1,2026/9/18 12:50:35
判断题,实验人员可一人独立使用剧毒化学品开展实验。,正确,错误,,,B,,接口直采,1,2026/9/18 12:50:25
判断题,实验设备加油时，油不能加得太满，应留有膨胀的空间。,正确,错误,,,A,,接口直采,1,2026/9/18 12:50:38
判断题,实验设备加油时可吸烟或附近有明火。,正确,错误,,,B,,接口直采,1,2026/9/18 12:50:38
判断题,"实验时,禁止用口吸方式移液。",正确,错误,,,A,,接口直采,1,2026/9/18 12:50:25
判断题,实验室：是根据不同的实验性质、任务和要求，设置相应的实验装置以及其他专用设施，由教学、科研人员在实验技术人员合作下，有控制地进行教学、科研、生产、技术开发等实验的场所和机构。,正确,错误,,,A,,接口直采,1,2026/9/18 12:50:27
判断题,实验室安全：是指在实验过程中，主观安全意识强烈，并采用了有效的方法和技巧，使得实验室不发生安全事故，对实验室工作者和周围人群不产生伤害，没有造成人身、财产威胁，对环境没有造成污染。,正确,错误,,,A,,接口直采,1,2026/9/18 12:50:27
判断题,实验室安全工作的中心任务是防止发生人员伤亡、财产和科研资料损失。,正确,错误,,,A,,接口直采,1,2026/9/18 12:50:27
判断题,实验室安全工作的中心任务是防止发生人员伤亡和财产损失。,正确,错误,,,A,,接口直采,1,2026/9/18 12:50:27
判断题,实验室安全管理过程中应遵从以下6个原则：安全首位、科学合理、预防为主、方便使用、远离危害、以人为本。,正确,错误,,,A,,接口直采,1,2026/9/18 12:50:27
判断题,实验室安全管理制度的制定原则包括：合法合规、切实可用、全面覆盖、方便使用、持续完善。,正确,错误,,,A,,接口直采,1,2026/9/18 12:50:27
判断题,实验室安全管理制度的主要内容包括：评估制度、安全计划审核制度、安全检查制度、报告制度、标识制度、记录制度、准入制度、人员培训制度、安全效益评价制度、安全年报制度、奖励与惩罚制度。,正确,错误,,,A,,接口直采,1,2026/9/18 12:50:27
判断题,实验室安全管理制度具有4个特点，分别是：权威性、排他性、特定范围内的普遍适用性、相对稳定性。,正确,错误,,,A,,接口直采,1,2026/9/18 12:50:27
判断题,实验室安全管理制度应具有权威性和稳定性，一旦制定，在任何情况下都必须遵守且不能更改。,正确,错误,,,B,,接口直采,1,2026/9/18 12:50:27
判断题,实验室安全评价：是对与安全有关的所有因素的状态，包括为去除、减少和降低危害采取措施后的效果的评价，本质上是对实验室是否存在安全隐患的评价，亦可称为风险评价或风险评估。评价的结果为是否开展实验活动做出决定提供合理客观的依据。,正确,错误,,,A,,接口直采,1,2026/9/18 12:50:27
判断题,实验室安全评价要对可能导致不安全的所有因素的状态（不含采取措施后的效果）进行估计，这些不安全因素可能来自设施、设备、装备等硬件部分，也可能来自技术操作规范与否等软件部分。,正确,错误,,,B,,接口直采,1,2026/9/18 12:50:27
判断题,实验室安全事故的表现形式主要有：火灾、爆炸、中毒、灼伤、病原微生物感染、辐照和机电伤人等。,正确,错误,,,A,,接口直采,1,2026/9/18 12:50:27
判断题,实验室安全事故的形式主要有起火燃烧、爆炸、毒害、机电伤人、烫伤和设备损坏。,正确,错误,,,A,,接口直采,1,2026/9/18 12:50:27
判断题,实验室安全是实验室健康可持续发展的前提和保障。,正确,错误,,,A,,接口直采,1,2026/9/18 12:50:27
判断题,实验室安全文化：实验室安全文化是存在于实验室组织和个人中的安全意识、安全态度、安全责任、安全知识、安全能力和安全行为方式等的总和，包括具有传承性的实验室物质文化、制度文化、精神文化和行为文化等。,正确,错误,,,A,,接口直采,1,2026/9/18 12:50:27
判断题,实验室安全效益不是在事故发生之时才会表现价值和作用，而是在安全措施运行之时就能体现出来。,正确,错误,,,B,,接口直采,1,2026/9/18 12:50:27
判断题,实验室安全与卫生工作应坚持“安全第一，预防为主”的原则。,正确,错误,,,A,,接口直采,1,2026/9/18 12:50:27
判断题,实验室安全与卫生检查内容主要包括实验室布置、卫生、水电安全、冰箱与烘箱使用管理、危险品使用与保管、化学与生物废弃物（气、液、固态物）的处置、排污管理、气体钢瓶安全、放射性安全等。,正确,错误,,,A,,接口直采,1,2026/9/18 12:50:27
判断题,实验室安全准人制是一次性的审核，是对人员开展风险评估的一种管理方式，一般遵循固定的安排，不随便根据人员状态调整。,正确,错误,,,B,,接口直采,1,2026/9/18 12:50:27
判断题,实验室必须放置一定数量的灭火器，且须放在便于取用的显著位置，按要求定期检查更换。,正确,错误,,,A,,接口直采,1,2026/9/18 12:50:32
判断题,实验室必须配备符合本室要求的消防器材，消防器材要放置在明显或便于拿取的位置，严禁任何人以任何借口把消防器材移作他用。,正确,错误,,,A,,接口直采,1,2026/9/18 12:50:32
判断题,实验室必须配备符合本室要求的消防器材，消防器材要放置在明显或便于拿取的位置。严禁任何人以任何借口把消防器材移作它用。,正确,错误,,,A,,接口直采,1,2026/9/18 12:50:32
判断题,实验室必须妥善保管消防器材和防盗装置，并定期检查。消防器材不得移作它用，周围禁止堆放杂物。,正确,错误,,,A,,接口直采,1,2026/9/18 12:50:32
判断题,实验室冰箱内不得混放容易产生放热反应的化学品。,正确,错误,,,A,,接口直采,1,2026/9/18 12:50:21
判断题,实验室冰箱内不得混放容易相互反应的化学品。,正确,错误,,,A,,接口直采,1,2026/9/18 12:50:25
判断题,实验室冰箱内可混放任意化学品。,正确,错误,,,B,,接口直采,1,2026/9/18 12:50:25
判断题,实验室冰箱中可以放置食品。,正确,错误,,,B,,接口直采,1,2026/9/18 12:50:27
判断题,实验室不得存放过多的有机溶剂及易燃物。,正确,错误,,,A,,接口直采,1,2026/9/18 12:50:25
判断题,实验室不得乱拉电线，套接接线板。,正确,错误,,,A,,接口直采,1,2026/9/18 12:50:37
判断题,实验室不同操作产生的微生物气溶胶颗粒浓度和污染程度是不一样的。,正确,错误,,,A,,接口直采,1,2026/9/18 12:50:35
判断题,实验室不允许穿露脚趾的鞋子。,正确,错误,,,A,,接口直采,1,2026/9/18 12:50:27
判断题,实验室产生的废气通过通风橱内的通风管道直接排到室外。,正确,错误,,,B,,接口直采,1,2026/9/18 12:50:20
判断题,实验室产生的废弃物应采用统一收集、分类暂存、定期清运的模式进行处置。,正确,错误,,,A,,接口直采,1,2026/9/18 12:50:20
判断题,实验室产生的废酸、碱，如果不含其他污染物，可中和后倾倒，并用大量的水冲洗管道。,正确,错误,,,A,,接口直采,1,2026/9/18 12:50:20
判断题,实验室产生的危险废液应分类收集于密闭容器中，统一进行处理。,正确,错误,,,A,,接口直采,1,2026/9/18 12:50:20
判断题,实验室产生的危险性废液必须回收，交由学校统一处理。由专门机构负责无害化处理，使其变为无害物质，尽量减少对环境的污染。,正确,错误,,,A,,接口直采,1,2026/9/18 12:50:20
判断题,实验室产生的危险性废液必须回收，统一由专门机构负责无害化处理，使其变为无害物质，尽量减少对环境的污染。,正确,错误,,,A,,接口直采,1,2026/9/18 12:50:20
判断题,实验室常用的灭火方法：用水灭火、沙土灭火、灭火器灭火。,正确,错误,,,A,,接口直采,1,2026/9/18 12:50:32
判断题,实验室地面出现溢水的主要原因之一是忘记关闭水龙头，尤其停水时忘关水龙头，因此离开实验室时要认真检查。,正确,错误,,,A,,接口直采,1,2026/9/18 12:50:18
判断题,实验室的电源总闸没有必要每天离开时都关闭，只要关闭常用电气的电源即可。,正确,错误,,,B,,接口直采,1,2026/9/18 12:50:37
判断题,实验室的废液可以放入同一个废液桶中进行处理。,正确,错误,,,B,,接口直采,1,2026/9/18 12:50:20
判断题,实验室的耗材废弃物可以投入普通垃圾中处理。,正确,错误,,,B,,接口直采,1,2026/9/18 12:50:20
判断题,实验室的建设不需论证功能布局和安全，只需要委托承包单位负责即可。,正确,错误,,,B,,接口直采,1,2026/9/18 12:50:27
判断题,实验室的接线板远离可能有水的位置和高温环境。,正确,错误,,,A,,接口直采,1,2026/9/18 12:50:37
判断题,实验室的马弗炉、电烤箱、离心机等大功率设备可以和其他设备共用电源，不需要单独设计电源。,正确,错误,,,B,,接口直采,1,2026/9/18 12:50:37
判断题,实验室的门至楼梯间的最长距离可以设计为40米。,正确,错误,,,B,,接口直采,1,2026/9/18 12:50:27
判断题,实验室的药品和设备一定要标明其名称，以免误用。,正确,错误,,,A,,接口直采,1,2026/9/18 12:50:25
判断题,实验室电路保险丝断了，可自行接上或用铜丝代替。,正确,错误,,,B,,接口直采,1,2026/9/18 12:50:32
判断题,实验室毒物进入人体有三条途径即皮肤、消化道和呼吸道。 实验室防毒应加强个人防护。,正确,错误,,,A,,接口直采,1,2026/9/18 12:50:25
判断题,实验室发生的小安全事故可自行处理，不需上报相关部门。,正确,错误,,,B,,接口直采,1,2026/9/18 12:50:27
判断题,实验室发生非火灾类事故，应立即报告单位负责人和学校保卫处，设立警戒区并撤离无关人员，以减轻潜在危害。,正确,错误,,,A,,接口直采,1,2026/9/18 12:50:15
判断题,实验室发生火警、火灾时，应立即采取措施灭火，并报保卫处或119。,正确,错误,,,A,,接口直采,1,2026/9/18 12:50:32
判断题,实验室发现可燃气体泄漏，要迅速切断电源，打开门窗。,正确,错误,,,B,,接口直采,1,2026/9/18 12:50:15
判断题,实验室废铬酸洗液可以用高锰酸钾氧化法使其再生，继续使用。,正确,错误,,,A,,接口直采,1,2026/9/18 12:50:20
判断题,实验室废弃的培养基、菌种保存液等生物活性材料，可使用杀菌剂进行消毒。,正确,错误,,,B,,接口直采,1,2026/9/18 12:50:20
判断题,实验室废弃物：指实验过程中产生的三废（废气、废液、固体废物）物质、实验用剧毒物品、麻醉品、化学药品残留物、放射性废弃物、实验动物尸体及器官、病原微生物标本以及对环境有污染的废弃物。,正确,错误,,,A,,接口直采,1,2026/9/18 12:50:20
判断题,实验室废弃物按形态可以分为气态废弃物、液态废弃物和固态废弃物。,正确,错误,,,A,,接口直采,1,2026/9/18 12:50:20
判断题,实验室废弃物按性质可以分为化学性废物、生物性废物和放射性废物。,正确,错误,,,A,,接口直采,1,2026/9/18 12:50:20
判断题,实验室废弃物可以掩埋处理。,正确,错误,,,B,,接口直采,1,2026/9/18 12:50:20
判断题,实验室废弃物是指实验过程中产生的具有各种毒性、易燃性、爆炸性、腐蚀性、化学反应性和传染性，并会对生态环境和人类健康构成危害的所有废弃物。,正确,错误,,,A,,接口直采,1,2026/9/18 12:50:20
判断题,实验室废弃物在处置前可以存放在走廊公共区域。,正确,错误,,,B,,接口直采,1,2026/9/18 12:50:20
判断题,实验室废液必须按照废液相容表进行收集，不得将不相容的物质进行混装。,正确,错误,,,A,,接口直采,1,2026/9/18 12:50:20
判断题,实验室废液可按有机废液、强酸废液、强碱废液、其他无机废液等分类进行收集。,正确,错误,,,A,,接口直采,1,2026/9/18 12:50:20
判断题,实验室废液可以放入同一个废液桶中收集。,正确,错误,,,B,,接口直采,1,2026/9/18 12:50:20
判断题,实验室风险应对措施并不一定能将原有风险降到零甚至还有可能引起其他风险，那么，对剩余风险也需要进行评价、应对、监督和检查。,正确,错误,,,A,,接口直采,1,2026/9/18 12:50:27
判断题,实验室负责人工作变动时应及时做好工作交接和信息更新。,正确,错误,,,A,,接口直采,1,2026/9/18 12:50:25
判断题,实验室工作区不允许进食、饮水、吸烟、化妆、处理隐形眼镜。,正确,错误,,,A,,接口直采,1,2026/9/18 12:50:27
判断题,实验室工作人员对所从事实验的性质应比较了解，并严格按照实验程序和操作规程进行实验，对实验中可能出现的情况要有心理准备，一旦出现问题要有应对措施。,正确,错误,,,A,,接口直采,1,2026/9/18 12:50:27
判断题,实验室工作人员控制危害的能力取决于实验室所有成员的培训、技术熟练程度、良好习惯的培养、操作的完整性，而与防护设备和设施、保护措施无关。,正确,错误,,,B,,接口直采,1,2026/9/18 12:50:27
判断题,实验室工作人员在实际或可能接触了血液、体液或其他污染材料后，若操作时戴有手套可以在摘去手套后不洗手。,正确,错误,,,B,,接口直采,1,2026/9/18 12:50:28
判断题,实验室工作人员在摘除手套后、使用卫生间前后、离开实验室前、进食或吸烟前、接触每一患者前后应例行洗手。,正确,错误,,,A,,接口直采,1,2026/9/18 12:50:28
判断题,实验室固态废物应收集在适宜的容器或纸箱内，封闭存放。,正确,错误,,,A,,接口直采,1,2026/9/18 12:50:20
判断题,实验室获得性感染报告是病原体实验室危害的明确指标，常常有助于识别病原体和操作程序的危害，没有报告则意味着风险最小。,正确,错误,,,B,,接口直采,1,2026/9/18 12:50:35
判断题,实验室获得性感染事故会导致感染者出现不同的感染后果（甚至死亡），虽然迄今为止尚未在家庭成员中或社会接触者中发生第二代感染，但相应人员必须做好防范工作。,正确,错误,,,B,,接口直采,1,2026/9/18 12:50:35
判断题,实验室获得性感染是实验室生物安全关注的核心问题，虽然不是一个公共卫生问题，但也应该引起重视。,正确,错误,,,B,,接口直采,1,2026/9/18 12:50:35
判断题,实验室建立危险化学品使用安全责任制，各二级单位实验室负责人负责本单位实验室所有危险化学品的安全管理工作。,正确,错误,,,A,,接口直采,1,2026/9/18 12:50:25
判断题,实验室建筑：用于科学研究、教育教学、检验检测实验的建筑。,正确,错误,,,A,,接口直采,1,2026/9/18 12:50:27
判断题,实验室进行蒸馏操作时，对于爆炸性物质或不稳定物质，须小心地蒸馏直到剩余少量残渣。,正确,错误,,,B,,接口直采,1,2026/9/18 12:50:21
判断题,实验室进行蒸馏操作时，对于爆炸性物质或不稳定物质，须小心地蒸馏直到蒸干。,正确,错误,,,B,,接口直采,1,2026/9/18 12:50:25
判断题,实验室禁止私拉乱接电线，实验过程中自制非标设备时，应报请实验室管理人员批准，然后请电气专业人员处理。,正确,错误,,,A,,接口直采,1,2026/9/18 12:50:37
判断题,实验室可以存放大桶有机试剂。,正确,错误,,,B,,接口直采,1,2026/9/18 12:50:25
判断题,实验室可以派单人到库房领取剧毒化学品。,正确,错误,,,B,,接口直采,1,2026/9/18 12:50:25
判断题,实验室可以随意使用明火炉。,正确,错误,,,B,,接口直采,1,2026/9/18 12:50:27
判断题,实验室每个工作人员都应主动报告可能不适于从事特定任务的个人状态，不因人事、经济等任何压力而违反规定，并主动识别和报告任何危险和不符合规定的工作。,正确,错误,,,A,,接口直采,1,2026/9/18 12:50:27
判断题,实验室门口应挂上写有安全责任人的姓名和联系方式的牌子。,正确,错误,,,A,,接口直采,1,2026/9/18 12:50:27
判断题,实验室面积没有统一标准，可根据实验室的用途和使用情况确定。,正确,错误,,,A,,接口直采,1,2026/9/18 12:50:27
判断题,实验室灭火的方法要针对起因选用合适的方法。一般小火可用湿布、石棉布或沙子覆盖燃烧物即可灭火。,正确,错误,,,A,,接口直采,1,2026/9/18 12:50:32
判断题,实验室内彼此保持安静，不得进行娱乐活动。,正确,错误,,,A,,接口直采,1,2026/9/18 12:50:27
判断题,实验室内必须存放一定数量的消防器材，且必须放置在便于取用的明显位置，指定专人管理，按要求定期检查更换。,正确,错误,,,A,,接口直采,1,2026/9/18 12:50:32
判断题,实验室内不得停放自行车、电动车、汽车。,正确,错误,,,A,,接口直采,1,2026/9/18 12:50:27
判断题,实验室内不许存放易燃、易爆物品，但可以堆放个人物品。,正确,错误,,,B,,接口直采,1,2026/9/18 12:50:32
判断题,实验室内不允许化妆、咬笔以避免接触感染性物质，但允许吃口香糖，因为口香糖不会造成感染性物质的吸入。,正确,错误,,,B,,接口直采,1,2026/9/18 12:50:27
判断题,实验室内出现火情，若被困在室内时，应迅速打开水龙头，将所有可盛水的容器装满水，并把毛巾打湿。用湿毛巾捂嘴，可以遮住部分浓烟不被吸入。,正确,错误,,,A,,接口直采,1,2026/9/18 12:50:32
判断题,实验室内出现火情逃到室外走廊时，要尽量做到随手关门，这样一来可阻挡火势随人运动而迅速蔓延，增加逃生的有效时间。,正确,错误,,,A,,接口直采,1,2026/9/18 12:50:32
判断题,实验室内存放的易燃易爆物品必须与火源、电源保持一定距离，不得随意堆放。,正确,错误,,,A,,接口直采,1,2026/9/18 12:50:32
判断题,实验室内的电线、开关、灯头、插头、插座等一切电器用具，要经常检查是否完好，有无漏电、潮湿、霉烂等情况。一旦有问题应立即报修。,正确,错误,,,A,,接口直采,1,2026/9/18 12:50:37
判断题,实验室内的浓酸、浓碱处理，一般要先中和后倾倒，并用大量的水冲洗管道。,正确,错误,,,A,,接口直采,1,2026/9/18 12:50:20
判断题,实验室内的浓酸、浓碱如果不经处理，沿下水道流走，对管道会产生很强的腐蚀，又造成环境的污染。,正确,错误,,,A,,接口直采,1,2026/9/18 12:50:20
判断题,实验室内电气设备及线路设施必须严格按照安全用电规程和设备要求实施，不许乱接、乱拉电线，墙上电源未经允许，不得拆线、改线。,正确,错误,,,A,,接口直采,1,2026/9/18 12:50:37
判断题,实验室内电源根据需要可自行拆装、改线。,正确,错误,,,B,,接口直采,1,2026/9/18 12:50:37
判断题,实验室内禁止抽烟、进食。,正确,错误,,,A,,接口直采,2,2026/9/18 12:50:27
判断题,实验室内科研试验设备使用的计算机可以连接教育网或公共网。,正确,错误,,,B,,接口直采,1,2026/9/18 12:50:33
判断题,实验室内可设置废弃物暂存区暂时存放产生的危险废物，须张贴相应警示标识，暂存区外边界地面应施划5cm宽的黑黄色警戒线。,正确,错误,,,A,,接口直采,1,2026/9/18 12:50:20
判断题,实验室内可以抽烟。,正确,错误,,,B,,接口直采,1,2026/9/18 12:50:27
判断题,实验室内可以堆放个人物品。,正确,错误,,,B,,接口直采,1,2026/9/18 12:50:27
判断题,实验室内可以使用电炉、微波炉、电磁炉、电饭煲等取暖、做饭。,正确,错误,,,B,,接口直采,1,2026/9/18 12:50:27
判断题,实验室内可以使用木制配电板、闸刀开关、花线电线。,正确,错误,,,B,,接口直采,1,2026/9/18 12:50:37
判断题,实验室内可以在无易燃物的位置吸烟。,正确,错误,,,B,,接口直采,1,2026/9/18 12:50:27
判断题,实验室内如存有易燃易爆危险品，不可使用明火。,正确,错误,,,A,,接口直采,1,2026/9/18 12:50:32
判断题,实验室内使用电加热设备时，周围的易燃物应做好防火措施。,正确,错误,,,B,,接口直采,1,2026/9/18 12:50:32
判断题,实验室内使用电加热设备时必须确定位置，定点使用，周围严禁有易燃物。,正确,错误,,,A,,接口直采,1,2026/9/18 12:50:32
判断题,实验室内通道：在建筑物中自成隔离区内的通道，如生物安全三级、四级实验室的缓冲间区域等。,正确,错误,,,A,,接口直采,1,2026/9/18 12:50:27
判断题,实验室内严禁吸烟、饮食，或把食具带进实验室。实验完毕，必须洗净双手。,正确,错误,,,A,,接口直采,1,2026/9/18 12:50:27
判断题,实验室内应使用空气开关并配备必要的漏电保护器，并根据需要随时增加多用插头数量，保证仪器设备正常运行。,正确,错误,,,B,,接口直采,1,2026/9/18 12:50:32
判断题,实验室内应使用空气开关并配备必要的漏电保护器；电气设备应配备足够的用电功率和电线，不得超负荷用电；电气设备和大型仪器须接地良好，对电线老化等隐患要定期检查并及时排除。,正确,错误,,,A,,接口直采,1,2026/9/18 12:50:37
判断题,实验室内贮有一定量的易燃易爆化学危险品，如使用和保管不当，极易引发火灾。,正确,错误,,,A,,接口直采,1,2026/9/18 12:50:32
判断题,实验室排水系统：将分散在实验楼各房间内的试验设备、辅助设备、卫生器具等使用后排出的生产污水、生活污水分类汇集后排往室外排水管网的排污系统。,正确,错误,,,A,,接口直采,1,2026/9/18 12:50:27
判断题,实验室普通工作人员不需要参加消防安全教育活动。,正确,错误,,,B,,接口直采,1,2026/9/18 12:50:27
判断题,实验室气体钢瓶必须用铁链、钢瓶柜等固定，以防止倾倒引发安全事故。,正确,错误,,,A,,接口直采,1,2026/9/18 12:50:23
判断题,实验室人员必须定期检查设备、水电线路、门窗等是否完好，如发现问题，必须及时进行维修。,正确,错误,,,A,,接口直采,1,2026/9/18 12:50:27
判断题,实验室人员的个体防护装备在生物安全防护中属于二级防护屏障。,正确,错误,,,B,,接口直采,1,2026/9/18 12:50:35
判断题,实验室人员发生触电时，应迅速切断电源，将触电者上衣解开，取出口中异物，然后进性人工呼吸。当患者恢复呼吸时，应立即送医院。,正确,错误,,,A,,接口直采,1,2026/9/18 12:50:15
判断题,实验室人员管理的核心要素是达成安全责任、安全意识与安全行为的“知行合一”。,正确,错误,,,A,,接口直采,1,2026/9/18 12:50:27
判断题,实验室人员在戴乳胶手套，尤其是那些添加了粉末的手套时，曾有发生皮炎及速发型超敏反应等的报道，所以应配备替代加粉乳胶手套的品种。,正确,错误,,,A,,接口直采,1,2026/9/18 12:50:28
判断题,实验室人员在取得放射性安全培训合格证书之后，即可参加所有级别的辐射工作。,正确,错误,,,B,,接口直采,1,2026/9/18 12:50:16
判断题,实验室认可：是由主任评审员和技术评审员对实验室内所有影响其出具检测／校准数据的准确性和可靠性的因素进行的全面评审。,正确,错误,,,A,,接口直采,1,2026/9/18 12:50:27
判断题,实验室认可可以自愿申请，检验检测机构的资质认定是行政许可制度。,正确,错误,,,A,,接口直采,1,2026/9/18 12:50:27
判断题,实验室如发现存在安全隐患，要及时向所在学院和实验室负责人、保卫处、实验室处报告，并采取措施进行整改。对安全隐患隐瞒不报或拖延上报的，学校将对相关责任人进行严肃处理。,正确,错误,,,A,,接口直采,1,2026/9/18 12:50:27
判断题,实验室设备一般是按照设备仪器的精密贵重程度、主要功能和使用方向、结构及技术原理等进行分类。,正确,错误,,,A,,接口直采,1,2026/9/18 12:50:38
判断题,实验室生物安全手册应包括生物危险、化学品安全、电气安全、消防等内容（不包括从工作区撤离和事件处理规程），且应在工作区随时可用。,正确,错误,,,B,,接口直采,1,2026/9/18 12:50:35
判断题,实验室生物样本、培养物和被污染的废弃物在从实验室取走之前，应通过高压灭菌等处理手段使其达到生物学安全。,正确,错误,,,A,,接口直采,1,2026/9/18 12:50:20
判断题,实验室盛装易燃易爆或有毒气体的气瓶确因条件限制不能放置在室外的，气瓶必须存放在具有防爆及强排风装置的气瓶柜中，安装可燃气体探测器与报警装置，由专业公司进行安全评估、二级单位负责人审核同意、报检测中心备案后方可使用。,正确,错误,,,A,,接口直采,1,2026/9/18 12:50:23
判断题,实验室使用的大功率电加热器等用电设备，要保证接地安全。,正确,错误,,,A,,接口直采,1,2026/9/18 12:50:32
判断题,实验室事故与实验操作与管理人员普遍存在的侥幸心理、自负心理与从众心理等心理诱因密切相关。,正确,错误,,,A,,接口直采,1,2026/9/18 12:50:27
判断题,实验室通风：借助换气稀释或通风排除等手段，控制空气污染物的传播与危害，实现室内外空气环境质量保障的一种建筑环境控制技术。,正确,错误,,,A,,接口直采,1,2026/9/18 12:50:27
判断题,实验室外通道：实验室外的走廊、电梯间等区域。,正确,错误,,,A,,接口直采,1,2026/9/18 12:50:27
判断题,实验室危险废物：指的是由实验室产生的具有腐蚀性、毒性、易燃性、反应性或者感染性等一种或者几种危险特性的，或者不排除具有危险特性，可能对环境或者人体健康造成有害影响的废弃物。,正确,错误,,,A,,接口直采,1,2026/9/18 12:50:20
判断题,实验室危险废物产生单位必须按照国家有关规定申报登记，按照国家有关规定处置。,正确,错误,,,A,,接口直采,1,2026/9/18 12:50:20
判断题,实验室危险废物产生单位应当按照国家有关规定制订实验室危险废物管理计划，建立危险废物管理台账。,正确,错误,,,A,,接口直采,1,2026/9/18 12:50:20
判断题,实验室危险废物的处置，应严格执行危险废物转移联单制度，定期交由有资质的危险废物处理公司统一打包、清运及处置。,正确,错误,,,A,,接口直采,1,2026/9/18 12:50:20
判断题,实验室危险化学品不是实验室统一管理的重要环节。,正确,错误,,,B,,接口直采,1,2026/9/18 12:50:25
判断题,实验室危险弃物需张贴危险废物标识并划分专门区域存放。,正确,错误,,,A,,接口直采,1,2026/9/18 12:50:20
判断题,实验室洗手池不得用于其他目的；在限制使用洗手池的地点，使用基于乙醇的“无水”手部清洁产品是可接受的替代方式。,正确,错误,,,A,,接口直采,1,2026/9/18 12:50:28
判断题,实验室消防设施：包括适用于医学及医学生物学实验室的防火器材和各类安全措施。,正确,错误,,,A,,接口直采,1,2026/9/18 12:50:32
判断题,实验室行为、工作习惯或材料的改变可能对内务和（或）维护人员有潜在危险时，应报告实验室负责人，并书面告知内务和维护人员的管理者。,正确,错误,,,A,,接口直采,1,2026/9/18 12:50:27
判断题,实验室一旦出现火情，为避免污染气体进入肺部，不应大声呼叫。,正确,错误,,,B,,接口直采,1,2026/9/18 12:50:32
判断题,实验室一旦出现火情，应立即大声呼叫，让周边的人能尽快采取措施。,正确,错误,,,A,,接口直采,1,2026/9/18 12:50:32
判断题,实验室一旦出现火情，应立即切断电源，积极进行灭火，火势无法控制时应马上逃离现场并迅速报警。,正确,错误,,,A,,接口直采,1,2026/9/18 12:50:32
判断题,实验室一旦出现火情，应立即切断电源，及时进行灭火并迅速报警，如果火势无法控制须马上逃离。,正确,错误,,,A,,接口直采,1,2026/9/18 12:50:32
判断题,实验室一旦发生起火，不要惊慌失措，应利用消防器材，采取有效措施控制、扑灭火灾。,正确,错误,,,A,,接口直采,1,2026/9/18 12:50:32
判断题,实验室一旦起火，不要惊慌失措，应利用消防器材，采取有效措施控制、扑灭火灾。,正确,错误,,,A,,接口直采,1,2026/9/18 12:50:32
判断题,实验室应保持整洁有序，不准喧哗、打闹、抽烟。,正确,错误,,,A,,接口直采,1,2026/9/18 12:50:27
判断题,实验室应当对特种设备进行经常性维护保养和定期自行检查，并建立安全技术档案。,正确,错误,,,A,,接口直采,1,2026/9/18 12:50:30
判断题,"实验室应对仪器设备加强维护保养,定期校验和检修。",正确,错误,,,A,,接口直采,1,2026/9/18 12:50:38
判断题,实验室应建立安全年报制度，对安全成效进行宣传，以合适的方式向所有利益相关方，而不仅仅是实验室成员内部公布实验室的运行状态。,正确,错误,,,A,,接口直采,1,2026/9/18 12:50:27
判断题,实验室应建立报告制度，所有的实验室事件和事故（疾病属个人隐私，不在此范围内）都应当以口头或者书面形式进行报告。,正确,错误,,,B,,接口直采,1,2026/9/18 12:50:27
判断题,实验室应将相应的规章制度和操作规程挂到墙上或便于取阅的地方。,正确,错误,,,A,,接口直采,1,2026/9/18 12:50:27
判断题,实验室应配备相应的消防器材，参加实验人员要熟悉其存放位置及使用方法并掌握有关的灭火知识。,正确,错误,,,A,,接口直采,1,2026/9/18 12:50:32
判断题,实验室应配备相应的消防器材。参加实验人员要熟悉其存放位置及使用方法并掌握有关的灭火知识。,正确,错误,,,A,,接口直采,1,2026/9/18 12:50:32
判断题,实验室应配置洗眼器和紧急淋浴器等安全设施。,正确,错误,,,A,,接口直采,1,2026/9/18 12:50:28
判断题,实验室应时常监测生物安全柜以确保其设计性能符合相关要求。应保存检查记录和任何功能性测试结果，并在安全柜上标记检查证明。,正确,错误,,,A,,接口直采,1,2026/9/18 12:50:35
判断题,实验室应投入经费定期采购先进的、安全的实验设备，淘汰陈旧的、有故障的、已超过使用年限的仪器设备，避免因仪器设备老旧而引发安全事故。（）,正确,错误,,,A,,接口直采,1,2026/9/18 12:50:27
判断题,实验室原则上以氢气发生器代替氢气瓶。其他盛装易燃易爆或有毒气体的气瓶均可以放置在室内。,正确,错误,,,B,,接口直采,1,2026/9/18 12:50:23
判断题,实验室治安安全是以实现实验室安全有序为主要目的，利用各种力量、手段和措施，及时有效防范和控制危险因素，保障实验室人、财、物和生态环境等安全，科学、高效、有序地做好事前预防、事发应对、事中处置、善后恢复等工作。,正确,错误,,,A,,接口直采,1,2026/9/18 12:50:27
判断题,实验室中的各种材料由于其自身性质、导致危害的途径、引起的后果不同，在选择、采购、运输、验收、保存、使用和废物处置时都需要遵循与其特性相适应的要求和程序。,正确,错误,,,A,,接口直采,1,2026/9/18 12:50:27
判断题,实验室中使用臭氧发生设备时，应保证管路气密性，并将尾气用硫代硫酸钠溶液吸收，以免室内臭氧浓度过高。,正确,错误,,,A,,接口直采,1,2026/9/18 12:50:25
判断题,实验室中众多操作过程中可以产生微生物气溶胶的并不多，所以应该将主要精力放在产生大量气溶胶的一些重点操作上。,正确,错误,,,B,,接口直采,1,2026/9/18 12:50:35
判断题,实验室走廊不能放木制桌子、柜子等易燃物品，但可以放金属柜、冰箱等。,正确,错误,,,B,,接口直采,1,2026/9/18 12:50:27
判断题,实验室走廊净宽要满足安全疏散的要求，最小为1.4米。,正确,错误,,,A,,接口直采,1,2026/9/18 12:50:27
判断题,实验台柜应采用耐水、耐高温、耐酸碱腐蚀材料制作。,正确,错误,,,A,,接口直采,1,2026/9/18 12:50:27
判断题,实验完毕后忘记关电源，导致电器通电时间过长，温度过高可造成生物性突发事件。,正确,错误,,,B,,接口直采,1,2026/9/18 12:50:15
判断题,实验仪器使用时要有人在场，不得擅自离开。,正确,错误,,,A,,接口直采,1,2026/9/18 12:50:27
判断题,实验仪器运转时要有人在场，不得擅自离开。,正确,错误,,,A,,接口直采,1,2026/9/18 12:50:38
判断题,实验用动物是指用于实验的各种动物，包括经济动物、观赏动物、农用动物和野生动物等，国家对这些动物也有相应管理和疾病防控，但与实验动物的防控不尽相同。,正确,错误,,,A,,接口直采,1,2026/9/18 12:50:35
判断题,实验用后的一次性手套应作为实验垃圾处理。,正确,错误,,,A,,接口直采,1,2026/9/18 12:50:20
判断题,实验中，进行高温操作时，必须佩戴防高温手套。,正确,错误,,,A,,接口直采,1,2026/9/18 12:50:28
判断题,实验中产生的废液、废物应分类集中处理，不得任意排放；对未知废料不得任意混合。酸、碱或有毒物品溅落时，应及时清理及除毒。,正确,错误,,,A,,接口直采,1,2026/9/18 12:50:20
判断题,实验中的过量化学品应当返回其原来的试剂瓶中以免浪费。,正确,错误,,,B,,接口直采,1,2026/9/18 12:50:25
判断题,实验中溅入口中而尚未下咽的毒物，应立即吐出，并用大量水冲洗口腔。,正确,错误,,,A,,接口直采,1,2026/9/18 12:50:15
判断题,实验中心使用氮气、氦气、氩气、空气、氧气必须放置在气瓶专用贮存空间，气瓶存放数量应符合安全规定。,正确,错误,,,A,,接口直采,1,2026/9/18 12:50:23
判断题,实验中需清洗各种玻璃仪器，时常用到酸性溶液、碱性溶液、有机溶剂等，需注意根据需求选择清洗剂，并且要做好防护。,正确,错误,,,A,,接口直采,1,2026/9/18 12:50:21
判断题,实验中遇到严重割伤，可在伤口上部10cm处用纱布扎紧，减慢流血，并立即送医院。,正确,错误,,,A,,接口直采,1,2026/9/18 12:50:15
判断题,实验中遇到一般割伤，应立即取出伤口内的异物，保持伤口干净，并用酒精棉清除伤口周围的污物，涂上外伤膏或消炎粉。,正确,错误,,,A,,接口直采,1,2026/9/18 12:50:15
判断题,实验中遇到一般烫伤和烧伤，不要弄破水泡，在伤口处用95%的酒精轻涂伤口，涂上烫伤膏或涂一层凡士林油，再用纱布包扎。,正确,错误,,,A,,接口直采,1,2026/9/18 12:50:15
判断题,使用叉车搬运大体积货物时，若货物挡住了视线，应采用倒车方式低速行驶。,正确,错误,,,A,,接口直采,1,2026/9/18 12:50:37
判断题,使用车床、钻床时，操作者禁止戴手套操作。,正确,错误,,,A,,接口直采,1,2026/9/18 12:50:37
判断题,使用锉刀锉削时，禁止使用没有装手柄或手柄裂开的锉刀，也不可将锉刀当作拆卸工具或锤子使用。,正确,错误,,,A,,接口直采,1,2026/9/18 12:50:37
判断题,使用大功率的实验设备前，要检查线路是否接地。,正确,错误,,,A,,接口直采,1,2026/9/18 12:50:37
判断题,使用大功率的通风柜时，不会形成房间空气负压影响实验结果，此时无需采取减少功率或进行局部补风的措施。,正确,错误,,,B,,接口直采,1,2026/9/18 12:50:38
判断题,使用大量气瓶的实验室，要设置符合要求的集中存放室，并要根据气体性质采取必要的防火、防电打火、防辐射等措施。,正确,错误,,,A,,接口直采,1,2026/9/18 12:50:23
判断题,使用大型仪器设备后，使用人员应认真填写开机时间、实验内容、指导人员、操作人员、使用维修情况等内容。,正确,错误,,,A,,接口直采,1,2026/9/18 12:50:38
判断题,使用电烙铁要放在不燃支架上，因不燃支架可以有效阻燃，所以用后不必拔下插头和切断电源。,正确,错误,,,B,,接口直采,1,2026/9/18 12:50:32
判断题,使用电烙铁要放在不燃支架上，周围不得堆放可燃物，用后要拔下插头，下班后要切断实验室的总电源。,正确,错误,,,A,,接口直采,1,2026/9/18 12:50:32
判断题,使用电气设备时，由于维护不及时，当导电粉尘及纤维进入时，可导致短路事故。,正确,错误,,,A,,接口直采,1,2026/9/18 12:50:37
判断题,使用电气设备时可以用两眼插头代替三眼插头。,正确,错误,,,B,,接口直采,1,2026/9/18 12:50:37
判断题,使用电子门禁的大楼和实验室，应对各类人员设置相应的级别，对于门禁卡丢失、人员调动或离校等情况应及时采取措施，办理报失或移交手续。,正确,错误,,,A,,接口直采,1,2026/9/18 12:50:27
判断题,使用多台通风柜时，可能会形成房间空气负压而影响实验结果，此时应设计补风系统。,正确,错误,,,A,,接口直采,1,2026/9/18 12:50:35
判断题,使用放射性核素的实验过程中的洗脱液和闪烁液不属于放射性污染物，但细胞培养液和接触到放射性物质的器械冲洗液体属于放射性污染物。,正确,错误,,,B,,接口直采,1,2026/9/18 12:50:16
判断题,使用放射性同位素的实验室必须申领许可证，因目前的许可证没有登记范围，所以领得许可证后各实验室可根据实验需要自行决定要从事的放射性工作，但必须做好记录。,正确,错误,,,B,,接口直采,1,2026/9/18 12:50:16
判断题,使用放射性同位素和有害射线的医学与医学生物学教学实验室与科研实验室不同，有三废处理措施，符合环保要求即可，相关许可证不是必须的。,正确,错误,,,B,,接口直采,1,2026/9/18 12:50:16
判断题,使用封闭式微型电加热器消毒接种环，能够避免在酒精灯的明火上加热所引起的感染性物质爆溅；最好使用不需要再进行消毒的一次性接种环。,正确,错误,,,A,,接口直采,1,2026/9/18 12:50:35
判断题,使用钢瓶中的气体时，必须要用减压阀，不同种类气体的减压阀不得混用，以防爆炸。,正确,错误,,,A,,接口直采,1,2026/9/18 12:50:23
判断题,使用高温设备要求在防火实验室或配备有防火设施的实验室内进行，并保持通风。,正确,错误,,,A,,接口直采,1,2026/9/18 12:50:38
判断题,使用高温装置时，应选用可简便脱除的服装和干燥的、难以吸水的材料做成的手套。,正确,错误,,,A,,接口直采,1,2026/9/18 12:50:28
判断题,使用高压气瓶时必须得用减压阀，相同规格的气瓶减压阀可以混用。,正确,错误,,,B,,接口直采,1,2026/9/18 12:50:23
判断题,使用过的实验服脱下后，不得与日常衣服放在一起，也不得放在洁净区域。,正确,错误,,,A,,接口直采,1,2026/9/18 12:50:28
判断题,使用和储存易燃、易爆物品的实验室，必须严禁烟火。,正确,错误,,,A,,接口直采,1,2026/9/18 12:50:32
判断题,使用和储存易燃、易爆物品的实验室应根据实际情况安装通风装置，严禁吸烟和使用明火，大楼和实验室应有“严禁烟火”的警示牌，配置必要的消防、冲淋、洗眼、报警和逃生设施。,正确,错误,,,A,,接口直采,1,2026/9/18 12:50:25
判断题,使用角磨机（手砂轮）时，操作者要戴防护眼镜。,正确,错误,,,A,,接口直采,1,2026/9/18 12:50:37
判断题,使用剧毒化学品配制的工作溶液或储备液，标签上除一般信息外，必须注明为剧毒化学品。,正确,错误,,,A,,接口直采,1,2026/9/18 12:50:25
判断题,使用剧毒药品时应该配备个人防护用具，做好应急援救预案。,正确,错误,,,A,,接口直采,1,2026/9/18 12:50:15
判断题,使用离心机时，当部分装载时，离心管可随意放在转头中而不用考虑平衡。,正确,错误,,,B,,接口直采,1,2026/9/18 12:50:38
判断题,使用灭火器前一定要检查灭火器的类型是否适用于该类火灾。,正确,错误,,,A,,接口直采,1,2026/9/18 12:50:32
判断题,使用灭火器前一定要先查看灭火器的类型是否适用该火灾。,正确,错误,,,A,,接口直采,1,2026/9/18 12:50:32
判断题,使用磨床加工工件平面时，应检查磁盘吸力是否正常，工件要吸牢。接触面较小的工件，前后要放挡块、加档板，按工件磨削长度调整好限位挡铁。,正确,错误,,,A,,接口直采,1,2026/9/18 12:50:37
判断题,使用磨床磨平面时，应检查磁盘吸力是否正常，工件要吸牢。接触面较小的工件，前后要放挡块、加档板，按工件磨削长度调整好限位挡铁。,正确,错误,,,A,,接口直采,1,2026/9/18 12:50:37
判断题,使用泡沫灭火器前应将灭火器倒置，将灭火液混合，使它们发生化学反应生成二氧化碳。,正确,错误,,,A,,接口直采,1,2026/9/18 12:50:32
判断题,使用平面磨床磨削平面时，磨削前应检查磁盘吸力是否正常，工件能否吸牢固；磨削接触面较小的工件时，工件前后要放挡块、加挡板，防止工件飞出伤人。,正确,错误,,,A,,接口直采,1,2026/9/18 12:50:37
判断题,使用起重设备时，起升重量可以稍微超过设备限定的起重量。,正确,错误,,,B,,接口直采,1,2026/9/18 12:50:30
判断题,使用起重设备时，一定要提示周围人员注意安全，必要时使用安全警戒线隔离危险区域。,正确,错误,,,A,,接口直采,1,2026/9/18 12:50:30
判断题,使用气瓶必须做到专瓶专用，不得私自改变充装介质，造成气体混装。,正确,错误,,,A,,接口直采,1,2026/9/18 12:50:23
判断题,使用强氧化剂时环境温度不宜过高，通风应良好，并不要与有机物或还原性物质共同使用。,正确,错误,,,A,,接口直采,1,2026/9/18 12:50:25
判断题,使用氢气时，若从气瓶急剧地放出氢气，即使没有火源存在，有时也会着火。,正确,错误,,,A,,接口直采,1,2026/9/18 12:50:23
判断题,使用砂轮打磨工件时，操作者应戴防护眼镜，避免铁屑飞入眼睛。,正确,错误,,,A,,接口直采,1,2026/9/18 12:50:37
判断题,使用砂轮机时应戴防护眼镜，禁止用砂轮的侧面研磨。,正确,错误,,,A,,接口直采,1,2026/9/18 12:50:37
判断题,使用手锯截断工件快要锯断时，要及时用手扶住被锯下的部分，防止工件落下砸伤脚或损坏工件。,正确,错误,,,A,,接口直采,1,2026/9/18 12:50:37
判断题,使用手锯锯工件快要锯断时，要及时用手扶住被锯下的部分，防止工件落下砸伤脚或损坏工件。,正确,错误,,,A,,接口直采,1,2026/9/18 12:50:37
判断题,使用手锯时，安装锯条松紧要适当，锯削时速度不要过快，压力不要过大，以免锯条突然崩断弹出而发生伤人事件。,正确,错误,,,A,,接口直采,1,2026/9/18 12:50:37
判断题,使用手锯时，安装锯条松紧要适当，拉锯速度不要过快，压力不要过大，以免锯条突然崩断弹出而发生伤人事件。,正确,错误,,,A,,接口直采,1,2026/9/18 12:50:37
判断题,使用手提灭火器时，拔掉保险销，握住胶管前端，对准燃烧物根部用力压下压把，灭火剂喷出，就可灭火。,正确,错误,,,A,,接口直采,1,2026/9/18 12:50:32
判断题,使用手提灭火器时，拨掉保险销，对准着火点根部用力压下压把，灭火剂喷出，就可灭火。,正确,错误,,,A,,接口直采,1,2026/9/18 12:50:32
判断题,使用数控铣床时，二人可同时操作，一人装夹工件，另一人执行程序。,正确,错误,,,B,,接口直采,1,2026/9/18 12:50:37
判断题,使用数控铣床时，可以在一人装夹工件时，另一人传输程序。,正确,错误,,,B,,接口直采,1,2026/9/18 12:50:37
判断题,使用通风橱时，应拉下通风橱玻璃活动挡板至手肘处，使胸部以上受玻璃视窗所保护。,正确,错误,,,A,,接口直采,1,2026/9/18 12:50:28
判断题,使用危险化学品单位应当制定本单位事故应急救援预案，配备应急救援人员和必要的应急救援器材、设备，并定期组织演练。,正确,错误,,,A,,接口直采,1,2026/9/18 12:50:15
判断题,使用危险化学品的地方应备有相应的防护用品和急救器材，人员须具备消防、急救知识，并有定期检查和培训制度。,正确,错误,,,A,,接口直采,1,2026/9/18 12:50:25
判断题,使用氧一乙炔火焰气焊与气割前，须检查是否配置了回火保险装置。,正确,错误,,,A,,接口直采,1,2026/9/18 12:50:37
判断题,使用易燃易爆化学品时，不可直接加热或撞击。,正确,错误,,,A,,接口直采,1,2026/9/18 12:50:25
判断题,使用易燃易爆气体时，工作人员应穿防静电服，着绝缘鞋。气瓶存放场地应远离或隔离工作人群，并且通风情况良好。,正确,错误,,,A,,接口直采,1,2026/9/18 12:50:37
判断题,使用原子吸收分光光度计实验结束后，需放掉空压机里残留的油水混合物。,正确,错误,,,A,,接口直采,1,2026/9/18 12:50:38
判断题,使用造型工具时，发生安全问题后不向师傅反映，想办法自行解决。,正确,错误,,,B,,接口直采,1,2026/9/18 12:50:37
判断题,使用钻床工作时，应全面检查钻床、工具、夹具等，确认无误后，方可进行。,正确,错误,,,A,,接口直采,1,2026/9/18 12:50:37
判断题,使用钻床铰孔时，铰刀绝对不可倒转，否则铰刀和孔壁之间容易挤住刀屑，造成孔壁划伤或刀刃崩裂。,正确,错误,,,A,,接口直采,1,2026/9/18 12:50:37
判断题,使用钻床前，操作者应全面检查钻床、刀具安装、工件装夹等是否正常，确认无误后方可进行钻削加工。,正确,错误,,,A,,接口直采,1,2026/9/18 12:50:37
判断题,使用钻床时，如果工件材料较硬或钻孔较深时，应不断将钻头抽出孔外，排出铁屑，防止钻头过热，同时应使用冷却液润滑，必要时采用保护性卡头。,正确,错误,,,A,,接口直采,1,2026/9/18 12:50:37
判断题,使用钻床在小工件上钻孔时，可以直接用手拿住小工件，而不必使用夹具夹持。,正确,错误,,,B,,接口直采,1,2026/9/18 12:50:37
判断题,使用钻床钻孔，无须牢固可靠地装夹工件。,正确,错误,,,B,,接口直采,1,2026/9/18 12:50:37
判断题,使用钻床钻孔时，身体与主轴可以靠近些，这样工作起来比较方便。,正确,错误,,,B,,接口直采,1,2026/9/18 12:50:37
判断题,使用钻床钻孔时，身体与钻床主轴可以靠近些，这样工作起来比较方便。,正确,错误,,,B,,接口直采,1,2026/9/18 12:50:37
判断题,使用钻床钻削细长孔时，应在工作过程中不断将钻头退出孔外，排出铁屑，防止钻头过热，同时应使用冷却液冷却，必要时采用保护性卡头，防止钻头扭断。,正确,错误,,,A,,接口直采,1,2026/9/18 12:50:37
判断题,使用α、β源时要使用镊子，特别注意镊子尖端不要划伤放射源表面，以免影响活度值并且沾污实验室。,正确,错误,,,A,,接口直采,1,2026/9/18 12:50:16
判断题,世界卫生组织、美国和中国对微生物危害等级的分类均为：最小的危害等级是1级危害度，最大的危害等级是4级危害度，危害度是依次递增的。,正确,错误,,,B,,接口直采,1,2026/9/18 12:50:35
判断题,事故救援的应急行动要求在事故第一现场做出有效的反应。,正确,错误,,,A,,接口直采,1,2026/9/18 12:50:15
判断题,事故应急处置的总目标是降低事故的后果。,正确,错误,,,A,,接口直采,1,2026/9/18 12:50:15
判断题,事故应急处置行动要求迅速、准确、有效，这是由于事故具有易猝变、激化和扩大的特点。,正确,错误,,,A,,接口直采,1,2026/9/18 12:50:15
判断题,事故应急预案演练可分为不同规模的演练方法，对预案的完整性和周密性进行评估。,正确,错误,,,A,,接口直采,1,2026/9/18 12:50:15
判断题,事故致因理论轨迹交叉论认为：事故的发生是人的不安全行为（失误）和物的不安全状态（故障）两大因素综合作用的结果；而在构成伤亡事故的人与物两大系列因素中，物的因素占绝对地位。,正确,错误,,,B,,接口直采,1,2026/9/18 12:50:27
判断题,试管不可以直接加热，要先预热。,正确,错误,,,A,,接口直采,1,2026/9/18 12:50:21
判断题,试管是用于盛放少量药品，常温或加热情况下进行少量试剂反应的容器。（）,正确,错误,,,A,,接口直采,1,2026/9/18 12:50:21
判断题,试剂架应装有挡板，以免试剂药品跌落。,正确,错误,,,A,,接口直采,1,2026/9/18 12:50:25
判断题,试验后剩余的金属钠，可用大量水冲洗。,正确,错误,,,B,,接口直采,1,2026/9/18 12:50:25
判断题,试验机的测试数据应分门别类存放，并及时备份。,正确,错误,,,A,,接口直采,1,2026/9/18 12:50:37
判断题,试验结束后，试验者应该打扫卫生并将废弃的试样或物品按照规定进行处理。,正确,错误,,,A,,接口直采,1,2026/9/18 12:50:27
判断题,试制设备安全防护装置应结构简单、布局合理、无锐利边缘，具有足够的可靠性、强度、刚度、稳定性、耐腐蚀性、抗疲劳性，同时与设备运转连锁，保证在安全防护装置未起作用之前，设备不能运转。,正确,错误,,,A,,接口直采,1,2026/9/18 12:50:38
判断题,室温较高时，开启易挥发溶剂瓶盖时，应先将试剂瓶在冷水中浸泡一段时间。,正确,错误,,,A,,接口直采,1,2026/9/18 12:50:21
判断题,室温下汞的蒸汽压为0.0012 mmHg柱，比安全浓度标准大100倍。,正确,错误,,,A,,接口直采,1,2026/9/18 12:50:25
判断题,嗜酒、吸烟与能否进入各生物安全防护级别实验室无关。,正确,错误,,,B,,接口直采,1,2026/9/18 12:50:35
判断题,收集、贮存、运输、利用、处置固体废物的单位和个人，必须采取防扬散、防流失、防渗漏或者其他防止污染环境的措施；不得擅自倾倒、堆放、丢弃、遗撒固体废物。,正确,错误,,,A,,接口直采,1,2026/9/18 12:50:20
判断题,收集、贮存危险废物，必须按照危险废物特性分类进行。,正确,错误,,,A,,接口直采,1,2026/9/18 12:50:20
判断题,收集、贮存危险废物，必须按照危险废物特性分类进行。禁止混合收集、贮存、运输、处置性质不相容而未经安全性处置的危险废物。,正确,错误,,,A,,接口直采,2,2026/9/18 12:50:20
判断题,收集废液时容器中必须留有足够的空间，防止膨胀。,正确,错误,,,A,,接口直采,1,2026/9/18 12:50:20
判断题,收集废液时应防止遗洒，可使用漏斗帮助收集。,正确,错误,,,A,,接口直采,1,2026/9/18 12:50:20
判断题,手工锻打时，锻件应放在下抵铁中央，锻件及垫铁等工具必须放正、放平。,正确,错误,,,A,,接口直采,1,2026/9/18 12:50:37
判断题,手工锻造时，握钳者应将钳把置于体侧，不得正对腹部，或将手放入钳股之间。,正确,错误,,,A,,接口直采,1,2026/9/18 12:50:37
判断题,手工锻造时思想要集中，掌钳者必须夹牢和放稳工件，并控制锤击方向。,正确,错误,,,A,,接口直采,1,2026/9/18 12:50:37
判断题,手套对手部有较好的保护，实验结束后，可直接摘取手套，不用洗手。,正确,错误,,,B,,接口直采,1,2026/9/18 12:50:28
判断题,受热易分解的药品应放置暗、冷处。,正确,错误,,,A,,接口直采,1,2026/9/18 12:50:25
判断题,受日光照射能发生化学反应引起燃烧、爆炸、分解、化合或能产生有毒气体的危险化学品应储存在室内，包装采取避光措施。,正确,错误,,,A,,接口直采,1,2026/9/18 12:50:25
判断题,受阳光照射易燃烧、易爆炸或产生有毒气体的化学危险品和桶装、罐装等易燃液体、气体应当在阴凉通风的地点存放。,正确,错误,,,A,,接口直采,1,2026/9/18 12:50:25
判断题,受阳光照射易燃烧、易爆炸或产生有毒气体的危险化学品和桶装、罐装等易燃液体、气体应当在阴凉通风的地点存放。,正确,错误,,,A,,接口直采,1,2026/9/18 12:50:25
判断题,数据安全仅指防止数据泄露，不包括数据的合法利用。,正确,错误,,,B,,接口直采,1,2026/9/18 12:50:42
判断题,数据安全审查决定可以随意申诉和变更。,正确,错误,,,B,,接口直采,1,2026/9/18 12:50:42
判断题,数据处理者发生数据安全事件时，可以延迟告知用户和报告主管部门。,正确,错误,,,B,,接口直采,1,2026/9/18 12:50:42
判断题,数据分类分级保护制度是根据数据的重要性和危害程度来制定的。,正确,错误,,,A,,接口直采,1,2026/9/18 12:50:42
判断题,数控电火花线切割机床在加工工件时，操作者可以用手触摸钼丝。,正确,错误,,,B,,接口直采,1,2026/9/18 12:50:37
判断题,数控电火花线切割机床在加工时，可以用手触摸钼丝。,正确,错误,,,B,,接口直采,1,2026/9/18 12:50:37
判断题,数控机床上严禁堆放工件、夹具、刀具、量具等物品。加工前必须认真检查工件、刀具安装是否牢固、正确。,正确,错误,,,A,,接口直采,1,2026/9/18 12:50:37
判断题,数控铣床对刀时，可以快速进给。,正确,错误,,,B,,接口直采,1,2026/9/18 12:50:37
判断题,刷衣服、拍打衣服产生的微生物气溶胶颗粒数量大于实验动物尸体解剖。,正确,错误,,,A,,接口直采,1,2026/9/18 12:50:35
判断题,水具有导电性，不宜扑救带电设备的火灾，不能扑救遇水燃烧物质或非水溶性燃烧液体的火灾。,正确,错误,,,A,,接口直采,1,2026/9/18 12:50:32
判断题,水银温度计破了以后正确的处理是：洒落出来的汞必须立即用滴管、毛刷收集起来，并用水覆盖（最好用甘油），然后在污染处撒上硫磺粉，无液体后（一般约一周时间）方可清扫。,正确,错误,,,A,,接口直采,1,2026/9/18 12:50:20
判断题,水银温度计摔碎后，正确的处理方法是：洒落出来的汞立即用滴管、毛刷收集起来，并用水覆盖（最好用甘油），然后在污染处撒上硫黄粉，无液体后（一般约一周时间）方可清扫。,正确,错误,,,A,,接口直采,1,2026/9/18 12:50:20
判断题,水银泄漏时的正确处理方法是：将洒落的水银集中收集到容器中，用水覆盖，密闭保存。然后在污染处撒上硫磺粉，集中收集。,正确,错误,,,A,,接口直采,1,2026/9/18 12:50:25
判断题,水浴加热的上限温度是100℃，油浴加热的上限温度是200℃，用硅油作介质时可加热到300℃。,正确,错误,,,B,,接口直采,1,2026/9/18 12:50:25
判断题,水蒸气具有潜热，当水蒸气与被灭菌的物品接触时，可凝结成水而放出潜热，使温度迅速升高，加强灭菌效果。,正确,错误,,,A,,接口直采,1,2026/9/18 12:50:28
判断题,四柱液压机外露滑动表面要保持清洁，工作前检查机油是否符合要求。,正确,错误,,,A,,接口直采,1,2026/9/18 12:50:37
判断题,塑料制品在烘干过程中温度不能超过100℃，植物样品在烘干过程中不超过70℃。,正确,错误,,,B,,接口直采,1,2026/9/18 12:50:21
判断题,酸、碱、盐水溶液使用后，经自来水稀释后可直接排入下水道。,正确,错误,,,B,,接口直采,1,2026/9/18 12:50:20
判断题,虽然操作干燥的痰液标本没有气溶胶风险，但湿润的痰液标本必须要注意避免生成气溶胶。,正确,错误,,,B,,接口直采,1,2026/9/18 12:50:35
判断题,随机效应：在放射生物学上，若效应的发生概率与受照剂量相关，而严重程度与剂量大小无关的辐射效应叫作随机效应。例如，辐射致癌效应和辐射遗传效应即为随机性效应。,正确,错误,,,A,,接口直采,1,2026/9/18 12:50:16
判断题,损伤性废弃物可放入不易被刺破的容器内，容器装满后再处理。,正确,错误,,,B,,接口直采,1,2026/9/18 12:50:20
判断题,所有操作或接触放射性核素的实验室人员应接受放射性基础知识、相关技术和放射性防护的指导和培训。,正确,错误,,,A,,接口直采,1,2026/9/18 12:50:16
判断题,所有操作或接触放射性核素的实验室人员应接受放射性基础知识、相关技术和放射性防护的指导和培训。实行持证上岗，并佩戴个人专用的辐射剂量计。,正确,错误,,,A,,接口直采,1,2026/9/18 12:50:16
判断题,所有进入实验室的人员均应根据进入区域的不同，分别获得有关部门或实验室主任的批准或由实验室内部人员带领方可进入实验室。,正确,错误,,,A,,接口直采,1,2026/9/18 12:50:27
判断题,所有进入实验室的人员须身体状况良好，从事实验操作的人员应参加并通过实验室安全知识培训和专业技能培训，并自愿从事拟开展的实验活动。,正确,错误,,,A,,接口直采,1,2026/9/18 12:50:27
判断题,所有实验设备运行均需要两名以上工作人员在场才能进行。,正确,错误,,,A,,接口直采,1,2026/9/18 12:50:37
判断题,所有同位素的存放和使用，要实施双人管理制度，且根据辐射防护要求，双人要共同完成一套完整记录，不得存在双套记录。,正确,错误,,,B,,接口直采,1,2026/9/18 12:50:16
判断题,所有药品都应有标签，标明药品名称、质量规格、来货日期和危险性质。,正确,错误,,,A,,接口直采,1,2026/9/18 12:50:25
判断题,炭疽杆菌、鼠疫杆菌、汉坦病毒和肝炎病毒都是通过皮肤接种、微生物气溶胶吸人而不是食人和接触动物的途径造成实验室获得性感染的。,正确,错误,,,B,,接口直采,1,2026/9/18 12:50:35
判断题,烫伤不重时，可涂凡士林、万花油，再送到医院处理。,正确,错误,,,A,,接口直采,1,2026/9/18 12:50:15
判断题,淘汰的实验动物应进行焚烧处理，严防被猫吞食。,正确,错误,,,A,,接口直采,1,2026/9/18 12:50:35
判断题,特殊显微镜操作室，须防止强光伤害。,正确,错误,,,A,,接口直采,1,2026/9/18 12:50:38
判断题,特种设备：指对人身和财产安全有较大危险性的锅炉、压力容器（含气瓶）等《特种设备安全法》中规定的设备。,正确,错误,,,A,,接口直采,1,2026/9/18 12:50:30
判断题,特种设备安全管理人员应当对特种设备使用状况进行经常性检查，发现问题立即处理。,正确,错误,,,A,,接口直采,1,2026/9/18 12:50:30
判断题,特种设备报废后，还应当及时到原注册登记特种设备安全监督管理部门办理特种设备注销手续。,正确,错误,,,A,,接口直采,1,2026/9/18 12:50:30
判断题,特种设备操作人员需持证上岗，取得《特种设备作业人员证》，并每4年复审一次。,正确,错误,,,A,,接口直采,1,2026/9/18 12:50:30
判断题,特种设备出现故障或者发生异常情况，应在当次使用结束后，对其进行全面检查，消除事故隐患。,正确,错误,,,B,,接口直采,1,2026/9/18 12:50:30
判断题,特种设备检验合格有效期满前一个月内，应当按要求及时交由当地特种设备检测部门进行特种设备定期检验，检验合格后方可继续使用。,正确,错误,,,A,,接口直采,1,2026/9/18 12:50:30
判断题,特种设备进行改造、修理，按照规定需要变更使用登记的，应当到特种设备安全监督管理部门办理相关手续。,正确,错误,,,A,,接口直采,1,2026/9/18 12:50:30
判断题,特种设备使用单位应当使用符合安全技术规范要求的特种设备。,正确,错误,,,A,,接口直采,1,2026/9/18 12:50:30
判断题,特种设备使用单位应当制定特种设备安全管理制度、安全使用操作规程、事故应急预案，并在特种设备上或周边醒目处张贴或悬挂。,正确,错误,,,A,,接口直采,1,2026/9/18 12:50:30
判断题,特种设备投入使用前或者投入使用后三十日内，应当按照特种设备安全监督管理部门的相关要求及时办理特种设备注册登记手续。,正确,错误,,,A,,接口直采,1,2026/9/18 12:50:30
判断题,特种设备作业人员必须按照国家有关规定取得相应资格证，方可从事相关工作。,正确,错误,,,A,,接口直采,1,2026/9/18 12:50:30
判断题,特种作业人员因参加过安全培训，更换特种岗位时不需再接受培训。,正确,错误,,,B,,接口直采,1,2026/9/18 12:50:30
判断题,体内已经繁殖多代的疫苗株均被认为是无毒的，不列入致病微生物范畴。,正确,错误,,,B,,接口直采,1,2026/9/18 12:50:35
判断题,体重与所需麻醉药物剂量的关系是绝对成正比的。,正确,错误,,,B,,接口直采,1,2026/9/18 12:50:35
判断题,通常有害药品经呼吸器官、消化器官或皮肤吸入体内，引起中毒。因此，我们切忌口尝、鼻嗅及用手触摸药品。,正确,错误,,,A,,接口直采,1,2026/9/18 12:50:25
判断题,通电时打开含有高压变压器或电容器的电子仪器盖子是危险的。,正确,错误,,,A,,接口直采,1,2026/9/18 12:50:37
判断题,通风橱的空气平均流速至少应为30m／min，橱内任何一点的最低风速不应小于20m／min；若使用化学诱变剂的通风橱最低平均流速应不小于50m／min，橱中任何一点最低流速不应小于40m／min。,正确,错误,,,B,,接口直采,1,2026/9/18 12:50:35
判断题,通风橱起到的作用是对操作者的保护，已将已被污染空气排出，可以根据实验需要将头伸进去进行相关操作。,正确,错误,,,B,,接口直采,1,2026/9/18 12:50:35
判断题,通风橱在工作原理和保护对象方面与其他安全防护设备是不同的，如通风橱只是对人员进行保护，而对实验对象和环境无保护作用；但II级和III级生物安全柜及隔离器对人员、实验对象和环境均能起到保护作用。,正确,错误,,,A,,接口直采,1,2026/9/18 12:50:35
判断题,通风橱只能除去高速释放出的气体，例如沸腾或蒸发液体时的气体。,正确,错误,,,B,,接口直采,1,2026/9/18 12:50:35
判断题,通风柜：通风柜可提供进行实验操作的台面，还是一个集照明、电控、气路、水路、遥控装置、导流系统、承载系统的多功能整体。,正确,错误,,,A,,接口直采,1,2026/9/18 12:50:28
判断题,通风控制措施就是借助于有效的通风，使气体、蒸气或粉尘的浓度低于最高容许浓度。,正确,错误,,,A,,接口直采,1,2026/9/18 12:50:28
判断题,通过呼吸道吸入传染性气溶胶传播的病原体对于实验人员来说是严重的实验室危害病原体，对这种危害需要特别小心，因为实验室里感染性微生物气溶胶感染可能不是这种病原微生物在自然状态下公认的传播途径。,正确,错误,,,A,,接口直采,1,2026/9/18 12:50:35
判断题,通向病原微生物实验室工作区的所有进口（而非出口）都应标明存在其中的 险，尤其应注意火险以及易燃、有毒、放射性、有害和生物危险材料。,正确,错误,,,B,,接口直采,1,2026/9/18 12:50:35
判断题,同位素实验室管理人员有权拒绝未经培训或培训不合格的学生进入同位素室工作，但教师除外。,正确,错误,,,B,,接口直采,1,2026/9/18 12:50:16
判断题,同位素实验室和使用固定放射源的实验室要在明显位置张贴放射警示标志。定期检测放射污染情况，严防射线污染超标。,正确,错误,,,A,,接口直采,1,2026/9/18 12:50:16
判断题,同位素实验室和使用固定放射源实验室要在明显位置张贴放射警示标志。定期检测放射污染情况，严防射线污染超标。,正确,错误,,,A,,接口直采,1,2026/9/18 12:50:16
判断题,同学有需要，可以直接出借实验仪器和药品。,正确,错误,,,B,,接口直采,1,2026/9/18 12:50:25
判断题,突发事件应对工作实行预防为主、防治结合的原则。,正确,错误,,,A,,接口直采,1,2026/9/18 12:50:15
判断题,外伤患者前臂或手大出血止血带应扎在上臂上1／3处，不能扎在上臂的中肱骨中下1／3处，因该处神经走行贴近肱骨，易被损伤。,正确,错误,,,B,,接口直采,1,2026/9/18 12:50:15
判断题,外照射：放射性物质在生物体之外，对生物体产生了照射，叫作外照射。这种照射方式包括出于诊疗为目的的X射线、γ射线等医学检查和治疗，以及放射性工作中接受的外照射或事故原因等被动接受的外照射。,正确,错误,,,A,,接口直采,1,2026/9/18 12:50:16
判断题,万一发生化学品泄漏事故，可用防毒面具、防毒口罩和捂湿毛巾等方法防止通过呼吸道造成伤害。,正确,错误,,,A,,接口直采,1,2026/9/18 12:50:15
判断题,万一发生化学品泄漏事故，逃生时可用防毒面具、防毒口罩和捂湿毛巾等方法防止对呼吸道造成伤害。,正确,错误,,,A,,接口直采,1,2026/9/18 12:50:15
判断题,万用表电阻挡可测量绝缘电阻。,正确,错误,,,B,,接口直采,1,2026/9/18 12:50:37
判断题,王某在家接到公安机关电话称自己涉嫌某洗钱案件，现在案件已移送检察机关处理，并提供给王某检察官的电话，让王某与检察官沟通认错，王某连忙拨打该电话，并认为公安机关、检察院联合起来所办的案件必定是一一个大案。这样的做法对不对?(),正确,错误,,,B,,接口直采,1,2026/9/18 12:50:42
判断题,网络安全事件报告内容可以不包括事件原因初步分析和溯源线索。,正确,错误,,,B,,接口直采,1,2026/9/18 12:50:42
判断题,网络运营者发现法律禁止发布的信息时，可自行决定是否采取措施。,正确,错误,,,B,,接口直采,1,2026/9/18 12:50:42
判断题,网络运营者可以不要求用户提供真实身份信息即提供服务。,正确,错误,,,B,,接口直采,1,2026/9/18 12:50:42
判断题,网络运营者可以随意终止为其网络产品和服务提供安全维护。,正确,错误,,,B,,接口直采,1,2026/9/18 12:50:42
判断题,网络运营者可以为不提供真实身份信息的用户提供即时通讯服务。,正确,错误,,,B,,接口直采,1,2026/9/18 12:50:42
判断题,网络运营者可以在事件处置结束后60日内提交总结报告。,正确,错误,,,B,,接口直采,1,2026/9/18 12:50:42
判断题,网络运营者无需制定网络安全事件应急预案。,正确,错误,,,B,,接口直采,1,2026/9/18 12:50:42
判断题,网络运营者在发现网络安全事件后，可自行决定是否上报，无需严格按照时限要求。,正确,错误,,,B,,接口直采,1,2026/9/18 12:50:42
判断题,网上有人提供补助，要求查看实验室的相关数据时，可按照对方要求拷贝发送。,正确,错误,,,B,,接口直采,1,2026/9/18 12:50:33
判断题,往回收废液桶内倒入新的废液之前，应查询废液相容表，如废液之间可能发生化学反应，则不能直接倒入。,正确,错误,,,A,,接口直采,1,2026/9/18 12:50:20
判断题,危害程度评估内容主要包括生物因子的种类、来源、传染性、致病性、传播途径、在环境中的稳定性、感染剂量、浓度、动物实验数据、预防和治疗等。,正确,错误,,,A,,接口直采,1,2026/9/18 12:50:35
判断题,危险度评估应当由那些对所涉及的微生物特性、设备和规程、动物模型以及防护设备和设施最为熟悉的人员来进行。,正确,错误,,,A,,接口直采,1,2026/9/18 12:50:27
判断题,危险废弃物是指有潜在的生物危险、可燃易燃、腐蚀、有毒、放射性的对人环境有害的一切废弃物。,正确,错误,,,A,,接口直采,1,2026/9/18 12:50:20
判断题,危险废物的容器和包装物，以及收集、暂存危险废物的设施、场所，必须设置危险废物识别标志。,正确,错误,,,A,,接口直采,1,2026/9/18 12:50:20
判断题,危险废物可以混入非危险废物中贮存或混入生活垃圾中贮存。,正确,错误,,,B,,接口直采,1,2026/9/18 12:50:20
判断题,危险废物是指列入《国家危险废物目录》或者国家规定的危险废物鉴别表认定的具有危险特性的废物。,正确,错误,,,A,,接口直采,1,2026/9/18 12:50:20
判断题,危险化学品，包括爆炸品、压缩气体和液化气体、易燃液体、易燃固体、自燃物品和遇湿易燃物品、氧化剂和有机过氧化物、有毒品和腐蚀品等。,正确,错误,,,A,,接口直采,1,2026/9/18 12:50:25
判断题,危险化学品：具有毒害、腐蚀、爆炸、燃烧、助燃等性质，对人体、设施、环境具有危害的剧毒化学品和其他化学品。,正确,错误,,,A,,接口直采,1,2026/9/18 12:50:25
判断题,危险化学品采购时需由具有经营危险化学品资质的供应商供货。,正确,错误,,,A,,接口直采,1,2026/9/18 12:50:25
判断题,危险化学品管理人员需了解和掌握危险化学品的原理、性质、危害性、使用及储存注意事项。,正确,错误,,,A,,接口直采,1,2026/9/18 12:50:25
判断题,危险化学品管理实行备案制。,正确,错误,,,A,,接口直采,1,2026/9/18 12:50:25
判断题,危险化学品管理员应定期盘库，对于长时间未使用的危险化学品，及时进行清理。,正确,错误,,,A,,接口直采,1,2026/9/18 12:50:25
判断题,危险化学品库房钥匙由两名管理员分别掌管，管理员单独一人可拿2把钥匙打开库房门，不需要2名管理员同时到场。,正确,错误,,,B,,接口直采,1,2026/9/18 12:50:25
判断题,危险化学品库房值守人员应做好值班和交接班记录，并做好技防设施的日常检查和故障及时报修工作。,正确,错误,,,A,,接口直采,1,2026/9/18 12:50:25
判断题,危险化学品泄漏事故处置是消防部队参加的各类抢险救援活动中风险最大、难度最高的。,正确,错误,,,A,,接口直采,1,2026/9/18 12:50:15
判断题,危险化学品应存放在专用储存室中。,正确,错误,,,A,,接口直采,1,2026/9/18 12:50:25
判断题,危险化学品应当储存在专用仓库、专用场地或者专用储存室内，涉及危险品的场所入口处设置有明显的警示标识。,正确,错误,,,A,,接口直采,1,2026/9/18 12:50:25
判断题,危险化学品应当分类存放，相互之间保持安全距离。,正确,错误,,,A,,接口直采,1,2026/9/18 12:50:25
判断题,危险化学品用完后就可以将安全标签撕下。,正确,错误,,,B,,接口直采,1,2026/9/18 12:50:25
判断题,危险性废液应按照有机和无机进行分类，严禁将不同类别的废液混装在同一个容器中。装有危废的容器必须具有明显的标识，标识上应注明该危废的名称和组成。,正确,错误,,,A,,接口直采,1,2026/9/18 12:50:20
判断题,微生物的致病性必须在宿主范围之内才能引起疾病。,正确,错误,,,A,,接口直采,1,2026/9/18 12:50:35
判断题,微生物实验室中使用的开放式I级生物安全柜可以防止柜内操作的材料（例如细胞培养物等）被外部污染物污染。,正确,错误,,,B,,接口直采,1,2026/9/18 12:50:35
判断题,微生物实验中，一些受污染或盛过有害细菌、病菌的器皿和不要的菌种等，一定要经消毒和高压灭菌处理后，才可弃掉，而器皿重复利用前也必须清除污染。,正确,错误,,,A,,接口直采,1,2026/9/18 12:50:35
判断题,微生物实验中，一些受污染或盛过有害细菌和病菌的器皿，如果不再使用，可密封在塑料袋内丢入垃圾桶中。,正确,错误,,,B,,接口直采,1,2026/9/18 12:50:20
判断题,为安全起见，平时应将低沸点溶剂保存于普通冰箱内以降低溶剂蒸汽压。,正确,错误,,,B,,接口直采,1,2026/9/18 12:50:25
判断题,为保证安全用电，配电箱内所用的保险丝应该尽量粗。,正确,错误,,,B,,接口直采,1,2026/9/18 12:50:37
判断题,为保证公物安全，灭火器应当上锁保护。,正确,错误,,,B,,接口直采,1,2026/9/18 12:50:32
判断题,为保证设备仪器的正常使用，应制定设备仪器的操作规程。,正确,错误,,,A,,接口直采,1,2026/9/18 12:50:38
判断题,为避免皮肤受到化学品伤害，可通过穿防毒衣，戴防护手套，穿雨衣、雨鞋等方法进行防护。,正确,错误,,,A,,接口直采,1,2026/9/18 12:50:28
判断题,为避免线路负荷过大，而引起火灾，功率1000瓦以上的设备不得共用一个接线板。,正确,错误,,,A,,接口直采,1,2026/9/18 12:50:37
判断题,为达到隔离人与操作对象、人与环境、操作对象与环境，保护人、样本和环境的目的，实验室设有两级屏障：一级屏障是建筑设施，二级屏障主要是设备和个人防护装备。,正确,错误,,,A,,接口直采,1,2026/9/18 12:50:27
判断题,为方便进出专人管理的设备房间，可自行配制钥匙。,正确,错误,,,B,,接口直采,1,2026/9/18 12:50:27
判断题,为方便快捷，提高效率，实验人员可通过网络、电话或直接购买危险化学品。,正确,错误,,,B,,接口直采,1,2026/9/18 12:50:25
判断题,为防止灰尘，BSL-1实验室内应铺地毯。,正确,错误,,,B,,接口直采,1,2026/9/18 12:50:35
判断题,为防止有机化学试剂的腐蚀现象，教学用化学实验室下水管道材质一般采用铸铁材质。,正确,错误,,,A,,接口直采,1,2026/9/18 12:50:25
判断题,为开展实验活动进行的所有准备，如人员的培训、试剂耗材的置备、设施设备的状态虽然可以不进行记录，但实验活动中涉及安全的事件如实验步骤、实验所用设备状态、实验结果、危险废物处置等均应及时进行记录。,正确,错误,,,B,,接口直采,1,2026/9/18 12:50:27
判断题,为了搬运大型仪器设备，实验室需要设计1.2米或更宽的不等宽双扇子母门或者双开门。,正确,错误,,,A,,接口直采,1,2026/9/18 12:50:38
判断题,为了保护隐私，实验室可不保留观察窗，有观察窗的也可以遮挡住。,正确,错误,,,B,,接口直采,1,2026/9/18 12:50:27
判断题,为了保证实验的安全和科学，实验动物必须是人工培育的。,正确,错误,,,A,,接口直采,1,2026/9/18 12:50:35
判断题,为了方便，实验室的门可一直敞开，任何人可随意出入。,正确,错误,,,B,,接口直采,1,2026/9/18 12:50:27
判断题,为了方便废液的倾倒，实验室用废液桶可以敞口。,正确,错误,,,B,,接口直采,1,2026/9/18 12:50:20
判断题,为了防止触电可采用绝缘、屏护和间距等措施以保障安全。,正确,错误,,,A,,接口直采,1,2026/9/18 12:50:37
判断题,为了防止盗窃事件的发生，临时离开实验室必须关门。,正确,错误,,,A,,接口直采,1,2026/9/18 12:50:27
判断题,为了节约科研经费减少浪费，一定要将钢瓶内气体用尽后再更换钢瓶。,正确,错误,,,B,,接口直采,1,2026/9/18 12:50:23
判断题,"为了确保动物实验的正常开展,应严格控制无关人员、昆虫及野生动物、病原微生物进入实验室。",正确,错误,,,A,,接口直采,1,2026/9/18 12:50:35
判断题,为了实验记录的准确性和及时性，在生物安全柜内可以一边操作一边进行实验记录。,正确,错误,,,B,,接口直采,1,2026/9/18 12:50:35
判断题,为了实验需要，实验室试剂柜中可以放置电源插座或接线板。,正确,错误,,,B,,接口直采,1,2026/9/18 12:50:25
判断题,为了使用方便，可串联多个插线板，连接多台仪器设备使用。,正确,错误,,,B,,接口直采,1,2026/9/18 12:50:18
判断题,为了预防电击（触电），电气设备的金属外壳须接地，最好是埋设接地电阻很小专用地线。,正确,错误,,,A,,接口直采,1,2026/9/18 12:50:37
判断题,为确保通风橱正常工作，橱前面不应有交叉气流存在，如敞开的窗户、通风口及电扇，甚至人从前面走过都可产生气流，应该加以避免，否则会引起橱内空气的倒流，使有毒气体从通风橱内逸出。,正确,错误,,,A,,接口直采,1,2026/9/18 12:50:35
判断题,为使用方便，吹风机等设备不用时也可插着电源。,正确,错误,,,B,,接口直采,1,2026/9/18 12:50:37
判断题,未经定期检验或者检验不合格的特种设备，不得继续使用。,正确,错误,,,A,,接口直采,1,2026/9/18 12:50:30
判断题,未经环保部门批准，不得擅自进口、转让放射性同位素。,正确,错误,,,A,,接口直采,1,2026/9/18 12:50:16
判断题,未经允许，任何人不得随意拆卸实验仪器及零部件。,正确,错误,,,A,,接口直采,1,2026/9/18 12:50:38
判断题,未经允许不得随意拆卸实验仪器和设备。,正确,错误,,,A,,接口直采,1,2026/9/18 12:50:38
判断题,未经指导教师许可，不得搬弄仪器、设备，以及擅自开始实验。实验时，应注意安全，按要求操作，如发现异常立即停止。,正确,错误,,,A,,接口直采,1,2026/9/18 12:50:27
判断题,未列入《国家危险废物名录》的固体废物，不属于危险废物。,正确,错误,,,B,,接口直采,1,2026/9/18 12:50:20
判断题,我的计算机在网络防火墙之内，所以其他用户不可能对我计算机造成威胁。,正确,错误,,,B,,接口直采,1,2026/9/18 12:50:42
判断题,我国对放射性事故中的受照人员，是由医疗救治单位进行分级救治的，放射性实验室教科研人员不能擅自参与救治工作，所以应急救治的相关培训和教育，其对象是医疗救治单位的医护人员和管理人员而不是放射性实验室的教科研人员。,正确,错误,,,B,,接口直采,1,2026/9/18 12:50:16
判断题,我国正在执行的《放射性同位素与射线装置安全和防护条例》是中华人民共和国国务院令第449号。,正确,错误,,,A,,接口直采,1,2026/9/18 12:50:16
判断题,污染的（感染的）锋利物品，如注射针头、解剖刀片和碎玻璃，应当放置到不容易被刺破的带盖的容器中，把它们当作传染性物质处理。,正确,错误,,,A,,接口直采,1,2026/9/18 12:50:20
判断题,污染的（感染的）锋利物品，如注射针头、解剖刀片和碎玻璃，应当放置到不容易被刺破的带盖的容器中，当作传染性物质处理。,正确,错误,,,A,,接口直采,1,2026/9/18 12:50:20
判断题,钨极氩弧焊采用高频高压引燃电弧时，其辐射作用可破坏人体植入的心脏起搏器的正常功能。,正确,错误,,,A,,接口直采,1,2026/9/18 12:50:37
判断题,无法辨别的化学药品应按一般废物处理。,正确,错误,,,B,,接口直采,1,2026/9/18 12:50:20
判断题,无菌动物是指身上不可检出一切生命体的动物。,正确,错误,,,A,,接口直采,1,2026/9/18 12:50:35
判断题,无菌室可定期用乳酸、甲醛熏蒸，并做无菌检查。,正确,错误,,,A,,接口直采,1,2026/9/18 12:50:35
判断题,无菌室使用前，将全部要接种的物品移入无菌室缓冲间，并用70％酒精棉球擦拭干净，最后将物品送入工作台上，开启紫外灯进行物品表面消毒灭菌30min左右。,正确,错误,,,A,,接口直采,1,2026/9/18 12:50:35
判断题,无菌室使用完毕后，需清理物品，并开启日光灯和紫外灯消毒灭菌30min左右。,正确,错误,,,B,,接口直采,1,2026/9/18 12:50:35
判断题,无论是短寿命的还是较长寿命的气态放射性核素，均应通过一定时间的封闭存放使其衰变至无害水平来处理，而不是用吸附或吸收过程来脱除。,正确,错误,,,B,,接口直采,1,2026/9/18 12:50:16
判断题,无论是否涉及病原微生物，实验动物尸体都要进行无害化处理及冷冻保存，然后送具备相关资质机构处理。,正确,错误,,,A,,接口直采,1,2026/9/18 12:50:20
判断题,无论是否涉及病原微生物的实验动物尸体，都要进行无害化处理及冷冻保存，然后送具备相关资质的机构处理。,正确,错误,,,A,,接口直采,1,2026/9/18 12:50:35
判断题,无论在任何情况下，起吊的重物之下严禁站人。（）,正确,错误,,,A,,接口直采,1,2026/9/18 12:50:30
判断题,物品进、出ABSL-2均需消毒灭菌。,正确,错误,,,A,,接口直采,1,2026/9/18 12:50:35
判断题,误服强酸导致消化道烧灼痛，为防止进一步加重损伤，不能催吐，可口服牛奶、鸡蛋清、植物油等。,正确,错误,,,A,,接口直采,1,2026/9/18 12:50:15
判断题,误食了有毒化学品，要吃适量催吐剂尽快将其吐出来。,正确,错误,,,B,,接口直采,1,2026/9/18 12:50:15
判断题,误吸入煤气等有毒气体后，应立即到室外呼吸新鲜空气。,正确,错误,,,A,,接口直采,1,2026/9/18 12:50:15
判断题,误吸入煤气等有毒气体时，应立即在室外呼吸新鲜空气。,正确,错误,,,A,,接口直采,1,2026/9/18 12:50:15
判断题,误吸入溴蒸气、氯气等有毒气体后，可立即吸入少量酒精和乙醚的混合蒸气，以便解毒，同时应到室外呼吸新鲜空气，再送医院。,正确,错误,,,A,,接口直采,1,2026/9/18 12:50:15
判断题,"误吸入溴蒸气、氯气等有毒气体时，立即吸入少量酒精和乙醚的混合蒸气，以便解毒, 同时应到室外呼吸新鲜空气，再送医院。",正确,错误,,,A,,接口直采,1,2026/9/18 12:50:15
判断题,吸滤瓶及一些厚壁玻璃容器，清洗后可直接放入温度较高的烘箱进行干燥。,正确,错误,,,B,,接口直采,1,2026/9/18 12:50:21
判断题,铣床加工工作结束后，工作台应停在中央位置，升降台应落到最低位置。,正确,错误,,,A,,接口直采,1,2026/9/18 12:50:37
判断题,系统安全的责任在于IT技术人员，最终用户不需要了解安全问题。,正确,错误,,,B,,接口直采,1,2026/9/18 12:50:42
判断题,细胞培养使用的二氧化碳压力表属于负压表，它显示气瓶内的压力以提示气瓶内的气体量。,正确,错误,,,A,,接口直采,1,2026/9/18 12:50:38
判断题,夏季天气热时可以在生物安全实验室工作区穿露有脚趾的鞋。,正确,错误,,,B,,接口直采,1,2026/9/18 12:50:28
判断题,夏季天气热时可以在实验室内穿露有脚趾的鞋。,正确,错误,,,B,,接口直采,1,2026/9/18 12:50:27
判断题,箱式电阻炉的加热元件及其电源连接点需保持良好的绝缘性能，管理员应进行定期检查。,正确,错误,,,A,,接口直采,1,2026/9/18 12:50:38
判断题,箱式电阻炉的使用必须经过实验室管理员的同意，确保安全用电。,正确,错误,,,A,,接口直采,1,2026/9/18 12:50:38
判断题,箱式电阻炉的使用必须确保安全用电，否则易发生人身安全事故。,正确,错误,,,A,,接口直采,1,2026/9/18 12:50:38
判断题,箱式电阻炉的外壳不一定要接地。,正确,错误,,,B,,接口直采,1,2026/9/18 12:50:37
判断题,向浓硫酸中注水会过量放热发生危险。,正确,错误,,,A,,接口直采,1,2026/9/18 12:50:21
判断题,消除危害后果、做好现场恢复也是事故应急处置的一项基本任务。,正确,错误,,,A,,接口直采,1,2026/9/18 12:50:15
判断题,消毒：能够杀死微生物的物理或化学方式，包括杀死其孢子。,正确,错误,,,B,,接口直采,1,2026/9/18 12:50:28
判断题,消毒剂：能够杀死微生物的化学物质或几种化学物质的混合物，包括杀死它们的孢子。,正确,错误,,,B,,接口直采,1,2026/9/18 12:50:28
判断题,消毒剂经常用于无生命的物体或物体表面。,正确,错误,,,A,,接口直采,1,2026/9/18 12:50:28
判断题,消毒是指用物理或化学手段杀死物体上的微生物，但不一定杀死孢子。,正确,错误,,,A,,接口直采,1,2026/9/18 12:50:28
判断题,消防队在扑救火灾时，有权根据灭火的需要，拆除或者破损临近火灾现场的建筑。,正确,错误,,,A,,接口直采,1,2026/9/18 12:50:32
判断题,消防法》规定，不得在具有火灾、爆炸危险的场所吸烟、使用明火。,正确,错误,,,A,,接口直采,1,2026/9/18 12:50:32
判断题,消防工作的方针是：“预防为主，防消结合”，实行消防安全责任制。,正确,错误,,,A,,接口直采,1,2026/9/18 12:50:32
判断题,消防工作的方针是“预防为主，防消结合”，实行消防安全责任制。,正确,错误,,,A,,接口直采,1,2026/9/18 12:50:32
判断题,消防工作的方针是“预防为主，防治结合”。,正确,错误,,,B,,接口直采,1,2026/9/18 12:50:32
判断题,消火栓与高压水管道相连，由于喷射的是高压水，力量很强，至少要3个人同时操作。,正确,错误,,,A,,接口直采,1,2026/9/18 12:50:32
判断题,小白鼠鼻内接种产生的微生物气溶胶颗粒数量少于颅内接种。,正确,错误,,,B,,接口直采,1,2026/9/18 12:50:35
判断题,小剂量短时急性照射即可引起急性放射病。,正确,错误,,,B,,接口直采,1,2026/9/18 12:50:16
判断题,小鼠灌胃时应注意要沿着口角进针，再顺着气管方向插入气管内，决不可进针不顺就硬向里插。,正确,错误,,,B,,接口直采,1,2026/9/18 12:50:35
判断题,小王前两天在网上购买一套衣服，店家提出直接汇款到他的银行账户支付，这样能再打9折，小王依言而行。,正确,错误,,,B,,接口直采,1,2026/9/18 12:50:42
判断题,小张办有某银行可透支的信用卡。这天，他接到银行客服号码打来的电话，称其信用卡因在异地大额透支刷卡已被冻结，要求其提供身份信息及银行卡密码进行核实。小张便将自己的身份信息及银行卡密码告知对方。,正确,错误,,,B,,接口直采,1,2026/9/18 12:50:42
判断题,校内辐射工作人员在校外从事辐射工作，可以不需要对方单位同意，不报校辐射防护办公室备案。,正确,错误,,,B,,接口直采,1,2026/9/18 12:50:16
判断题,泄漏物正在燃烧时，只要是稳定型燃烧，一般要急于灭火。,正确,错误,,,B,,接口直采,1,2026/9/18 12:50:15
判断题,心脏骤停者应立即行胸外心脏按摩术，同时拨打120。现场抢救成功的心肺复苏患者或重症患者，如昏迷、惊厥、休克、深度青紫等，应立即送医院治疗。,正确,错误,,,A,,接口直采,1,2026/9/18 12:50:15
判断题,胸外心脏挤压法：救护者跪在触电者一侧或骑跪在其腰部两侧，两手相迭，手掌根部放在伤者心窝上方、胸骨下，掌根用力垂直向下挤压，压出心脏里面的血液，挤压后迅速松开，胸部自动复原，血液充满心脏，以每分钟60次速度进行。,正确,错误,,,A,,接口直采,1,2026/9/18 12:50:15
判断题,溴（水）是腐蚀性极强的物质，必须在通风柜中操作，并注意安全。,正确,错误,,,A,,接口直采,1,2026/9/18 12:50:25
判断题,溴灼伤处理顺序为：先立即用大量水冲洗，再用乙醇擦至灼伤处呈白色，涂甘油或烫伤膏。,正确,错误,,,A,,接口直采,1,2026/9/18 12:50:15
判断题,溴灼伤皮肤，立即用乙醇洗涤，然后用水冲净，涂上甘油或烫伤油膏。,正确,错误,,,A,,接口直采,1,2026/9/18 12:50:15
判断题,需要加热的实验装置要选用安全的加热恒温设施，禁止使用电热毯、加热带等不安全的设备。,正确,错误,,,A,,接口直采,1,2026/9/18 12:50:21
判断题,絮凝沉淀法是指在废水中加入一定量的絮凝剂，使其进行物理化学反应，达到水体净化的目的。,正确,错误,,,A,,接口直采,1,2026/9/18 12:50:20
判断题,絮凝沉淀法适用于处理有机废液。,正确,错误,,,B,,接口直采,1,2026/9/18 12:50:20
判断题,蓄热自燃是指可燃物在没有明火的情况下，由于自身内部的物理、化学、生物反应，温度不断积聚升高，达到燃点发生燃烧的现象。,正确,错误,,,B,,接口直采,1,2026/9/18 12:50:32
判断题,蓄热自燃指可燃物在没有直接火源的作用下，由于自身内部的物理、生物、化学反应，温度不断集聚升高，达到燃点发生燃烧的现象。,正确,错误,,,A,,接口直采,1,2026/9/18 12:50:32
判断题,学生、新员工进实验室之前要参加安全教育和培训，经培训、考核合格后方可进入实验室学习与工作；学生要在老师指导下开展实验研究。,正确,错误,,,A,,接口直采,1,2026/9/18 12:50:27
判断题,学生进入车间后，不准在车间打闹，不准随意攀登吊车、墙梯或者其他设备，不准在吊车吊运物体运行线上行走或停留，不准随意乱动车间的设备。,正确,错误,,,A,,接口直采,1,2026/9/18 12:50:37
判断题,学生进入实验室后，首先要了解的就是实验室的管理制度和安全注意事项。,正确,错误,,,A,,接口直采,1,2026/9/18 12:50:38
判断题,学生进入实验室首先要了解实验室的安全注意事项。,正确,错误,,,A,,接口直采,1,2026/9/18 12:50:27
判断题,学生进入实验室学习、工作前应接受安全教育、培训，并通过考核。,正确,错误,,,A,,接口直采,1,2026/9/18 12:50:27
判断题,学生在充分了解仪器设备的操作规程与风险这些理论知识的基础上就可以对医学与医学生物学教学实验室的设备进行实验操作，教师或助教能在现场指导其操作更好，但不是必需的。,正确,错误,,,B,,接口直采,1,2026/9/18 12:50:35
判断题,学生在进入实验室前应该事先预习实验内容，了解实验操作中可能出现的风险与防护措施，在实验中严格遵守操作规程，做好个人防护，在出现意外状况时及时向教师汇报处置。,正确,错误,,,A,,接口直采,1,2026/9/18 12:50:27
判断题,学生在使用剧毒物品时，必须由教师或实验室工作人员在场指导。,正确,错误,,,A,,接口直采,1,2026/9/18 12:50:25
判断题,学生做实验时要爱护实验设备，同时要注意自身的安全，避免发生安全事故。,正确,错误,,,A,,接口直采,1,2026/9/18 12:50:38
判断题,血液、组织、细菌培养基、沾染的生物实验用品及器械等都属于生物性废弃物，需按医疗废物要求处理。,正确,错误,,,A,,接口直采,1,2026/9/18 12:50:20
判断题,血液和血清应当小心吸取，而不能倾倒，更严禁用口吸液。,正确,错误,,,A,,接口直采,1,2026/9/18 12:50:35
判断题,压力容器：工作压力≥0.1 MPa；容积≥0.03m，并且内直径（非圆形截面内边界最大几何尺寸）≥150mm；盛装介质为气体、液化气体以及介质最高工作温度≥其标准沸点的液体的容器为压力容器。,正确,错误,,,A,,接口直采,1,2026/9/18 12:50:30
判断题,压力容器或压力管道未泄压以前，严禁打开。,正确,错误,,,A,,接口直采,1,2026/9/18 12:50:30
判断题,压力容器设备铭牌上标明为简单压力容器的不需要办理特种设备注册登记。,正确,错误,,,A,,接口直采,1,2026/9/18 12:50:30
判断题,压力容器要定期进行测试检查，不合格的压力容器有可能在使用过程中发生爆炸。,正确,错误,,,A,,接口直采,1,2026/9/18 12:50:30
判断题,烟雾传感器：一般设置在屋顶，感受空气中的气体颗粒浓度。当烟雾达到一定程度时，会自动报警。,正确,错误,,,A,,接口直采,1,2026/9/18 12:50:32
判断题,严格按照要求摆放造型工具，使用完的造型工具应及时放入工具箱。,正确,错误,,,A,,接口直采,1,2026/9/18 12:50:37
判断题,严格执行剧毒品“五双”管理制度，即使实验在进行中，也必须在取出实验使用量后立即存入保险柜，做好记录，严防疏漏。,正确,错误,,,A,,接口直采,1,2026/9/18 12:50:25
判断题,严禁操作者手持工件在磨床砂轮上进行磨削,正确,错误,,,A,,接口直采,1,2026/9/18 12:50:37
判断题,严禁将未经验证的程序输入数控装置进行零件加工。,正确,错误,,,A,,接口直采,1,2026/9/18 12:50:37
判断题,严禁在危险化学品库房内吸烟及在周边区域使用火源。,正确,错误,,,A,,接口直采,1,2026/9/18 12:50:25
判断题,研究实验室既可以饲养实验动物又可以开展动物实验。,正确,错误,,,B,,接口直采,1,2026/9/18 12:50:35
判断题,盐酸、氢氟酸等挥发性酸与不挥发性酸可以混合存放。,正确,错误,,,B,,接口直采,1,2026/9/18 12:50:20
判断题,眼部碱灼伤时，应立即用大量清水或生理盐水进行彻底冲洗，冲洗时必须将上下眼睑拉开，水不要流经未伤的眼睛，不可直接冲击眼球，然后可用2%～3%硼酸溶液进一步冲洗。,正确,错误,,,A,,接口直采,1,2026/9/18 12:50:15
判断题,眼睛溅入化学试剂时，应以大量清水冲洗，然后送医院诊治。,正确,错误,,,A,,接口直采,1,2026/9/18 12:50:15
判断题,眼灼伤时立即用大量流动清水冲洗，也可把面部浸入充满流动水的器皿中，转动头部、张大眼睛进行清洗，冲洗1~2min。,正确,错误,,,B,,接口直采,1,2026/9/18 12:50:15
判断题,氧气钢瓶按照规定应涂为淡绿色。,正确,错误,,,B,,接口直采,1,2026/9/18 12:50:23
判断题,氧气瓶的外表颜色是绿色。,正确,错误,,,B,,接口直采,1,2026/9/18 12:50:23
判断题,氧气瓶附近，不能有还原性有机物，如有油污的棉纱、棉布等，不要用塑料布、油毡之类盖，以免爆炸。,正确,错误,,,A,,接口直采,1,2026/9/18 12:50:23
判断题,氧气瓶瓶嘴、减压阀及焊枪上均不得有油污，否则高压氧气喷出后会引起自燃。,正确,错误,,,A,,接口直采,1,2026/9/18 12:50:23
判断题,氧气瓶使用时不应用尽气体，应保持瓶内压力在0.2MPa以上，以防止重新罐装时混入其他气体。,正确,错误,,,A,,接口直采,1,2026/9/18 12:50:23
判断题,氧气是人类赖以生存的物质，所以人长时间在高浓度氧环境中吸入纯氧无危害。,正确,错误,,,B,,接口直采,1,2026/9/18 12:50:27
判断题,氧一乙炔火焰气焊与气割时，其供气系统必须配置回火保险器。,正确,错误,,,A,,接口直采,1,2026/9/18 12:50:37
判断题,样品测试人员可以携带手机靠近核磁磁体。,正确,错误,,,B,,接口直采,1,2026/9/18 12:50:16
判断题,样品放入核磁管后需要通过定深量筒测量之后才可以放入核磁磁体。,正确,错误,,,A,,接口直采,1,2026/9/18 12:50:16
判断题,要把贮存乙炔的容器置于通风良好的地方，要严禁烟火，注意防止漏气。,正确,错误,,,A,,接口直采,1,2026/9/18 12:50:23
判断题,要保持实验室环境整洁，做到地面、桌面、设备三整洁，减少安全隐患。,正确,错误,,,A,,接口直采,1,2026/9/18 12:50:27
判断题,要加强实验室排污处理装置（系统）的建设和管理，做到达标排放。实验废弃物不得倒入自来水下水道或普通垃圾箱等处。,正确,错误,,,A,,接口直采,1,2026/9/18 12:50:20
判断题,要经常保持实验室环境的整洁卫生，做到地面、桌面、设备三清洁。,正确,错误,,,A,,接口直采,1,2026/9/18 12:50:27
判断题,要警惕实验室内发生电火花或静电，尤其在使用可能构成爆炸混合物的可然性气体时，更需注意。,正确,错误,,,A,,接口直采,1,2026/9/18 12:50:32
判断题,要警惕实验室内发生电火花或静电，尤其在使用可能构成爆炸混合物的可燃性气体时更要注意。,正确,错误,,,A,,接口直采,1,2026/9/18 12:50:32
判断题,液氮常温下迅速汽化，因此不需要防护措施即可使用。,正确,错误,,,B,,接口直采,1,2026/9/18 12:50:23
判断题,液氮的沸点约为-196℃，可用于长期保存组织细胞、细菌、病毒等生物活性物,正确,错误,,,A,,接口直采,1,2026/9/18 12:50:23
判断题,液氮罐不使用了可以充装其他液体。,正确,错误,,,B,,接口直采,1,2026/9/18 12:50:23
判断题,液氮罐可倾斜，向其他容器倾倒液氮。,正确,错误,,,B,,接口直采,1,2026/9/18 12:50:23
判断题,液氯钢瓶与液氨钢瓶可以在同库存放。,正确,错误,,,B,,接口直采,1,2026/9/18 12:50:23
判断题,液体表面的蒸汽与空气形成可燃气体，遇到火种时，发生一闪即灭的现象，可发生如此现象的最低温度称为闪点。,正确,错误,,,A,,接口直采,1,2026/9/18 12:50:32
判断题,液体和固体实验废弃物不需分开放置。,正确,错误,,,B,,接口直采,1,2026/9/18 12:50:20
判断题,液体着火时，应用灭火器灭火，不能用水扑救或其它物品扑打。,正确,错误,,,A,,接口直采,1,2026/9/18 12:50:32
判断题,液溴会腐蚀玻璃塞，拆开包装后应密封保存在有橡皮塞的棕色瓶中。,正确,错误,,,B,,接口直采,1,2026/9/18 12:50:25
判断题,一般的实验室只要干净、卫生情况良好，就可以饲养动物或进行动物实验。,正确,错误,,,B,,接口直采,1,2026/9/18 12:50:35
判断题,一般将闪点在25°C以下的化学试剂列入易燃化学试剂，它们多是极易挥发的液体。,正确,错误,,,A,,接口直采,1,2026/9/18 12:50:25
判断题,一般来说，衰弱和过胖的动物，其单位体重所需麻醉药物剂量较大。,正确,错误,,,B,,接口直采,1,2026/9/18 12:50:35
判断题,一般α、β放射性粉末或易吸入的有毒性物质的实验和封装工作，均应在手套工作箱内操作。,正确,错误,,,A,,接口直采,1,2026/9/18 12:50:16
判断题,一次性用品，包括注射器及针头用过后经消毒可以重复使用。,正确,错误,,,B,,接口直采,1,2026/9/18 12:50:20
判断题,一旦发生实验室安全事故，第一要务是报警，并迅速判断事故是否可控。,正确,错误,,,A,,接口直采,1,2026/9/18 12:50:15
判断题,一旦发现沙门氏菌病实验动物感染应全群淘汰。,正确,错误,,,A,,接口直采,1,2026/9/18 12:50:35
判断题,一定程度的电场、磁场和电磁场都可能对人体有损害。,正确,错误,,,A,,接口直采,1,2026/9/18 12:50:37
判断题,一定剂量电离辐射会对人体造成损伤，应采取措施进行防护。,正确,错误,,,A,,接口直采,1,2026/9/18 12:50:16
判断题,一定强度的电场、磁场、电磁场都可能对人有损害。,正确,错误,,,A,,接口直采,1,2026/9/18 12:50:16
判断题,一级防护屏障包括生物安全柜及类似设备、个人防护装备、密闭容器等。,正确,错误,,,A,,接口直采,1,2026/9/18 12:50:35
判断题,一级生物安全实验室，没有特殊的通风要求，可以采用自然光线、自然通风。有条件的实验室可以配置机械通风。,正确,错误,,,A,,接口直采,1,2026/9/18 12:50:35
判断题,一些低毒、无毒的实验废液可以不经处理，直接由下水道排放。,正确,错误,,,B,,接口直采,1,2026/9/18 12:50:20
判断题,一氧化碳泄漏，应先施行通风，以驱散一氧化碳气体，并切断一氧化碳泄漏源。,正确,错误,,,A,,接口直采,1,2026/9/18 12:50:15
判断题,一种生物因子的危害程度分类与生物安全防护等级并不一定等同。,正确,错误,,,A,,接口直采,1,2026/9/18 12:50:35
判断题,医疗用毒性药品：指毒性剧烈、治疗剂量与中毒剂量相近，使用不当会致人中毒或死亡的药品。,正确,错误,,,A,,接口直采,1,2026/9/18 12:50:25
判断题,医学与医学生物学动物实验室病原学相关实验用过的注射器、针头、其他锐性用品及碎玻璃等收集于专门容器内即可，无需灭菌。,正确,错误,,,B,,接口直采,1,2026/9/18 12:50:35
判断题,医学与医学生物学动物实验室应有可靠的设施以防止蚊、蝇、蟑螂等昆虫的侵入，因为这些昆虫不但会成为实验室内病原体的传播媒介，而且还会把病原体传播到外界。,正确,错误,,,A,,接口直采,1,2026/9/18 12:50:35
判断题,医学与医学生物学教学实验室安全管理的核心理念是尽最大可能预防安全事故，特别是防止群体性伤害事件的发生，以维护学校和社会的安全稳定。,正确,错误,,,A,,接口直采,1,2026/9/18 12:50:35
判断题,医学与医学生物学教学实验室的钢瓶必须配备防倾倒装置，但液氮罐不是必须配备防倾倒装置的。,正确,错误,,,B,,接口直采,1,2026/9/18 12:50:35
判断题,医学与医学生物学教学实验室的钢瓶储存的一般是安全气体，所以防倾倒装置不是必须配备的。,正确,错误,,,B,,接口直采,1,2026/9/18 12:50:35
判断题,医学与医学生物学教学实验室的气体钢瓶、高压灭菌器、高压反应釜等压力容器达到特种设备标准的，需取得《特种设备使用登记证》并定期检验；操作人员需取得《特种设备作业人员证》。,正确,错误,,,A,,接口直采,1,2026/9/18 12:50:30
判断题,医学与医学生物学教学实验室的设备出现故障而暂时尚未维修时应该设立停用警示牌提示。,正确,错误,,,A,,接口直采,1,2026/9/18 12:50:35
判断题,医学与医学生物学教学实验室对参与教学的助教没有特殊的要求，只要了解相关要求可随时上岗。,正确,错误,,,B,,接口直采,1,2026/9/18 12:50:35
判断题,医学与医学生物学教学实验室化学品存放时氧化物和还原物可以放在一起，但必须遵循固／液、酸／碱分开的原则。,正确,错误,,,B,,接口直采,1,2026/9/18 12:50:35
判断题,医学与医学生物学教学实验室培养室紫外线消毒灯的开关须与照明灯开关并列排放。,正确,错误,,,B,,接口直采,1,2026/9/18 12:50:35
判断题,医学与医学生物学教学实验室人员众多的特点决定了其实验内容应该尽量避免高危险化学品与生物样品的使用。,正确,错误,,,A,,接口直采,1,2026/9/18 12:50:35
判断题,医学与医学生物学教学实验室有机溶剂储存区应远离热源和火源。,正确,错误,,,A,,接口直采,1,2026/9/18 12:50:25
判断题,医学与医学生物学教学实验室中，教师在所有涉及风险材料与试剂的实验课程中可以不进行示范性操作演示，但要通过理论讲解向学生讲明操作风险及防范措施，使实验人员在开展实验前做好风险防控的心理准备。,正确,错误,,,B,,接口直采,1,2026/9/18 12:50:35
判断题,医学与医学生物学实验室安全的内容包括建筑与设施安全、仪器设备安全、试剂耗材安全、废弃物安全等，治安和消防属公共秩序不在此范畴内。,正确,错误,,,B,,接口直采,1,2026/9/18 12:50:35
判断题,医学与医学生物学实验室的建设有其特殊性，需要综合考虑实验室的总体规划、工艺要求、层高以及各楼层合理布局。,正确,错误,,,A,,接口直采,1,2026/9/18 12:50:35
判断题,仪器设备出现异常时，须立即停机，并找专业人员进行检修。,正确,错误,,,A,,接口直采,1,2026/9/18 12:50:37
判断题,仪器设备发生故障后，必须及时报告管理人员，并详细登记。,正确,错误,,,A,,接口直采,1,2026/9/18 12:50:38
判断题,仪器设备开机前，操作者要先阅读熟悉该机器设备的操作规程。,正确,错误,,,A,,接口直采,1,2026/9/18 12:50:38
判断题,仪器设备开机前要先阅读熟悉该机器设备的操作规程。,正确,错误,,,A,,接口直采,1,2026/9/18 12:50:38
判断题,仪器设备开机前要先阅读熟悉该仪器设备的操作规程。,正确,错误,,,A,,接口直采,1,2026/9/18 12:50:38
判断题,仪器设备是科研创新能力提升的基础条件，是科研工作顺利进行的重要物资保障，对科研工作成效有着很大影响。,正确,错误,,,A,,接口直采,1,2026/9/18 12:50:38
判断题,仪器设备用电或线路发生故障着火时，应立即切断现场电源，将人员疏散，并组织人员用灭火器进行灭火。,正确,错误,,,A,,接口直采,1,2026/9/18 12:50:32
判断题,仪器使用氢气时均要进行检漏，以防可能造成的火险或爆炸的危险。,正确,错误,,,A,,接口直采,1,2026/9/18 12:50:38
判断题,移动某些非固定安装的电气设备时（如电风扇、照明灯），可以不必切断电源。,正确,错误,,,B,,接口直采,1,2026/9/18 12:50:37
判断题,移动式电动工具、手持式电动工具应加装漏电保护器。,正确,错误,,,A,,接口直采,1,2026/9/18 12:50:37
判断题,移液管使用后应完全浸入适当的消毒液中浸泡适当的时间，然后再丢弃或灭菌清洗后重复使用。,正确,错误,,,A,,接口直采,1,2026/9/18 12:50:35
判断题,移液器在吸取不同液体时，可以不更换移液器吸头。,正确,错误,,,B,,接口直采,1,2026/9/18 12:50:21
判断题,乙醇的爆炸极限是：4.3％～19％。,正确,错误,,,A,,接口直采,1,2026/9/18 12:50:25
判断题,乙醇对活性细菌、真菌和脂类病毒起作用，但对孢子无作用。,正确,错误,,,A,,接口直采,1,2026/9/18 12:50:35
判断题,乙醇水溶液浓度越高，其杀菌活性越强。,正确,错误,,,B,,接口直采,1,2026/9/18 12:50:28
判断题,乙级放射性实验室可以在一般建筑物内，但应集中在同一层或同一端与非放射性工作场所分开。,正确,错误,,,A,,接口直采,1,2026/9/18 12:50:16
判断题,乙级和丙级非密封源工作场所的安全管理参照II、III类放射源。,正确,错误,,,A,,接口直采,1,2026/9/18 12:50:16
判断题,乙醚、酒精、丙酮、二硫化碳、苯等有机溶剂易燃，实验室不得存放过多，切不可倒入下水道，以免集聚引起火灾。,正确,错误,,,A,,接口直采,1,2026/9/18 12:50:25
判断题,乙醚、氯仿、笑气（N₂O）具有麻醉作用。,正确,错误,,,A,,接口直采,1,2026/9/18 12:50:25
判断题,乙醚不属于易制毒化学品。,正确,错误,,,B,,接口直采,1,2026/9/18 12:50:25
判断题,乙醚的爆炸极限是：1.9％～48％。,正确,错误,,,A,,接口直采,1,2026/9/18 12:50:25
判断题,乙醚等易形成过氧化物的有机溶剂废液不可利用蒸馏单元操作回收。,正确,错误,,,A,,接口直采,1,2026/9/18 12:50:20
判断题,乙醚长时间与空气接触，可以形成羟乙基过氧化氢，它失去一分子水转变成亚乙基过氧化物，这种亚乙基过氧化物具有猛烈爆炸性。,正确,错误,,,A,,接口直采,1,2026/9/18 12:50:25
判断题,乙炔的爆炸极限是：2.2％～81％。,正确,错误,,,A,,接口直采,1,2026/9/18 12:50:25
判断题,乙炔非常易燃，且燃烧温度很高，有时还会发生分解爆炸。,正确,错误,,,A,,接口直采,1,2026/9/18 12:50:23
判断题,乙炔钢瓶压力不足时，可以通过敲击或振动提高气瓶内压力。,正确,错误,,,B,,接口直采,1,2026/9/18 12:50:23
判断题,乙炔金属盐、环氧乙烷、偶氮氧化物等都属于易燃和易爆的化学试剂，处理时应该特别小心。,正确,错误,,,A,,接口直采,1,2026/9/18 12:50:25
判断题,乙炔气钢瓶的规定涂色为白色，氯气钢瓶为深绿色，氢气钢瓶为淡绿色，氧气钢瓶为蓝色，氮气钢瓶为黑色，液氨钢瓶为淡黄色,正确,错误,,,A,,接口直采,1,2026/9/18 12:50:23
判断题,乙炔气钢瓶的规定涂色为白色、氯气钢瓶为黄色、氢气钢瓶为绿色、氟化氢钢瓶为灰色、液氨钢瓶为黄色。,正确,错误,,,A,,接口直采,1,2026/9/18 12:50:23
判断题,乙炔衍生物、乙炔金属盐、环氧乙烷、叠氮化物等都属于易燃和易爆的化学试剂，处理时应该特别小心。,正确,错误,,,A,,接口直采,1,2026/9/18 12:50:25
判断题,乙炔与空气混合时的爆炸范围是含乙炔2.5％～80.5％（体积分数），危险性程度较低。,正确,错误,,,B,,接口直采,1,2026/9/18 12:50:23
判断题,乙烯的爆炸极限是：3.1％～32％。,正确,错误,,,A,,接口直采,1,2026/9/18 12:50:25
判断题,乙型肝炎病毒和弓形虫是属于BSL-1防护水平的微生物的代表。,正确,错误,,,B,,接口直采,1,2026/9/18 12:50:35
判断题,已使用实验室可以根据需求自行随意改建。,正确,错误,,,B,,接口直采,1,2026/9/18 12:50:27
判断题,已用过的笼盒及其内的垫料可以直接进行清洗。,正确,错误,,,B,,接口直采,1,2026/9/18 12:50:35
判断题,以核磁设备常用品牌Bruker为例，核磁超低温系统所用氦气为高纯氦气。,正确,错误,,,B,,接口直采,1,2026/9/18 12:50:16
判断题,以核磁设备常用品牌Bruker为例，样品测试时需首先关注 power check功能是否开启，防止功率过大损坏探头。,正确,错误,,,A,,接口直采,1,2026/9/18 12:50:16
判断题,以下两点可以减少针刺损伤：减少使用注射器和针头（可用一些简单工具来打开瓶塞，然后使用吸管取样而不用注射器和针头）；给用过的注射器针头戴护套。,正确,错误,,,B,,接口直采,1,2026/9/18 12:50:20
判断题,易挥发的药品应远离热源火源。,正确,错误,,,A,,接口直采,1,2026/9/18 12:50:25
判断题,易挥发药品的保存应：远离热源火源，于避光阴凉处保存，通风良好，不能装满。,正确,错误,,,A,,接口直采,1,2026/9/18 12:50:25
判断题,易燃、易爆气体和助燃气体（氧气等）的钢瓶不得混放在一起，并应远离热源和点火源，保持通风。,正确,错误,,,A,,接口直采,1,2026/9/18 12:50:23
判断题,易燃、易爆气体和助燃气体（氧气等）的钢瓶不得混放在一起，并应远离热源和火源，保持通风。,正确,错误,,,A,,接口直采,1,2026/9/18 12:50:23
判断题,易燃、易爆气体和助燃气体（氧气等）可以混放在一起，并靠近热源和火源。,正确,错误,,,B,,接口直采,1,2026/9/18 12:50:23
判断题,易燃、易爆物品要放在远离实验室的阴凉通风处，在实验室内保存的少量易燃易爆试剂要严格管理。,正确,错误,,,A,,接口直采,1,2026/9/18 12:50:25
判断题,易燃、易挥发的溶剂不得在敞口容器中加热，应选用水浴加热器，不得用明火直接加热。,正确,错误,,,A,,接口直采,1,2026/9/18 12:50:25
判断题,易燃固体与空气接触面积越大，越容易燃烧，燃烧速率也越快。,正确,错误,,,A,,接口直采,1,2026/9/18 12:50:25
判断题,易燃气体：在20℃和101.3kPa标准压力下，与空气混合有易燃范围的气体。,正确,错误,,,A,,接口直采,1,2026/9/18 12:50:32
判断题,易燃气体遇火源能燃烧，与空气混合到一定浓度会发生爆炸。爆炸极限宽的气体的火灾、爆炸危险性更大，如氢气瓶泄漏遇火燃烧而发生的爆炸。,正确,错误,,,A,,接口直采,1,2026/9/18 12:50:23
判断题,易燃性气体的操作地点要使用防爆型的电气设备，并设法除去其静电荷，以防因火花等而引起着火爆炸。,正确,错误,,,A,,接口直采,1,2026/9/18 12:50:23
判断题,易燃液体大部分属于低沸点、低闪点、易挥发的物质。,正确,错误,,,A,,接口直采,1,2026/9/18 12:50:25
判断题,易燃易爆的有机溶剂用完后可稀释倒入下水道。,正确,错误,,,B,,接口直采,1,2026/9/18 12:50:25
判断题,易燃易爆气体和助燃气体钢瓶存放在一起时应远离火源和热源。,正确,错误,,,B,,接口直采,1,2026/9/18 12:50:23
判断题,易燃易爆试剂应使用无霜型冰箱进行储存。,正确,错误,,,B,,接口直采,1,2026/9/18 12:50:25
判断题,易燃易爆危险品不能带入与实验无关的场所。,正确,错误,,,A,,接口直采,1,2026/9/18 12:50:32
判断题,易制爆危险化学品：可用于制造爆炸物品的危险化学品。,正确,错误,,,A,,接口直采,1,2026/9/18 12:50:25
判断题,易制爆危险化学品是指列入公安部确定、公布的易制爆危险化学品名录，容易爆炸的化学品。,正确,错误,,,B,,接口直采,1,2026/9/18 12:50:25
判断题,易制毒化学品：可以用于制毒的主要原料或可以用于制毒的化学配剂。,正确,错误,,,A,,接口直采,1,2026/9/18 12:50:25
判断题,易制毒化学品是指用于非法生产、制造或合成毒品的原料、配剂等化学物品，不包括用以制造毒品的原料前体、试剂、溶剂及稀释剂、添加剂等。,正确,错误,,,B,,接口直采,1,2026/9/18 12:50:25
判断题,因处理废液费用很高，应将无毒无害试剂与有毒有害试剂分开处理，例如稀HAc、H2SO4、HCL、NaOH、KOH等溶液可进行中和处理。,正确,错误,,,A,,接口直采,1,2026/9/18 12:50:20
判断题,因疾病或其他原因死亡的动物尸体写明标签统一焚烧。,正确,错误,,,B,,接口直采,1,2026/9/18 12:50:35
判断题,因实验室特殊要求，细胞培养房内用的气体钢瓶可不用固定，只要平时小心就可以。,正确,错误,,,B,,接口直采,1,2026/9/18 12:50:23
判断题,因实验室特殊要求，细胞培养房内用的气体钢瓶可用小推车等形式进行固定。,正确,错误,,,A,,接口直采,1,2026/9/18 12:50:23
判断题,因实验需要，仪器设备可以随便拆装。,正确,错误,,,B,,接口直采,1,2026/9/18 12:50:38
判断题,因使用多种仪器设备，生物安全实验室的噪声可以大于70分贝。,正确,错误,,,B,,接口直采,1,2026/9/18 12:50:35
判断题,因为放射性实验室各类访问人员停留时间不会太长，一般也不会受到明显的照射，所以可以不给予辐射安全培训。,正确,错误,,,B,,接口直采,1,2026/9/18 12:50:16
判断题,因为屏障环境饲养的SPF级实验动物排除了一切人畜共患病和动物烈性传染病病原，所以其动物尸体可以按照生活垃圾处理。,正确,错误,,,B,,接口直采,1,2026/9/18 12:50:35
判断题,因为实验室领导并不参与实际实验操作，事实上很少会真正接触到放射性物质， 医学与医学生物学实验宣安全练习册 所以对于这些人的放射安全培训无论从广度还是深度上都不做要求。,正确,错误,,,B,,接口直采,1,2026/9/18 12:50:16
判断题,因为实验需要，可以在实验室存放大量气体钢瓶。,正确,错误,,,B,,接口直采,1,2026/9/18 12:50:23
判断题,因为学生具有流动性和不稳定性的特点，所以不应该让学生参与实验室安全管理工作。（）,正确,错误,,,B,,接口直采,1,2026/9/18 12:50:27
判断题,因为乙醚长时间与空气接触可以形成羟乙基过氧化氢，成为一种具有猛烈爆炸性的物质，因此，在蒸馏乙醚时不能将液体蒸干。,正确,错误,,,A,,接口直采,1,2026/9/18 12:50:25
判断题,因吸入少量氯气、溴蒸气而中毒，可用碳酸氢钠溶液漱口，不可进行人工呼吸。,正确,错误,,,A,,接口直采,1,2026/9/18 12:50:15
判断题,因业务需要，网络运营者可以收集与其提供服务无关的个人信息。,正确,错误,,,B,,接口直采,1,2026/9/18 12:50:42
判断题,饮水加热器、灭菌锅等可以无水干烧。,正确,错误,,,B,,接口直采,1,2026/9/18 12:50:38
判断题,应避免在无人看管的情况下进行实验。,正确,错误,,,A,,接口直采,1,2026/9/18 12:50:21
判断题,应急队伍建设与训练、应急设备等都是应急行动有效性的基本组成部分。,正确,错误,,,A,,接口直采,1,2026/9/18 12:50:15
判断题,应急管理由预防、准备、响应和恢复四个阶段构成，它们相互关联，构成了应急管理的循环过程。,正确,错误,,,A,,接口直采,1,2026/9/18 12:50:15
判断题,应急管理中的预防指通过安全管理和安全技术手段，尽可能地防止事故的发生。,正确,错误,,,A,,接口直采,1,2026/9/18 12:50:15
判断题,应急计划应定期评估和更新。,正确,错误,,,A,,接口直采,1,2026/9/18 12:50:16
判断题,应急响应的目标是尽可能抢救受害人员。,正确,错误,,,A,,接口直采,1,2026/9/18 12:50:15
判断题,应急响应是在事故发生后采取的事故应急处置行动。,正确,错误,,,A,,接口直采,1,2026/9/18 12:50:15
判断题,应急演练的基本任务是检验、评价和保持应急能力。,正确,错误,,,A,,接口直采,1,2026/9/18 12:50:15
判断题,应急预案是针对可能发生的事故，为迅速、有序地开展应急行动而预先制订的行动方案。,正确,错误,,,A,,接口直采,1,2026/9/18 12:50:15
判断题,应建立危险化学品台账，在储存、领用、归还危险化学品时，详细登记危险化学品信息、领用人、领用量等信息。,正确,错误,,,A,,接口直采,1,2026/9/18 12:50:25
判断题,应经常性检查用气情况是否正常，防止漏气。可用肥皂水之类东西进行试漏检。,正确,错误,,,A,,接口直采,1,2026/9/18 12:50:23
判断题,应在BSL-3实验室入口处张贴生物危害警示标识，标识的信息应包括实验室生物安全级别、主管姓名（或其他负责人员）、联系电话号码，不包括进入和离开实验室所需的程序。,正确,错误,,,B,,接口直采,1,2026/9/18 12:50:35
判断题,应增强信息安全的意识，注意保护教学科研活动中实验技术参数、观测数据、实验分析结果及新的科学发现等资料。,正确,错误,,,A,,接口直采,1,2026/9/18 12:50:27
判断题,用玻璃吸管代替巴斯德塑料吸管，可以避免感染性物质的注入。,正确,错误,,,B,,接口直采,1,2026/9/18 12:50:28
判断题,用低沸点溶剂洗涤过的滤饼，可直接放入烘箱干燥。,正确,错误,,,B,,接口直采,1,2026/9/18 12:50:38
判断题,用分光光度计测定样品溶液时，可以允许样品溶液有气泡、悬浮物等。,正确,错误,,,B,,接口直采,1,2026/9/18 12:50:38
判断题,用烘箱干燥有爆炸危险性的物品时温度不可过高。,正确,错误,,,B,,接口直采,1,2026/9/18 12:50:32
判断题,用后的玻璃仪器可攒起来统一清洗。,正确,错误,,,B,,接口直采,1,2026/9/18 12:50:21
判断题,用活泼金属干燥溶剂时，反应后可以将剩余活泼金属丢弃。,正确,错误,,,B,,接口直采,1,2026/9/18 12:50:20
判断题,用活泼金属做除水实验，已观察不到金属的氧化反应，就可以将活泼金属丢弃。,正确,错误,,,B,,接口直采,1,2026/9/18 12:50:15
判断题,用机床加工较大工件时，应在机床床身上放置木制垫板。,正确,错误,,,A,,接口直采,1,2026/9/18 12:50:37
判断题,用酒精灯加热试管需用外焰加热，不能让试管接触灯芯，否则试管会炸裂。,正确,错误,,,A,,接口直采,1,2026/9/18 12:50:21
判断题,"用灭火器灭火时,灭火器的喷射口应该对准火焰的中部。",正确,错误,,,B,,接口直采,1,2026/9/18 12:50:32
判断题,用泡沫灭火剂扑灭油罐火灾时，如果火势很大，有时并不能将火完全扑灭，会发生闷燃引起爆炸。,正确,错误,,,A,,接口直采,1,2026/9/18 12:50:32
判断题,用水洗玻璃仪器根据要洗涤的玻璃仪器的性状选择合适的毛刷，如试管刷、烧杯刷、平刷、滴定管刷等。,正确,错误,,,A,,接口直采,1,2026/9/18 12:50:21
判断题,用水洗涤材料表面的放射性污染去污率为聚乙烯＜玻璃＜不锈钢＜水泥。,正确,错误,,,B,,接口直采,1,2026/9/18 12:50:16
判断题,用于显微镜观察的盖玻片和涂片用于显微镜观察的感染性血液、唾液和粪便标本在固定和染色后，应当用镊子拿取，并经流水冲洗后再重复使用。,正确,错误,,,B,,接口直采,1,2026/9/18 12:50:35
判断题,用于显微镜观察的盖玻片和涂片用于显微镜观察的感染性血液、唾液和粪便标本在固定和染色时，必须杀死涂片上的所有微生物和病毒。,正确,错误,,,B,,接口直采,1,2026/9/18 12:50:35
判断题,用于有机化学实验或有机分析的玻璃仪器，在洗净后必须进行干燥。,正确,错误,,,A,,接口直采,1,2026/9/18 12:50:21
判断题,用注射器抽吸含病原体接种液及进行接种准备时应注意防止产生气溶胶。,正确,错误,,,A,,接口直采,1,2026/9/18 12:50:35
判断题,由于129I命较长，在废气处置过程中必须将吸收或吸附的碘转化为某种适于做最终处置的固体形式。,正确,错误,,,A,,接口直采,1,2026/9/18 12:50:16
判断题,由于金属络合剂能与毒物中的金属离子形成稳定的化合物，随尿液排出体外，故发生金属及其盐类中毒时，可采用各种金属络合剂解毒。,正确,错误,,,A,,接口直采,1,2026/9/18 12:50:15
判断题,由于事故发生的不确定性和不可预见，因此应急活动具有复杂性的特点。,正确,错误,,,A,,接口直采,1,2026/9/18 12:50:15
判断题,由于医学与医学生物学教学实验室是教学实验室而不是科研实验室，所以2018年教育部在《高等学校实验室安全检查项目表》中对于实验场所与安全设施的管理提出的要求不适用于医学与医学生物学教学实验室。,正确,错误,,,B,,接口直采,1,2026/9/18 12:50:35
判断题,由于紫外线透过物质能力很差，因此不适于室内空气或物体表面的消毒。,正确,错误,,,B,,接口直采,1,2026/9/18 12:50:28
判断题,邮件的附件如果是带有.exe、.com、.pif、.pl、.src和.vbs为后缀的文件，应确定其安全后再打开。,正确,错误,,,A,,接口直采,1,2026/9/18 12:50:42
判断题,有“严禁烟火”警示牌的大楼和实验室，可不必配置必要的消防、冲淋、洗眼、报警和逃生设施和有明显标志。,正确,错误,,,B,,接口直采,1,2026/9/18 12:50:27
判断题,有“严禁烟火”警示牌的大楼和实验室，须配置必要的消防、冲淋、洗眼、报警和逃生设施，并有明显标志。,正确,错误,,,A,,接口直采,1,2026/9/18 12:50:27
判断题,有爆炸危险的试剂如过氧化氢、浓高氯酸在实验室不可过量存放，并应置于干燥阴凉处。,正确,错误,,,A,,接口直采,1,2026/9/18 12:50:25
判断题,有爆炸危险的试剂在实验室内不可过量存放。,正确,错误,,,A,,接口直采,1,2026/9/18 12:50:25
判断题,有大型仪器和净化要求的实验室的层高一般宜不低于4.5米。,正确,错误,,,A,,接口直采,1,2026/9/18 12:50:38
判断题,有毒化学品在水中的溶解度越大，其危险性越大。,正确,错误,,,A,,接口直采,1,2026/9/18 12:50:25
判断题,有毒化学药品溅在皮肤上时，可用乙醇等有机溶剂擦洗。,正确,错误,,,B,,接口直采,1,2026/9/18 12:50:15
判断题,有毒气体气瓶应单独存放，并设置毒气侦测装置或安装气体监控报警装置。,正确,错误,,,A,,接口直采,1,2026/9/18 12:50:23
判断题,有毒实验废弃物应明确专人负责，使用专用容器和醒目标识，将重金属、氰化物、溴化乙啶（EB）及其结合物进行分类收集，专人管理，定期回收，统一处理。,正确,错误,,,A,,接口直采,1,2026/9/18 12:50:20
判断题,有毒实验室废弃物应明确专人负责，使用专用容器和醒目标识，分类收集，定期回收，统一处理。,正确,错误,,,A,,接口直采,1,2026/9/18 12:50:20
判断题,有毒物品应储存在阴凉、通风、干燥的场所，不得露天存放，不能靠近酸类物。,正确,错误,,,A,,接口直采,1,2026/9/18 12:50:25
判断题,有毒药品溅在皮肤上时，可用有机溶剂擦洗。,正确,错误,,,B,,接口直采,1,2026/9/18 12:50:15
判断题,有毒作业环境管理中的组织管理应包括对职工进行防毒宣传教育，使职工既清楚有毒物质对人体的危害，又了解预防措施，从而使职工主动地遵守安全操作规程，加强个人防护。,正确,错误,,,A,,接口直采,1,2026/9/18 12:50:25
判断题,有关放射性核素的实验操作必须在指定的同位素实验室进行。,正确,错误,,,A,,接口直采,1,2026/9/18 12:50:16
判断题,有害化学品会由呼吸道、消化道或皮肤进入体内，引起中毒，切忌口尝、直接鼻嗅及触摸药品。,正确,错误,,,A,,接口直采,1,2026/9/18 12:50:25
判断题,有机废物、浓酸或浓碱废液等倒入水槽，只要加大量的自来水将之冲稀即可。,正确,错误,,,B,,接口直采,1,2026/9/18 12:50:20
判断题,有机废物、浓酸或浓碱废液等可倒入水槽，加大量的自来水将之冲稀。,正确,错误,,,B,,接口直采,1,2026/9/18 12:50:20
判断题,有机过氧化物是热不稳定物质或混合物，容易放热加速分解。,正确,错误,,,A,,接口直采,1,2026/9/18 12:50:25
判断题,有机化学实验经常使用玻璃仪器，使用的基本原则是：不能对玻璃仪器的任何部位施加过度压力。,正确,错误,,,A,,接口直采,1,2026/9/18 12:50:25
判断题,有机溶剂不溶于水，当其着火时，应用石棉布、湿布或灭火沙覆盖，绝对不能用水灭火。,正确,错误,,,A,,接口直采,1,2026/9/18 12:50:25
判断题,有机溶剂能穿过皮肤进入人体，应避免直接与皮肤接触。,正确,错误,,,A,,接口直采,1,2026/9/18 12:50:15
判断题,有机溶剂应尽量回收，在对实验没有妨碍的情况下可以反复使用。,正确,错误,,,A,,接口直采,1,2026/9/18 12:50:20
判断题,有机溶剂只会经呼吸道进入人体，只要正确的使用防护面具，就可以有效防止危害。,正确,错误,,,B,,接口直采,1,2026/9/18 12:50:28
判断题,"有机溶剂只会经口鼻进入人体,只要正确的使用呼吸防护面具,就可以有效防止危害健康。",正确,错误,,,B,,接口直采,1,2026/9/18 12:50:15
判断题,有些试剂，如叠氮铝、乙炔银、乙炔铜、高氯酸盐、过氧化物等受震动和受热易引起爆炸，使用要特别小心。,正确,错误,,,A,,接口直采,1,2026/9/18 12:50:25
判断题,有些因具备气溶胶传播而致实验室感染和导致生命危险疾病的外来性病原微生物，有关实验工作应在具备BSL-3防护要求的实验室中进行。,正确,错误,,,B,,接口直采,1,2026/9/18 12:50:35
判断题,有些自燃物质在缺氧条件下也可发生化学反应，放出热量自燃，如黄磷、锌粉等。,正确,错误,,,A,,接口直采,1,2026/9/18 12:50:25
判断题,有异物刺入头部或胸部时，应马上拔出，用纱布简单包扎后送医院抢救。,正确,错误,,,B,,接口直采,1,2026/9/18 12:50:15
判断题,有易燃易爆危险品的实验室禁止使用明火。,正确,错误,,,A,,接口直采,1,2026/9/18 12:50:25
判断题,与非人灵长类接触的人员必须评估黏膜暴露的风险，并根据需要佩戴防护设备（例如面罩、护目镜、口罩等）。,正确,错误,,,A,,接口直采,1,2026/9/18 12:50:35
判断题,与工作无关的外来人员不得进入实验室。,正确,错误,,,A,,接口直采,1,2026/9/18 12:50:27
判断题,遇到停电停水等情况，实验室人员必须检查电源和水源是否关闭，避免重新来电来水时发生相关安全事故。,正确,错误,,,A,,接口直采,1,2026/9/18 12:50:18
判断题,遇火、遇潮容易燃烧、爆炸或产生有毒气体的化学危险品，不得在露天、潮湿、漏雨或低洼容易积水的地点存放。,正确,错误,,,A,,接口直采,1,2026/9/18 12:50:25
判断题,遇火、遇潮容易燃烧、爆炸或产生有毒气体的危险化学品，不得在露天、潮湿、漏雨或低洼容易积水的地点存放。,正确,错误,,,A,,接口直采,1,2026/9/18 12:50:25
判断题,遇上发生火灾，应躲在有新鲜空气的窗户边等待救援。,正确,错误,,,B,,接口直采,1,2026/9/18 12:50:15
判断题,遇湿易燃物质；指遇水或受潮后，发生剧烈化学反应，放出大量易燃气体和热量的物品，不需明火也能燃烧或爆炸。,正确,错误,,,A,,接口直采,1,2026/9/18 12:50:25
判断题,运营者采购网络产品和服务时，必须优先采购安全可信的产品和服务。,正确,错误,,,A,,接口直采,1,2026/9/18 12:50:42
判断题,运营者发生合并、分立或解散时，无需向保护工作部门报告。,正确,错误,,,B,,接口直采,1,2026/9/18 12:50:42
判断题,在“严禁烟火”警示牌的大楼和实验室，没必要再配置消防、冲淋、洗眼、报警和逃生设施及设明显标志。,正确,错误,,,B,,接口直采,1,2026/9/18 12:50:32
判断题,在安全性上外压容器一般较内压容器安全。,正确,错误,,,A,,接口直采,1,2026/9/18 12:50:30
判断题,在冰箱或其他冷藏库中储存的所有容器必须清楚地标明内部物品、存储时间和存储人姓名，没有标签或废弃的物品应当进行高压灭菌后清除。,正确,错误,,,A,,接口直采,1,2026/9/18 12:50:21
判断题,在病原微生物各级实验室，实验室主任应确保实验及其辅助人员接受适当的生物安全培训，包括和工作有关的风险、防止暴露的必要措施和暴露评估程序。当相关程序改变时虽然没有必要进行新的培训，但相关人员必须知晓。,正确,错误,,,B,,接口直采,1,2026/9/18 12:50:35
判断题,在病原微生物实验室，必须配备以下紧急装备；急救箱，常用解毒剂（不包括特殊的解毒剂），合适的灭火器和灭火毯。,正确,错误,,,B,,接口直采,1,2026/9/18 12:50:35
判断题,在病原微生物实验室，发生自然灾害时，应及时把实验室建筑内和（或）附近建筑物的潜在危险向当地或国家紧急救助人员提出警告。,正确,错误,,,A,,接口直采,1,2026/9/18 12:50:35
判断题,在病原微生物实验室，个人健康状况可能影响个体感染的易感性时，应提供必要的免疫或预防性干预的措施。,正确,错误,,,A,,接口直采,1,2026/9/18 12:50:35
判断题,在病原微生物实验室，嚼口香糖不影响任何实验操作，所以是允许的。,正确,错误,,,B,,接口直采,1,2026/9/18 12:50:20
判断题,在病原微生物实验室，离心可以在无安全罩的离心机内进行，但涡流搅拌的样本必须置于有盖容器内。,正确,错误,,,B,,接口直采,1,2026/9/18 12:50:35
判断题,在病原微生物实验室，污染的设备在离开实验室送去修理、维护或打包运输前，要按照规定进行消毒处理。,正确,错误,,,A,,接口直采,1,2026/9/18 12:50:35
判断题,在病原微生物实验室工作区内吃东西或喝水，都可能通过食入造成感染。,正确,错误,,,A,,接口直采,1,2026/9/18 12:50:35
判断题,在病原微生物实验室进行静脉抽血相关操作时，应当尽量使用传统的针头和注射器取代一次性的安全真空采血管。,正确,错误,,,B,,接口直采,1,2026/9/18 12:50:35
判断题,在病原微生物实验室时，应当在生物安全柜内打开血液和其他体液、组织及排泄物标本管，且应用纸或纱布抓住塞子以防止喷溅；同时应在防护衣外面要再穿上塑料围裙。,正确,错误,,,A,,接口直采,1,2026/9/18 12:50:35
判断题,在病原微生物实验室收集血液和其他体液、组织及排泄物标本时，检验申请单应当分开放置在防水袋或信封内，且接收人员不应打开这些袋子。,正确,错误,,,A,,接口直采,1,2026/9/18 12:50:35
判断题,在病原微生物实验室遭遇刺伤、切割伤或擦伤时，受伤人员应当脱下防护服，清洗双手和受伤部位，使用适当的皮肤消毒剂，必要时进行医学处理。要记录受伤原因和相关的微生物，并应保留完整适当的医疗记录。,正确,错误,,,A,,接口直采,1,2026/9/18 12:50:35
判断题,在病原微生物实验室遭遇可封闭的离心桶（安全杯）内离心管发生破裂，那么所有密封离心桶都应拿到生物安全柜内拆卸；如果怀疑在安全杯内发生破损，应该松开安全杯盖子并将整个离心桶高压灭菌。,正确,错误,,,A,,接口直采,1,2026/9/18 12:50:35
判断题,在病原微生物实验室遭遇潜在危害性气溶胶的释放（在生物安全柜以外），应当立即通知实验室负责人和生物安全主管部门，而不是立即撤离相关区域。,正确,错误,,,B,,接口直采,1,2026/9/18 12:50:35
判断题,在病原微生物实验室遭遇潜在危害性气溶胶的释放（在生物安全柜以外）后，为了使气溶胶排出和使较大的粒子沉降，在一定时间内严禁人员入内。,正确,错误,,,A,,接口直采,1,2026/9/18 12:50:35
判断题,"在不影响实验室周围的走廊通行的情况,可以堆放仪器等杂物。",正确,错误,,,B,,接口直采,1,2026/9/18 12:50:32
判断题,在采用静脉注射麻醉药物时，应按体重计算出的麻醉药物剂量，并快速将其注射到动物体内。,正确,错误,,,B,,接口直采,1,2026/9/18 12:50:35
判断题,在采用静脉注射麻醉药物时必须缓慢，同时观察肌肉紧张性、角膜反射和对皮肤夹捏的反应，当这些活动明显减弱或消失时，立即停止注射。,正确,错误,,,A,,接口直采,1,2026/9/18 12:50:35
判断题,在操作电炉时，注意不要触及电炉丝，开启炉门前要先切断电源。,正确,错误,,,A,,接口直采,1,2026/9/18 12:50:37
判断题,在操作机床前，操作者要穿好工作服，袖口扣紧，上衣下摆不能敞开；不得在开动的机床旁更衣，防止机器绞伤；严禁戴手套。,正确,错误,,,A,,接口直采,1,2026/9/18 12:50:37
判断题,在操作数控电火花线切割机床时，操作者必须佩戴专用防护手套，以免皮肤被工作液腐蚀而造成皮肤损伤。,正确,错误,,,A,,接口直采,1,2026/9/18 12:50:37
判断题,在车床卡盘上安装工件时，工件要装正、夹紧，装、卸工件后必须及时取下卡盘扳手。,正确,错误,,,A,,接口直采,1,2026/9/18 12:50:37
判断题,在车床上车削零件时，应及时用手清除缠绕在工件或刀具上的切屑。,正确,错误,,,B,,接口直采,1,2026/9/18 12:50:37
判断题,在车削工件时，不准用手触摸或测量旋转的工件。,正确,错误,,,A,,接口直采,1,2026/9/18 12:50:37
判断题,在充满可燃气体的环境中，可以使用手动电动工具。,正确,错误,,,B,,接口直采,1,2026/9/18 12:50:37
判断题,在冲床上进行冲压操作时，无论是剪板、冲裁还是成形，手绝对不允许放在刀口或模具之下。,正确,错误,,,A,,接口直采,1,2026/9/18 12:50:37
判断题,在冲床上开始冲压操作前，操作者需认真检查防护装置的完好性以及离合器和制动装置的安全性。,正确,错误,,,A,,接口直采,1,2026/9/18 12:50:37
判断题,在冲床上开始冲压操作前，操作者应清理干净工作台上一切影响作业的物件。,正确,错误,,,A,,接口直采,1,2026/9/18 12:50:37
判断题,在冲压过程中，必须小心谨慎地控制脚踏开关，严禁他人在脚踏开关附近干扰操作。,正确,错误,,,A,,接口直采,1,2026/9/18 12:50:37
判断题,在冲压过程中，必须小心谨慎地控制脚踏开关，严禁外人在脚踏开关的周围停留。,正确,错误,,,A,,接口直采,1,2026/9/18 12:50:37
判断题,在冲压过程中，如果工件卡在模子里，操作者可以直接用手取出。,正确,错误,,,B,,接口直采,1,2026/9/18 12:50:37
判断题,在冲压过程中，如果工件卡在模子里，应先关闭电源，并用专业工具取出。,正确,错误,,,A,,接口直采,1,2026/9/18 12:50:37
判断题,在冲压过程中，装卸工件时，操作者的脚应一直放在脚踏开关上。,正确,错误,,,B,,接口直采,1,2026/9/18 12:50:37
判断题,在冲压过程中，装卸工件时，脚可一直放在脚踏开关上。,正确,错误,,,B,,接口直采,1,2026/9/18 12:50:37
判断题,在处理感染性血液样本时，超声处理器等自动化仪器不需要在每一步完成后对仪器进行消毒，而是应根据实验室规定定期消毒（如每个月消毒一次）。,正确,错误,,,B,,接口直采,1,2026/9/18 12:50:35
判断题,在处理感染性血液样本时，自动化仪器为了避免液滴和气溶胶的扩散应采用封闭型的，其排出物应当收集在封闭容器内进一步高压灭菌和（或）废弃。,正确,错误,,,A,,接口直采,1,2026/9/18 12:50:35
判断题,在触电现场，如触电者已无呼吸或脉搏，此时还不能判定触电者已死亡，不能放弃抢救,正确,错误,,,A,,接口直采,1,2026/9/18 12:50:42
判断题,在大鼠需要反复尾静脉注射时应尽可能从尾根端开始，以后逐渐向尾尖部方向移动注射。,正确,错误,,,B,,接口直采,1,2026/9/18 12:50:35
判断题,在锻床上进行锻造操作前，必须检查设备及工具是否完好，当设备出现故障或工具开裂时，禁止使用。,正确,错误,,,A,,接口直采,1,2026/9/18 12:50:37
判断题,在锻床上进行锻造操作时，握钳者应将钳把置于体侧，不得正对腹部，或将手放入钳股之间。,正确,错误,,,A,,接口直采,1,2026/9/18 12:50:37
判断题,在锻造实习中，学生不得随意拨动锻压设备的开关和操纵手柄等。,正确,错误,,,A,,接口直采,1,2026/9/18 12:50:37
判断题,在放射工作区内，非排放的流向以及室内人工通风系统的气流方向，均应由高放射性区流向低放射性区。,正确,错误,,,B,,接口直采,1,2026/9/18 12:50:16
判断题,在放射工作区内，高活性区一般设在平面的始端，且是主风的上风侧。,正确,错误,,,B,,接口直采,1,2026/9/18 12:50:16
判断题,在放射生物学上，目前的主流观点认为，随机效应的发生不存在辐射剂量阈值，表现为受照剂量越大，效应的发生概率越高。,正确,错误,,,A,,接口直采,1,2026/9/18 12:50:16
判断题,在放射生物学上，确定性效应通常情况下存在剂量阈值。当超过受照剂量阈值时，效应才会发生，且受照剂量越大，效应的严重程度越大。,正确,错误,,,A,,接口直采,1,2026/9/18 12:50:16
判断题,在放射生物学上，随机效应的发生不存在辐射剂量阈值，表现为受照剂量越大，效应的严重程度越大。,正确,错误,,,B,,接口直采,1,2026/9/18 12:50:16
判断题,在放射性气溶胶净化过程中，净化系统随着滤材中粉尘的积累，过滤效率逐步下降，阻力增大。当阻力增大到影响通风系统正常工作时，即需更换过滤器。,正确,错误,,,A,,接口直采,1,2026/9/18 12:50:16
判断题,在放射性实验室，各区域的分布以危险程度较高的区域依次被危险程度较低的区域包围，人员在各区域之间的通行应当按照进入时从危险程度较低的区域到较高的区域，出来时则按反向顺序进行。,正确,错误,,,A,,接口直采,1,2026/9/18 12:50:16
判断题,在放射性实验室，清洁区应位于下风向侧，无放射性物质污染，包括办公室、会议室、图书室、资料室等。,正确,错误,,,B,,接口直采,1,2026/9/18 12:50:16
判断题,在放射性实验室大楼选址过程当中，应同时考虑废水处理设施、废物临时存储室和废气排放烟囱的位置。,正确,错误,,,A,,接口直采,1,2026/9/18 12:50:16
判断题,在放射性物质的采购过程中，订购人收货时必须认真检查和核对，做好登记，如医学与医学生物学实验室安全练习册发现差错，应及时向设备处经办人员报告，以便妥善处理；如验收合格，要及时与设备部门经办人员联系办理报销和登记手续。,正确,错误,,,A,,接口直采,1,2026/9/18 12:50:16
判断题,在放射性物质污染早期，手和皮肤污染的清洁可用有机溶剂和较浓的酸洗手，不宜用肥皂、洗涤剂、高锰酸钾、柠檬酸等进行清洗。,正确,错误,,,B,,接口直采,1,2026/9/18 12:50:16
判断题,在放射源意外丧失屏蔽，并且难以恢复其安全贮存位置的情况下，人员应该立即现场采取应急措施进行挽救直至安全状态，而不能马上撤离。,正确,错误,,,B,,接口直采,1,2026/9/18 12:50:16
判断题,在附近无水源，身上着火来不及脱衣服时，应就地打滚，将火苗压灭进行自救。,正确,错误,,,A,,接口直采,1,2026/9/18 12:50:32
判断题,在各级防护水平的病原微生物动物实验室，有感染性物质和（或）动物的区域的门应是向外开并自动关闭的。,正确,错误,,,B,,接口直采,1,2026/9/18 12:50:35
判断题,在各级防护水平的动物实验室，如果提供地面排水管，则回水阀装满水和（或）适当的消毒剂，以防止害虫和气体流入。,正确,错误,,,A,,接口直采,1,2026/9/18 12:50:35
判断题,在各类放射诊疗所致医疗照射中，影响面最广和占据份额最大的是医用X射线诊断。,正确,错误,,,A,,接口直采,1,2026/9/18 12:50:16
判断题,在很少下雨的地区，不需要在危险化学品仓库外设置防雷设施。,正确,错误,,,B,,接口直采,1,2026/9/18 12:50:18
判断题,在化学药品管理时，强氧化剂和强还原剂必须分开存放，使用时轻拿轻放，远离热源。,正确,错误,,,A,,接口直采,1,2026/9/18 12:50:25
判断题,在机床快速进给时，要把手轮离合器打开，以防手轮快速旋转伤人。,正确,错误,,,A,,接口直采,1,2026/9/18 12:50:37
判断题,在机床上安装较大工件时，应在机床工作台或导轨上放置木制垫板，以防砸伤机床工作台或机床导轨。,正确,错误,,,A,,接口直采,1,2026/9/18 12:50:37
判断题,在机器仪表发生故障，或机器及动力装备等发生异常情况时，操作者须立即报告设备管理人员，并找专业人员前来修理。,正确,错误,,,A,,接口直采,1,2026/9/18 12:50:38
判断题,在极低放废物中，长寿命的放射性核素浓度一般非常有限。,正确,错误,,,A,,接口直采,1,2026/9/18 12:50:16
判断题,在计算机系统安全中，人的作用相对于软件，硬件和网络而言，不是很重要。,正确,错误,,,B,,接口直采,1,2026/9/18 12:50:42
判断题,在洁净区域中，可以将头发从帽子中露出。,正确,错误,,,B,,接口直采,1,2026/9/18 12:50:40
判断题,在进入洁净度不同的区域时，应走风淋门；消防通道仅供紧急情况使用。,正确,错误,,,A,,接口直采,1,2026/9/18 12:50:40
判断题,在进入洁净室后，如觉得太闷可以将鼻子从口罩中露出。,正确,错误,,,B,,接口直采,1,2026/9/18 12:50:40
判断题,在进入实验室进行实验操作前，女士必须将长发整理好，以免头发垂下导致危险事故发生。,正确,错误,,,A,,接口直采,1,2026/9/18 12:50:28
判断题,在进行冲压操作时，无论是剪板、冲裁还是成形，手绝对不允许放在刀口或模具之下。,正确,错误,,,A,,接口直采,1,2026/9/18 12:50:37
判断题,在进行萃取或洗涤操作时，为了防止物质高度浓缩而导致内部压力过大，产生爆炸，应该注意及时排出产生的气体。,正确,错误,,,A,,接口直采,1,2026/9/18 12:50:21
判断题,在进行动物感染实验前不需要对所使用的病原微生物进行危险性评估。,正确,错误,,,B,,接口直采,1,2026/9/18 12:50:35
判断题,在进行发动机实验之前，操作人员应检查水路、油路、气路、电路、连接点等是否连接正常。,正确,错误,,,A,,接口直采,1,2026/9/18 12:50:37
判断题,在进行加速器实验时必须佩戴个人剂量计或个人剂量报警仪。,正确,错误,,,A,,接口直采,1,2026/9/18 12:50:16
判断题,在进行手工锻造时，握钳者应将钳把置于体侧，不得正对腹部，或将手放入钳股之间。,正确,错误,,,A,,接口直采,1,2026/9/18 12:50:37
判断题,在菌种使用记录中将传代过程与数量合并于研究记录中是允许的。,正确,错误,,,B,,接口直采,1,2026/9/18 12:50:35
判断题,在开放实验室，外来人员可随便操作实验室仪器设备。,正确,错误,,,B,,接口直采,1,2026/9/18 12:50:27
判断题,在开始动物实验研究之前，必须审查动物实验方案，并经单位动物伦理委员会和单位生物安全委员会批准。,正确,错误,,,A,,接口直采,1,2026/9/18 12:50:35
判断题,在考虑辐射防护时，要求剂量当量越低越好，可以避免确定性效应的发生同时减少随机性效应发生的几率。,正确,错误,,,B,,接口直采,1,2026/9/18 12:50:16
判断题,在离通风橱前1m处，进气速度降至约3m／min，通风橱抽吸效果最佳。,正确,错误,,,B,,接口直采,1,2026/9/18 12:50:35
判断题,在能产生气溶胶的大型分析设备上应使用局部通风防护，在操作小型仪器时使用定制的排气罩。,正确,错误,,,A,,接口直采,1,2026/9/18 12:50:35
判断题,在配备防护铅衣的前提下，放射性同位素可以存放在办公室内。,正确,错误,,,B,,接口直采,1,2026/9/18 12:50:16
判断题,在批准使用放射性核素之前，必须取得放射性培训合格资质。实行持证上岗制度，并佩戴个人专用的辐射剂量计。,正确,错误,,,A,,接口直采,1,2026/9/18 12:50:16
判断题,在批准使用放射性核素之前，必须取得放射性培训合格资质。实行持证上岗制度，并佩戴个人专用的辐射剂量计（dose meter）。,正确,错误,,,A,,接口直采,1,2026/9/18 12:50:16
判断题,在扑救电器火灾的明火时，应该用气体灭火器扑救。,正确,错误,,,A,,接口直采,1,2026/9/18 12:50:32
判断题,在器械、器具及管道中，常常会积有油分，若不把它清除掉，接触氧气时是很危险的。,正确,错误,,,A,,接口直采,1,2026/9/18 12:50:23
判断题,在清洁、维修仪器时，应先断电并确保无人能开启仪器。,正确,错误,,,A,,接口直采,1,2026/9/18 12:50:38
判断题,在清洁或维修线切割机床时，应先关闭机床总电源，方可进行。,正确,错误,,,A,,接口直采,1,2026/9/18 12:50:37
判断题,在任何情况下，起吊的重物之下严禁站人。,正确,错误,,,A,,接口直采,1,2026/9/18 12:50:30
判断题,在任何涉及处理或储存危险度3级以上（不包括3级）微生物的实验室，都必须有一份关于处理实验室和动物设施意外事故的书面预案，国家和（或）当地的卫生部门要参与制定应急预案。,正确,错误,,,B,,接口直采,1,2026/9/18 12:50:35
判断题,在任何生物安全防护级别的实验室，实验记录本都要随时携带。,正确,错误,,,B,,接口直采,1,2026/9/18 12:50:35
判断题,在设备停止运行期间，可对设备按钮进行转动、调节。,正确,错误,,,B,,接口直采,1,2026/9/18 12:50:38
判断题,在设计中尽量减少对原有墙体和结构的破坏，可采用维修柱和维修桥架模式。,正确,错误,,,A,,接口直采,1,2026/9/18 12:50:27
判断题,在生产过程中，发现安全防护装置对操作带来不便，可以不用或者拆除。,正确,错误,,,B,,接口直采,1,2026/9/18 12:50:15
判断题,在生物安全柜内的工作开始前安全柜的风机应至少运行15min，一旦实验结束后则应立即使风机停止运转，以免长时间运行产生过热现象。,正确,错误,,,B,,接口直采,1,2026/9/18 12:50:35
判断题,在生物安全实验室尤其是BSL-2和BSL-3实验室要坚持穿鞋套或靴套，在BSL-3和BSL-4实验室要求使用专用鞋。,正确,错误,,,A,,接口直采,1,2026/9/18 12:50:35
判断题,在生物安全实验室中可以不穿工作服。,正确,错误,,,B,,接口直采,1,2026/9/18 12:50:28
判断题,在生物医学实验室中工作一定要穿工作服。,正确,错误,,,A,,接口直采,1,2026/9/18 12:50:28
判断题,在生物医学实验室中进行有害微生物和病原微生物未知基因操作时，操作要在生物安全柜中进行。,正确,错误,,,A,,接口直采,1,2026/9/18 12:50:35
判断题,在实验过程中，眼镜一旦被伤害，由于疼痛和生理保护反应，隐形眼镜很难立即取下，造成的伤害可能会更大，所以佩戴隐形眼镜时必须佩戴护目镜。,正确,错误,,,A,,接口直采,1,2026/9/18 12:50:28
判断题,在实验进程中常用明火进行加热、蒸馏等实验操作，以及使用电热仪器时用电量过大等都可能造成火灾危险。,正确,错误,,,A,,接口直采,1,2026/9/18 12:50:32
判断题,在实验进行前，老师要指导学生了解实验仪器的使用说明、注意事项与安全操作规程；实验过程中，学生要严格按照操作规程进行操作。,正确,错误,,,A,,接口直采,1,2026/9/18 12:50:38
判断题,在实验楼内乘坐电梯或走楼梯时，可以戴双层手套携带不需拧紧的试管。,正确,错误,,,B,,接口直采,1,2026/9/18 12:50:27
判断题,在实验室发生事故时，现场人员应迅速组织、指挥，切断事故源，尽量阻止事态蔓延、保护现场；及时有序地疏散学生等人员，对现场已受伤人员作好自助自救、保护人身及财产。,正确,错误,,,A,,接口直采,1,2026/9/18 12:50:15
判断题,在实验室工作的人员务必要遵守学校及实验室的各项规章制度和仪器设备的操作规程，并且在实验过程中一定要做好安全防护。,正确,错误,,,A,,接口直采,1,2026/9/18 12:50:27
判断题,在实验室工作区内长发应束在脑后，不应佩戴腕表、手镯，可以戴戒指、耳环和项链。,正确,错误,,,B,,接口直采,1,2026/9/18 12:50:27
判断题,在实验室过道、走廊、楼梯口等地堆放杂物要保持整齐，保证通道和安全出口畅通。,正确,错误,,,B,,接口直采,1,2026/9/18 12:50:32
判断题,在实验室进行有机合成时，放热反应不能在密闭的玻璃容器中进行;对反应物进行加热时，也不能将玻璃容器密闭。,正确,错误,,,A,,接口直采,1,2026/9/18 12:50:21
判断题,在实验室开展实验活动时，学生可以独自一个人在场。,正确,错误,,,B,,接口直采,1,2026/9/18 12:50:27
判断题,在实验室里应该采用规范清晰的标识对实验室设施设备、人口和出口、易燃易爆化学品、辐射因子、生物危险材料等进行标识，实验室管理人员还应根据实情及时更新标识。,正确,错误,,,A,,接口直采,1,2026/9/18 12:50:27
判断题,在实验室内可以饮食。,正确,错误,,,B,,接口直采,1,2026/9/18 12:50:27
判断题,在实验室内使用气体钢瓶时，必须用铁链或钢瓶架等设施将钢瓶有效固定，以防止倾倒引发安全事故。,正确,错误,,,A,,接口直采,1,2026/9/18 12:50:23
判断题,在实验室内一切有可能产生毒性蒸气的工作必须在通风橱中进行，并有良好的排风设备。,正确,错误,,,A,,接口直采,1,2026/9/18 12:50:35
判断题,在实验室使用气瓶时，必须用铁链或气瓶架固定好，以防倾倒引起安全事故。,正确,错误,,,A,,接口直采,1,2026/9/18 12:50:23
判断题,在实验室同时使用多种电气设备时，其总用电量和分线用电量均应小于设计容量。,正确,错误,,,A,,接口直采,1,2026/9/18 12:50:37
判断题,在实验室允许口尝鉴定试剂和未知物。,正确,错误,,,B,,接口直采,1,2026/9/18 12:50:25
判断题,在实验室增加仪器的情况下，实验室用电可以超负荷运行。,正确,错误,,,B,,接口直采,1,2026/9/18 12:50:18
判断题,在实验室中操作危险等级4级以上（不包括4级及以下）的病原微生物时，工作人员呼吸道的防护是非常重要的。,正确,错误,,,B,,接口直采,1,2026/9/18 12:50:28
判断题,在使用、贮存过程中，气瓶可以直立存放，也可放倒存放。,正确,错误,,,B,,接口直采,1,2026/9/18 12:50:23
判断题,在使用大功率的实验设备前，使用人员应请专业人员（电工）检查室内用电容量是否够用，线路是否接地。,正确,错误,,,A,,接口直采,1,2026/9/18 12:50:38
判断题,在使用高速设备、精密设备、大型设备、贵重设备前，操作者必须经过上岗培训，考核合格后方可使用。,正确,错误,,,A,,接口直采,1,2026/9/18 12:50:38
判断题,在使用高压灭菌锅、烤箱等高压加热设备时，必须有人值守。,正确,错误,,,A,,接口直采,1,2026/9/18 12:50:30
判断题,在使用高压灭菌锅、烤箱等高压加热设备时，无须有人值守。,正确,错误,,,B,,接口直采,1,2026/9/18 12:50:38
判断题,在使用高压灭菌锅、马弗炉等高压加热设备时，必须有人值守。,正确,错误,,,A,,接口直采,1,2026/9/18 12:50:38
判断题,"在使用化学品的工作场所吸烟,可能会造成火灾和爆炸,但不会中毒。",正确,错误,,,B,,接口直采,1,2026/9/18 12:50:25
判断题,在使用化学品之前，应先查阅SDS，即化学品安全技术说明书。,正确,错误,,,A,,接口直采,1,2026/9/18 12:50:25
判断题,在使用可燃性气体之前及用后，须用不活泼气体赶走残留在实验装置及管路内的可燃性气体。,正确,错误,,,A,,接口直采,1,2026/9/18 12:50:23
判断题,在使用手锤或榔头之前，使用者要检查锤头安装是否可靠。,正确,错误,,,A,,接口直采,1,2026/9/18 12:50:27
判断题,在使用硝化纤维、叠氮化钠、硝酸铵、三硝基甲苯、三硝基苯等物质时，绝不能直接加热或撞击，也要注意周围不要有明火。,正确,错误,,,A,,接口直采,1,2026/9/18 12:50:25
判断题,在使用硝化纤维、苦味酸、三硝基甲苯、三硝基苯等物质时，绝不能直接加热或撞击，还要注意周围不要有明火。,正确,错误,,,A,,接口直采,1,2026/9/18 12:50:25
判断题,在试验设备运转期间，可以离开现场去学习一会儿。,正确,错误,,,B,,接口直采,1,2026/9/18 12:50:38
判断题,在室外灭火时，应站在上风位置。,正确,错误,,,A,,接口直采,1,2026/9/18 12:50:32
判断题,在手工锻打时，锻件应放在下抵铁中央，锻件及垫铁等工具必须放正、放平。,正确,错误,,,A,,接口直采,1,2026/9/18 12:50:37
判断题,在手工砂箱铸造实习结束时，砂箱、工具箱以及其他工具必须按照操作规定要求摆放整齐。,正确,错误,,,A,,接口直采,1,2026/9/18 12:50:37
判断题,在手套工作箱内进行实验操作时，一般要利于通风机使工作箱内保持10~20mm水柱的正压。,正确,错误,,,B,,接口直采,1,2026/9/18 12:50:16
判断题,在熟睡时，听到火警信号后正确的做法是：①用手试一试门是否热，如是冷的，可开门逃生；②准备好湿毛巾；③切勿随意跳楼，自制救生绳索后再设法安全着落；④利用自然条件作为救生滑道。,正确,错误,,,A,,接口直采,1,2026/9/18 12:50:32
判断题,在同一个电泳仪器上可以同时使用多种不同介质支持物。,正确,错误,,,B,,接口直采,1,2026/9/18 12:50:38
判断题,在小鼠水迷宫实验的灌水过程中要留人看管，避免水满流出引起事故。,正确,错误,,,A,,接口直采,1,2026/9/18 12:50:35
判断题,在校生参加辐射工作实行教师负责制。由教师（具有辐射工作人员资格）指导和监督完成辐射工作者可按公众进行管理；独立从事辐射工作者按辐射工作人员进行管理，由教师（具有辐射工作人员资格）提出申请并监督其取得上岗资格后，方可从事辐射工作。,正确,错误,,,A,,接口直采,1,2026/9/18 12:50:16
判断题,在选择风险评估方式和预防措施时要充分考虑的是病原体危险度和实验室活动风险度，而不是实验室工作人员控制危害的能力。,正确,错误,,,B,,接口直采,1,2026/9/18 12:50:27
判断题,在压力相等的情况下，压力容器的容积越大，其内蓄积的能量就越大，一旦破裂、爆炸造成的危害就越大。,正确,错误,,,A,,接口直采,1,2026/9/18 12:50:30
判断题,在一次或短时间（数日）内分次受到大剂量照射，即可引起急性放射病。,正确,错误,,,A,,接口直采,1,2026/9/18 12:50:16
判断题,在医学与医学生物学教学实验室中安装监控设施是及时发现安全风险及管控人员行为的重要措施。,正确,错误,,,A,,接口直采,1,2026/9/18 12:50:27
判断题,在易燃、易爆及有静电发生的场所，可以使用化纤防护用品。,正确,错误,,,B,,接口直采,1,2026/9/18 12:50:37
判断题,在用甲醛熏蒸法消毒时熏蒸48h后可间断通风、送排风。,正确,错误,,,B,,接口直采,1,2026/9/18 12:50:35
判断题,在用蒸发法处理放射性废液过程中，大量的水分经气化冷凝得到净化，非挥发性的放射性成分和盐类被留在少量的蒸残液中。,正确,错误,,,A,,接口直采,1,2026/9/18 12:50:16
判断题,在有爆炸性的危险场所应安装防爆型灯具。,正确,错误,,,A,,接口直采,1,2026/9/18 12:50:32
判断题,在有易燃易爆物品附近使用的电器必须采取防爆措施。,正确,错误,,,A,,接口直采,1,2026/9/18 12:50:37
判断题,在遇到高压电线断落地面时，导线断落点20米内，禁止人员进入。如果不慎在此范围内，应背朝电线断落点，采用单脚跳或双脚并跳，撤离现场。,正确,错误,,,A,,接口直采,1,2026/9/18 12:50:18
判断题,在着火和救火时，若衣服着火，要赶紧跑到空旷处用灭火器扑灭。,正确,错误,,,B,,接口直采,1,2026/9/18 12:50:32
判断题,在中华人民共和国境内生产、销售、使用放射性同位素与射线装置的单位，应当依照国家的法律法规，取得《辐射安全许可证》。,正确,错误,,,A,,接口直采,1,2026/9/18 12:50:16
判断题,在中华人民共和国境内生产、销售、使用放射性同位素与射线装置的单应当依照国家的法律法规，取得《辐射安全许可证》。,正确,错误,,,A,,接口直采,1,2026/9/18 12:50:16
判断题,在铸造实习的浇注环节中，一旦发生安全事故，应保持镇静，听从指导人员的指挥。,正确,错误,,,A,,接口直采,1,2026/9/18 12:50:37
判断题,在铸造实习过程中，可按自己的想法使用造型工具，发生安全问题后可以不向师傅反映，想办法自行解决。,正确,错误,,,B,,接口直采,1,2026/9/18 12:50:37
判断题,在铸造实习过程中，要严格按照要求摆放造型工具，使用完的造型工具应及时放入工具箱。,正确,错误,,,A,,接口直采,1,2026/9/18 12:50:37
判断题,在铸造实习过程中，铸件浇注期间，其他同学可站在通道或围在浇注同学的身旁，便于观察和学习。,正确,错误,,,B,,接口直采,1,2026/9/18 12:50:37
判断题,在铸造实习环节中，操作者进行落砂和清理铸件时，必须戴防护手套。,正确,错误,,,A,,接口直采,1,2026/9/18 12:50:37
判断题,在铸造实习环节中，对刚浇注完的铸件，操作者可以在上面浇水，以加快其冷却。,正确,错误,,,B,,接口直采,1,2026/9/18 12:50:37
判断题,在铸造实习环节中的手工造型时，起模针及扎气孔针在使用后，应注意把针尖朝下放入工具箱内。,正确,错误,,,A,,接口直采,1,2026/9/18 12:50:37
判断题,在铸造实习环节中浇注铸件时，操作者要精力集中，平稳操作，避免金属液飞溅；禁止在此期间开玩笑或者打闹。,正确,错误,,,A,,接口直采,1,2026/9/18 12:50:37
判断题,在铸造实习时，操作者进行春实砂型过程中，手要离开砂箱，避免砸手。,正确,错误,,,A,,接口直采,1,2026/9/18 12:50:37
判断题,在铸造实习中，操作者使用铁锹时要注意不要伤害到其他同学，不用时要插牢在砂堆上。,正确,错误,,,A,,接口直采,1,2026/9/18 12:50:37
判断题,在铸造实习中手工砂箱造型时，操作者可用嘴吹分型砂。,正确,错误,,,B,,接口直采,1,2026/9/18 12:50:37
判断题,在装置汞的仪器下面应放一搪瓷盘，以免不慎将汞洒在地上。,正确,错误,,,A,,接口直采,1,2026/9/18 12:50:21
判断题,在自然状态下，病原微生物引起人类和动物感染致病绝大多数是外源性感染，即感染源来自于其他个体，通过直接接触、空气传播、摄入污染的食物、间接接触污染物、媒介生物叮咬等多种途径感染。,正确,错误,,,A,,接口直采,1,2026/9/18 12:50:35
判断题,在钻床上工作时，如果钻头上缠有铁屑，应停车清理，操作者可以用手拉断长铁屑。,正确,错误,,,B,,接口直采,1,2026/9/18 12:50:37
判断题,在钻床上工作时，如果钻头上缠有铁屑，应停车清理。,正确,错误,,,A,,接口直采,1,2026/9/18 12:50:37
判断题,在钻床上工作时，如果钻头上缠有铁屑，在不停车的情况下，可以用刷子或铁钩清除长铁屑。,正确,错误,,,B,,接口直采,1,2026/9/18 12:50:37
判断题,在钻床上工作时，如果钻头上缠有长铁屑，可用手拉断。,正确,错误,,,B,,接口直采,1,2026/9/18 12:50:37
判断题,在钻床上工作时，为保护双手，可以戴手套进行工作。,正确,错误,,,B,,接口直采,1,2026/9/18 12:50:37
判断题,在钻床上加工零件时，操作者不准在钻头旋转时翻转、夹压或测量工件，并严禁用手触摸旋转的钻头。,正确,错误,,,A,,接口直采,1,2026/9/18 12:50:37
判断题,在钻床上使用手动进刀时，应逐步增加或逐步减小压力，以免用力不当引发事故。,正确,错误,,,A,,接口直采,1,2026/9/18 12:50:37
判断题,在钻床上钻削小工件，可以直接用手拿，而不必一定使用工具夹持。,正确,错误,,,B,,接口直采,1,2026/9/18 12:50:37
判断题,在ABSL-1及以上防护水平的实验室使用呼吸器的人员必须参加呼吸器使用培训。,正确,错误,,,A,,接口直采,1,2026/9/18 12:50:35
判断题,在ABSL-1及以上防护水平的实验室所有人员，特别是育龄妇女，应提供有关免疫能力和易感染的信息。,正确,错误,,,A,,接口直采,1,2026/9/18 12:50:35
判断题,在ABSL-1及以上防护水平动物实验室，一次性针头可以根据实验需要进行弯曲和剪切，但不得用手操作处理，且使用完后必须按照规定进行收集。,正确,错误,,,B,,接口直采,1,2026/9/18 12:50:35
判断题,在ABSL-1及以上防护水平动物实验室有感染性物质和（或）动物饲养室的入口处应张贴包含安全信息的生物危害标识，标识应包括动物生物安全级别、负责人姓名和联系电话号，不包括一般职业健康要求和个人防护设备要求。,正确,错误,,,B,,接口直采,1,2026/9/18 12:50:35
判断题,在ABSL-1实验室，所有来自动物房间的废弃物均应放置在防漏、有盖的容器内送到指定区域进行无害化处置，然后交由有资质的第三方做后续处理。,正确,错误,,,A,,接口直采,1,2026/9/18 12:50:35
判断题,在ABSL-2实验室，防回水槽里应装满水和（或）适当的消毒剂防止害虫和空气的回流。,正确,错误,,,A,,接口直采,1,2026/9/18 12:50:35
判断题,在ABSL-2实验室，即便II级BSC的高效粒子过滤器（HEPA）经过有资质的第三方检测，经BSC过滤后排出体气也不可以再循环回实验室环境。,正确,错误,,,B,,接口直采,1,2026/9/18 12:50:35
判断题,在ABSL-2实验室，潜在感染性材料必须被放置在防渗、防漏、有盖的容器中运输，在转移之前，容器外表面应消毒，容器必须有通用生物危害标识。,正确,错误,,,A,,接口直采,1,2026/9/18 12:50:35
判断题,在ABSL-3实验室，感染动物应饲养在正压动物饲养隔离器（IVC）中，IVC的送风系统和排风系统独立工作，都有HEPA过滤器净化防护系统。,正确,错误,,,B,,接口直采,1,2026/9/18 12:50:35
判断题,在ABSL-3实验室，进入感染性物质和（或）动物饲养或操作实验室之前，应该在实验室工作服外再穿戴一套一次性个人防护服，当离开感染性物质和（或）动物饲养或操作实验室时，一次性个人防护用品必须脱下。,正确,错误,,,A,,接口直采,1,2026/9/18 12:50:35
判断题,在ABSL-3实验室，如果感染动物没有放在IVC中饲养，而是采用半开放或开放式饲养，进入实验室工作的人员，应穿戴全身个人防护装备，包括正压防护服，防止接触到感染性材料或污染的空气。,正确,错误,,,A,,接口直采,1,2026/9/18 12:50:35
判断题,在ABSL-3实验室，小动物应配备动物独立通风正压隔离器，中型实验动物应配备半开放式的正压隔离器。,正确,错误,,,B,,接口直采,1,2026/9/18 12:50:35
判断题,在ABSL-3实验室防护区内安装的生物安全型双扉高压蒸汽灭菌器是动物用品的进入口。,正确,错误,,,A,,接口直采,1,2026/9/18 12:50:35
判断题,在BSL-1实验室若手上皮肤有伤或出皮疹，应戴手套。,正确,错误,,,A,,接口直采,1,2026/9/18 12:50:35
判断题,在BSL-1实验室中可以用嘴吸移液管，但在BSL-2、BSL-3和BSL-4实验室则严令禁止。,正确,错误,,,B,,接口直采,1,2026/9/18 12:50:35
判断题,在BSL-2及以上防护级别的病原微生物实验室，处理感染性材料、感染动物及被污染的仪器时，必须戴两副手套。,正确,错误,,,A,,接口直采,1,2026/9/18 12:50:35
判断题,在BSL-2及以上防护级别实验室，溅出或其他偶然事件中，人员明显暴露于感染性材料时，要立即进行适当的医学治疗和观察，向实验室主任报告或者书面记录不是必需的、可以后补，救人是第一位的。,正确,错误,,,B,,接口直采,1,2026/9/18 12:50:35
判断题,在BSL-2实验室，当实验室操作病原微生物有疫苗可预防接种时，实验室人员应接种疫苗，并采集疫苗接种后而不是接种前的血清样本。,正确,错误,,,B,,接口直采,1,2026/9/18 12:50:35
判断题,在BSL-2实验室，非一次性使用的锐器必须先消毒，然后再放置在不被刺穿的锐器容器中。,正确,错误,,,B,,接口直采,1,2026/9/18 12:50:35
判断题,在BSL-2实验室，根据病原微生物的实验活动内容和防护设备的功能，必要时，应定期收集相关人员的血清样本。,正确,错误,,,A,,接口直采,1,2026/9/18 12:50:35
判断题,在BSL-2实验室，如果实验操作活动会产生溅出物和气溶胶时，用标准微生物操作技术，在生物安全柜中操作这些病原微生物可以保证安全。,正确,错误,,,A,,接口直采,1,2026/9/18 12:50:35
判断题,在BSL-2实验室，若处理普通实验材料佩戴普通口罩即可；若处理含有危险等级3级及以上病原微生物样本时，应佩戴医用外科口罩。,正确,错误,,,B,,接口直采,1,2026/9/18 12:50:35
判断题,在BSL-2实验室，实验室主任决定什么人员能进入实验室或动物实验室工作，有最终的决定权和责任，如易感人员或感染后会出现严重后果的人员，不允许进入实验室或动物实验室，因为其被感染的危险性会增加。,正确,错误,,,A,,接口直采,1,2026/9/18 12:50:35
判断题,在BSL-2实验室，实验中的培养物、组织、体液等样本，或具有潜在感染性的废弃物要放入带盖的容器中，以防在收集、处理、储存、运输或装卸过程中溢洒等外泄。,正确,错误,,,A,,接口直采,1,2026/9/18 12:50:35
判断题,在BSL-2实验室内，刚刚戴上的手套可以接触键盘、电话等“洁净”表面，但如果戴手套进行过实验操作则绝对不允许再接触这些物品。,正确,错误,,,B,,接口直采,1,2026/9/18 12:50:35
判断题,在BSL-2实验室内，生物安全柜的位置应远离门、能打开的窗，建议设在行走区以保证生物安全柜气流在有效范围内运行。,正确,错误,,,B,,接口直采,1,2026/9/18 12:50:35
判断题,在BSL-2实验室内工作的人员到非实验室区域时，防护服必须脱下留在实验室内；防护服在拿出实验室洗涤前应先消毒。,正确,错误,,,A,,接口直采,1,2026/9/18 12:50:35
判断题,在BSL-2实验室内尽量用玻璃器具代替塑料器具。,正确,错误,,,B,,接口直采,1,2026/9/18 12:50:35
判断题,在BSL-2实验室内进行实验动物静脉切开放血、实验动物液体吸出等操作时，应尽量使用针头和注射器或其他锐器，以保证操作速度、减少操作时间。,正确,错误,,,B,,接口直采,1,2026/9/18 12:50:35
判断题,在BSL-2实验室如果是机械通风，应考虑机械通风系统输送的气流不会造成实验室内部空气循环。,正确,错误,,,A,,接口直采,1,2026/9/18 12:50:35
判断题,在BSL-2实验室中处理含有呼吸道传播的危险等级3级的病原微生物样本或者在BSL-3和BSL-4实验室中处理含有呼吸道传播的危险等级2级以上的病原微生物样本时（高浓度、大容量样本除外），应佩戴防护面罩。,正确,错误,,,B,,接口直采,1,2026/9/18 12:50:35
判断题,在BSL-3实验室，当使用III级生物安全柜时，要和排气系统直接连结；若II级安全柜和供气系统相连，应避免安全柜的压力高于实验室的压力。,正确,错误,,,B,,接口直采,1,2026/9/18 12:50:35
判断题,在BSL-3实验室，能够产生气溶胶的连续离心机或他仪器设备应在有HEPA过滤器的装置使用，避免气溶胶直接排入实验室。,正确,错误,,,A,,接口直采,1,2026/9/18 12:50:35
判断题,在BSL-3实验室，若涉及感染性材料的或者产生气溶胶的操作无法在物理防护装置内进行时，必须使用其他物理密封装置而不是个人防护设备。,正确,错误,,,B,,接口直采,1,2026/9/18 12:50:35
判断题,在BSL-3实验室，生物安全柜至少每3年应检测验证一次。,正确,错误,,,B,,接口直采,1,2026/9/18 12:50:35
判断题,在BSL-3实验室，至少每两年要检测一次HEPA过滤器。,正确,错误,,,B,,接口直采,1,2026/9/18 12:50:35
判断题,在BSL-3实验室内工作的所有人员，经临床检查合格后，给受检者配发医疗卡，该卡片由实验室统一管理，个人不得随意取用。,正确,错误,,,B,,接口直采,1,2026/9/18 12:50:35
判断题,在BSL-3实验室内工作的所有人员，虽不强制但最好要进行医学检查。,正确,错误,,,B,,接口直采,1,2026/9/18 12:50:35
判断题,在BSL-3实验室实验活动全部结束后，应继续进行一段时间（相关疾病的平均潜伏期）的健康监测。,正确,错误,,,A,,接口直采,1,2026/9/18 12:50:35
判断题,在BSL-3实验室实验期间，进入实验室工作的相关人员，应每日早、晚测量体温并观察相应症状。,正确,错误,,,A,,接口直采,1,2026/9/18 12:50:35
判断题,在BSL-3实验室使用II级生物安全柜时，用背面为塑料质地的纸铺垫在生物安全柜内无孔工作面上，这样便于清洁。,正确,错误,,,A,,接口直采,1,2026/9/18 12:50:35
判断题,在BSL-3实验室中必须配备有效的消毒剂、眼部清洗剂或生理盐水，且易于取用。可配备应急药品。,正确,错误,,,A,,接口直采,1,2026/9/18 12:50:35
判断题,在BSL-3实验室中戴隐形眼镜的人员应佩戴保护眼镜的防护用品。,正确,错误,,,A,,接口直采,1,2026/9/18 12:50:35
判断题,在BSL-4实验室，实验人员要穿正压服，或者在III级生物安全柜中操作，实验产生的废液、废物要在设施内灭菌后才能排放，污染的空气要经过过滤净化或其他物理灭菌措施灭菌后才能排出实验室。,正确,错误,,,A,,接口直采,1,2026/9/18 12:50:35
判断题,在I级生物安全防护实验室进行实验时可以不穿工作服但必须戴手套。,正确,错误,,,B,,接口直采,1,2026/9/18 12:50:35
判断题,在II级及以上生物安全防护实验室不能进行跳跃等大幅度动作。,正确,错误,,,A,,接口直采,1,2026/9/18 12:50:35
判断题,在II级生物安全防护实验室进行实验时穿工作服即可满足要求，不必再外加罩衫或者防护服。,正确,错误,,,B,,接口直采,1,2026/9/18 12:50:35
判断题,在II级生物安全防护实验室于生物安全柜外部进行微生物相关操作时身穿防护服是必需的，而面部保护装置不是必须的。,正确,错误,,,B,,接口直采,1,2026/9/18 12:50:35
判断题,早晨、中饭、晚上等几个人员稀少的时间段，要特别注意随手关门，确保实验室财产和个人物品的安全。,正确,错误,,,A,,接口直采,1,2026/9/18 12:50:27
判断题,长时间使用电热或大功率设备而环境通风不畅可能引发电器火灾。,正确,错误,,,A,,接口直采,1,2026/9/18 12:50:37
判断题,长时间使用酒精灯时，为避免酒精燃烧耗尽，可以将酒精加满来延长使用时间。,正确,错误,,,B,,接口直采,1,2026/9/18 12:50:21
判断题,照度计使用时，应防止强光曝射。,正确,错误,,,A,,接口直采,1,2026/9/18 12:50:38
判断题,照度计应避免剧烈振动。,正确,错误,,,A,,接口直采,1,2026/9/18 12:50:37
判断题,针对剧毒化学品实行购买计划审批制度。,正确,错误,,,A,,接口直采,1,2026/9/18 12:50:25
判断题,针对易制爆危险化学品实行购买计划审批制度。,正确,错误,,,A,,接口直采,1,2026/9/18 12:50:25
判断题,针对易制毒化学品未实行购买计划审批制度。,正确,错误,,,B,,接口直采,1,2026/9/18 12:50:25
判断题,针头、玻璃、一次性手术刀等利器应在使用后放在耐扎容器中，尖利物容器应在内容物达到三分之二前进行置换处置。,正确,错误,,,A,,接口直采,1,2026/9/18 12:50:20
判断题,真空泵的排气管应放到室外或者接废气吸收装置。,正确,错误,,,A,,接口直采,1,2026/9/18 12:50:20
判断题,蒸馏时加入沸石可防止爆沸，所以加入量越多，效果越好。,正确,错误,,,B,,接口直采,1,2026/9/18 12:50:21
判断题,正压防护服适用于BSL-1和BSL-2实验室，一般不在BSL-3和BSL-4实验室中使用。,正确,错误,,,B,,接口直采,1,2026/9/18 12:50:35
判断题,正压防护装备分为两类：开放式和封闭式。,正确,错误,,,B,,接口直采,1,2026/9/18 12:50:35
判断题,正压防护装备中一个主要的组件是可更换的高效粒子过滤器，它可以滤除净化空气中的颗粒和微生物。,正确,错误,,,A,,接口直采,1,2026/9/18 12:50:35
判断题,正压防护装备主要用于BSL-3和BSL-4实验室中处理含有呼吸道传播的危险等级2级以上的病原微生物样本或高浓度、大容量样本时使用。,正确,错误,,,A,,接口直采,1,2026/9/18 12:50:35
判断题,正在进行实验时，可带着防护手套接听电话。,正确,错误,,,B,,接口直采,1,2026/9/18 12:50:28
判断题,肢体骨折固定时，夹板长度一定要超过骨折的上、下一关节。,正确,错误,,,B,,接口直采,1,2026/9/18 12:50:15
判断题,职业受照人员：是指那些在职业性工作中经常有可能受到某种程度照射的人员。,正确,错误,,,A,,接口直采,1,2026/9/18 12:50:16
判断题,止血带止血法适用于四肢大出血，当其他止血法不能止血时才用此法。,正确,错误,,,A,,接口直采,1,2026/9/18 12:50:15
判断题,只要不影响实验，可以在实验室洁净区域铺床睡觉。,正确,错误,,,B,,接口直采,1,2026/9/18 12:50:32
判断题,只要联系的企业有危险化学品销售，就可以购买使用。,正确,错误,,,B,,接口直采,1,2026/9/18 12:50:25
判断题,只要耐压标准相同，可以根据需要向实验室中的气瓶充装其他种类的气体。,正确,错误,,,B,,接口直采,1,2026/9/18 12:50:23
判断题,只要设置了足够强壮的口令，黑客不可能侵入到计算机中。,正确,错误,,,B,,接口直采,1,2026/9/18 12:50:42
判断题,只要是类型为TXT的文件都没有危险。,正确,错误,,,B,,接口直采,1,2026/9/18 12:50:42
判断题,只要选择一种最安全的操作系统，整个系统就可以保障安全。,正确,错误,,,B,,接口直采,1,2026/9/18 12:50:42
判断题,只要有辐射许可证，可以不管其规定的范围从事放射性同位素和射线装置生产、销售、使用活动。,正确,错误,,,B,,接口直采,1,2026/9/18 12:50:16
判断题,只有具备了实验动物饲养环境条件，并获得了实验动物主管部门的授权许可，才可以开展动物实验，或生产实验动物。,正确,错误,,,A,,接口直采,1,2026/9/18 12:50:35
判断题,只有在发生意外放射性事故或核爆炸时才可能发生大剂量急性照射，而日常的小剂量急性照射可以采取挽救措施，所以在平时实验过程中不需要特别担心与格外谨慎小心。,正确,错误,,,B,,接口直采,1,2026/9/18 12:50:16
判断题,指导教师在指导学生进行验证实验或设备仪器操作前，一定要先讲解实验中可能发生的安全问题和设备安全操作规程。,正确,错误,,,A,,接口直采,1,2026/9/18 12:50:38
判断题,制订事故应急预案有利于降低事故的危害程度。,正确,错误,,,A,,接口直采,1,2026/9/18 12:50:15
判断题,窒息灭火法是阻止空气流入燃烧区或用不燃烧气体等稀释空气，使燃烧物没有足够的氧气而熄灭的方法。,正确,错误,,,A,,接口直采,1,2026/9/18 12:50:32
判断题,窒息灭火法指阻止空气流入燃烧区或用不燃烧气体等冲淡空气，使燃烧物得不到足够的氧气而熄灭。,正确,错误,,,A,,接口直采,1,2026/9/18 12:50:32
判断题,中毒事故中救护人员进人现场，应先抢救中毒者，再采取措施切断毒物来源。,正确,错误,,,B,,接口直采,1,2026/9/18 12:50:15
判断题,中毒事故中救护人员进入现场，应先抢救中毒者，再采取措施切断毒物来源。,正确,错误,,,B,,接口直采,1,2026/9/18 12:50:15
判断题,中放废物：是指含有长寿命核素的废物，应该采取比近地表处置要求更高的限定与隔离措施，但是，对于它们在储存和处置期间的散热问题，可以无需采用额外的限控方法。中放废物种可能含有长寿命核素，尤其是释放出α的核素，在常规控制期间，无法衰变到地表可以接受的活度浓度水平。因此，这类废物需要深埋处理，大约要埋在地下几十米到几百米之间，即为中等深度地质处置。,正确,错误,,,A,,接口直采,1,2026/9/18 12:50:16
判断题,中放废物为不含长寿命核素的废物。,正确,错误,,,B,,接口直采,1,2026/9/18 12:50:16
判断题,中放废物在常规控制期间，无法衰变到地表可以接受的活度浓度水平。,正确,错误,,,A,,接口直采,1,2026/9/18 12:50:16
判断题,重金属如铅、镉、汞等对人体有害。,正确,错误,,,A,,接口直采,1,2026/9/18 12:50:25
判断题,重要的个人资料应进行资料备份，必要时应做加密处理。,正确,错误,,,A,,接口直采,1,2026/9/18 12:50:33
判断题,重要数据的处理者无需明确数据安全负责人和管理机构。,正确,错误,,,B,,接口直采,1,2026/9/18 12:50:42
判断题,注射针头、手术刀片用过后可高压灭菌后重复使用。,正确,错误,,,A,,接口直采,1,2026/9/18 12:50:20
判断题,贮存放射性物质的空容器，不得随意乱丢，应由设备部门联系有关部门统一处理，严防污染环境，危及个人安全。,正确,错误,,,A,,接口直采,1,2026/9/18 12:50:16
判断题,贮存危险化学品的冰箱为防爆冰箱或经过防爆改造的冰箱。,正确,错误,,,A,,接口直采,1,2026/9/18 12:50:25
判断题,贮存于气瓶内压力较高的压缩气体或液化气体，受热膨胀压力升高，当超过气瓶的耐压强度时，即会发生气瓶爆炸。,正确,错误,,,A,,接口直采,1,2026/9/18 12:50:23
判断题,铸造实习期间，实习者不准穿凉鞋、拖鞋，不准穿短裤，女生不准穿裙子。,正确,错误,,,A,,接口直采,1,2026/9/18 12:50:37
判断题,铸造实习期间不准穿凉鞋、拖鞋，不准穿短裤，女生不准穿裙子。,正确,错误,,,A,,接口直采,1,2026/9/18 12:50:37
判断题,铸造实验结束后，砂箱、工具箱以及其它工具必须按要求摆放整齐。,正确,错误,,,A,,接口直采,1,2026/9/18 12:50:37
判断题,抓取家兔时，要特别注意其四肢，防止被其抓伤。,正确,错误,,,A,,接口直采,1,2026/9/18 12:50:35
判断题,抓取小鼠或大鼠时应选择在其安静状态时打开笼盖。,正确,错误,,,A,,接口直采,1,2026/9/18 12:50:35
判断题,专项应急预案应当包括危险性分析、可能发生的事故特征、应急组织机构与职责、预防措施、应急处置程序和应急保障等内容。,正确,错误,,,A,,接口直采,1,2026/9/18 12:50:15
判断题,专项应急预案应当规定应急指挥机构与职责、处置程序和措施等内容。,正确,错误,,,A,,接口直采,1,2026/9/18 12:50:15
判断题,转速较低的离心机可以在工作时打开机盖观察。,正确,错误,,,B,,接口直采,1,2026/9/18 12:50:38
判断题,装有感染性物质的安瓿必须浸入液氮中保存，取出时实验室工作人员应当进行眼睛和手的防护，还应对外安瓿表面进行消毒。,正确,错误,,,B,,接口直采,1,2026/9/18 12:50:28
判断题,装有血液和其他体液、组织及排泄物标本的试管应置于适当容器中运至病原微生物实验室，但在实验室内部转运因不涉及污染风险所以手持即可。,正确,错误,,,B,,接口直采,1,2026/9/18 12:50:20
判断题,装有易燃液体的器皿不能日光直射。,正确,错误,,,A,,接口直采,1,2026/9/18 12:50:25
判断题,装有易燃液体的器皿可置于日光下。,正确,错误,,,B,,接口直采,1,2026/9/18 12:50:25
判断题,准备高压灭菌和（或）将被处理的废弃标本和培养物应当放置在防漏的容器内，不要固定任何部位，要等放到废弃物盛器中以后再充分固定。,正确,错误,,,B,,接口直采,1,2026/9/18 12:50:20
判断题,紫外线消毒方便实用，但不能彻底灭菌，特别对细菌的芽孢杀灭效果较差。,正确,错误,,,A,,接口直采,1,2026/9/18 12:50:28
判断题,紫外线消毒时不能同时开启日光灯和紫外灯。,正确,错误,,,A,,接口直采,1,2026/9/18 12:50:28
判断题,自反应物质：是指即使没有氧气（空气）也容易发生激烈放热分解的不稳定液态或固态物质。,正确,错误,,,A,,接口直采,1,2026/9/18 12:50:25
判断题,自燃物质：指燃点低，与空气接触在很短时间内发生氧化反应放出热量自行燃烧的固体或液体。,正确,错误,,,A,,接口直采,1,2026/9/18 12:50:32
判断题,走廊比较通风时，可存放危险化学品。,正确,错误,,,B,,接口直采,1,2026/9/18 12:50:25
判断题,组合玻璃仪器不需要分开烘干。,正确,错误,,,B,,接口直采,1,2026/9/18 12:50:21
判断题,组合式防护屏蔽最常用是被制造成能够相互咬合、各种形状的铅砖。,正确,错误,,,A,,接口直采,1,2026/9/18 12:50:16
判断题,做慢性实验时，在寒冷冬季麻醉剂应预热至动物体温水平再进行麻醉。,正确,错误,,,A,,接口直采,1,2026/9/18 12:50:35
判断题,做汽车试验时，除驾驶员外，车内只能乘坐本次试验所必须的试验人员。,正确,错误,,,A,,接口直采,1,2026/9/18 12:50:37
判断题,做实验时要爱护实验设备，同时注意自身的安全，避免发生事故。,正确,错误,,,A,,接口直采,1,2026/9/18 12:50:27
判断题,做实验时要爱护仪器设备，同时注意自身的安全，避免发生事故。,正确,错误,,,A,,接口直采,1,2026/9/18 12:50:21
判断题,做危险化学实验时应配带各种眼镜进行防护，包括戴隐形眼镜。,正确,错误,,,B,,接口直采,1,2026/9/18 12:50:28
判断题,做需要搅拌的实验时，找不到玻璃棒，可以用温度计代替。,正确,错误,,,B,,接口直采,1,2026/9/18 12:50:21
判断题,ABC干粉灭火器指磷酸铵盐干粉、聚磷酸铵干粉等灭火器，可扑救金属燃烧火灾。,正确,错误,,,B,,接口直采,1,2026/9/18 12:50:32
判断题,ABSL-1实验室设施要求较低，可与所在建筑物的一般公共通道在一起。,正确,错误,,,B,,接口直采,1,2026/9/18 12:50:35
判断题,Am-241用于固定式烟雾报警器时的豁免值为105Bq。,正确,错误,,,A,,接口直采,1,2026/9/18 12:50:16
判断题,BSL-1不需要特殊的一级和二级屏障，除需要洗手池外，严格按照标准的微生物操作即可获得基本的防护水平。,正确,错误,,,A,,接口直采,1,2026/9/18 12:50:35
判断题,BSL-1和BSL-2实验室均不需要生物安全柜，而BSL-3和BSL-4实验室必须要有生物安全柜。,正确,错误,,,B,,接口直采,1,2026/9/18 12:50:35
判断题,BSL-1和BSL-2实验室均不需要双门入口，而BSL-3和BSL-4实验室需要双门入,正确,错误,,,A,,接口直采,1,2026/9/18 12:50:35
判断题,BSL-1和BSL-2实验室均不需要做到房间能够密闭消毒，而BSL-3和BSL-4实验室是需要做到的。,正确,错误,,,A,,接口直采,1,2026/9/18 12:50:35
判断题,BSL-1实验室可以采用开窗通风的方式，窗子应当安装防飞虫的纱窗。,正确,错误,,,A,,接口直采,1,2026/9/18 12:50:35
判断题,BSL-1实验室类型是用于初级卫生服务、诊断、研究的。,正确,错误,,,B,,接口直采,1,2026/9/18 12:50:35
判断题,BSL-1属于基本生物安全防护要求，BSL-2、BSL-3、BSL-4都属于高级别生物安全防护要求。,正确,错误,,,B,,接口直采,1,2026/9/18 12:50:35
判断题,BSL-2不适合从未知病原体的人身上取血、体液和组织、原代人细胞系等不确定是否存在未知感染性生物因子的标本的操作。,正确,错误,,,B,,接口直采,1,2026/9/18 12:50:35
判断题,BSL-2对个人防护的要求是在BSL-1要求基础上，还应在工作服外加罩衫或穿防护服，戴帽子、口罩，且一次性手套不得清洗和再次使用。,正确,错误,,,A,,接口直采,1,2026/9/18 12:50:35
判断题,BSL-2实验室类型是用于特殊的诊断、研究的。,正确,错误,,,B,,接口直采,1,2026/9/18 12:50:35
判断题,BSL-2实验室入口处应张贴生物危害标识，并标明以下信息：病原微生物名称、负责人姓名、联系电话号码，而其他信息不需要在此标识上体现。,正确,错误,,,B,,接口直采,1,2026/9/18 12:50:35
判断题,BSL-2实验室应配置II级生物安全柜，明确可能形成感染性气溶胶或溅出物的实验操作过程最好在II级生物安全柜或其他合适的人员防护设施或物理防护装置中进行。,正确,错误,,,A,,接口直采,1,2026/9/18 12:50:35
判断题,BSL-2实验室中涉及高浓度或大体积的感染性材料时，若转头或安全帽仅在生物安全柜中打开，则可在开放的实验室内离心。,正确,错误,,,A,,接口直采,1,2026/9/18 12:50:35
判断题,BSL-3对个人防护的要求是在BSL-2要求基础上，还必须使用个体防护装备，包括两层防护服、两层手套、佩戴医用外科口罩等。,正确,错误,,,B,,接口直采,1,2026/9/18 12:50:35
判断题,BSL-3和BSL-4实验室类型是用于高度危险生物因子的诊断研究的。,正确,错误,,,B,,接口直采,1,2026/9/18 12:50:35
判断题,BSL-3设施必须经过测试以确证设计和操作参数在系统运转前已达到要求，且设施必须每两年至少测试一次。,正确,错误,,,B,,接口直采,1,2026/9/18 12:50:35
判断题,BSL-3实验室从外向内依次为清洁区、防护区和污染区，每个区之间通过开放的缓冲间连接。,正确,错误,,,B,,接口直采,1,2026/9/18 12:50:35
判断题,BSL-3实验室的气流向应从“清洁区”流向到“污染区”，排出的空气不应再循环至建筑物内的任何其他区域，排出的空气需要过滤净化处置，外部排气口要远离进风口。,正确,错误,,,A,,接口直采,1,2026/9/18 12:50:35
判断题,BSL-3实验室的清洁区、防护区和污染区均应为常压。,正确,错误,,,B,,接口直采,1,2026/9/18 12:50:35
判断题,BSL-3实验室的所有操作应该在III级生物安全柜或其他密闭容器中操作。,正确,错误,,,B,,接口直采,1,2026/9/18 12:50:35
判断题,BSL-3实验室防护级别较高，实验环境非常安全，涉及感染性材料的高风险操作可以在开放的实验台上进行，不会影响实验结果。,正确,错误,,,B,,接口直采,1,2026/9/18 12:50:35
判断题,BSL-3实验室就是洁净的无菌室。,正确,错误,,,B,,接口直采,1,2026/9/18 12:50:35
判断题,BSL-3实验室就是净化实验室。,正确,错误,,,B,,接口直采,1,2026/9/18 12:50:35
判断题,BSL-3实验室消毒灭菌后的垃圾运出实验室，应适当密封，有单独通道运送或通过双扉高压蒸汽灭菌器拿出实验室。,正确,错误,,,A,,接口直采,1,2026/9/18 12:50:35
判断题,BSL-3条件下的主要危害与自身接种（自伤）、暴露于感染性气溶胶等有关。,正确,错误,,,A,,接口直采,1,2026/9/18 12:50:35
判断题,BSL-4可以没有独立的建筑，可以不与其他研究设施分开，但对周围要完全密闭，要进行气压试验的气密性验证。,正确,错误,,,B,,接口直采,1,2026/9/18 12:50:35
判断题,Cl₂和CO作用生成的光气毒性比Cl₂大。,正确,错误,,,A,,接口直采,1,2026/9/18 12:50:25
判断题,CO、H2S等废气可使用燃烧法去除。,正确,错误,,,A,,接口直采,1,2026/9/18 12:50:20
判断题,CO急性中毒应立即吸氧，以缓解机体缺氧、排出毒物。,正确,错误,,,A,,接口直采,1,2026/9/18 12:50:15
判断题,CO中毒者应立即转移至通风良好处，必要时进行人工呼吸并及时就医。,正确,错误,,,A,,接口直采,1,2026/9/18 12:50:15
判断题,H2O2、AgNO3、AgCl、KMnO4、草酸见光易分解，应置于棕色瓶内，放在阴凉避光处。,正确,错误,,,A,,接口直采,1,2026/9/18 12:50:25
判断题,H2S、SO2、汞蒸气等实验室废气，可用硅藻土作为固体吸附剂进行吸附处理。,正确,错误,,,A,,接口直采,1,2026/9/18 12:50:20
判断题,HCN进入机体，抑制呼吸酶作用，造成细胞内窒息，从而引起组织中毒性缺氧，全身性中毒症状。,正确,错误,,,A,,接口直采,1,2026/9/18 12:50:25
判断题,Hg、As、Pb等急性中毒会引起牙龈出血、牙齿松动、恶心、呕吐、腹痛、腹泻等症状。,正确,错误,,,A,,接口直采,1,2026/9/18 12:50:25
判断题,Hg可以经过多种途径进入人体，Hg中毒会引起失眠、多梦、抑郁、胸闷、Hg心悸、多汗、恶心、牙龈出血。,正确,错误,,,A,,接口直采,1,2026/9/18 12:50:25
判断题,Hg通常经过皮肤和消化道进入人体。,正确,错误,,,B,,接口直采,1,2026/9/18 12:50:25
判断题,Hg中毒会引起失眠、多梦、抑郁、胸闷、心悸、多汗、恶心、牙龈出血。,正确,错误,,,A,,接口直采,1,2026/9/18 12:50:25
判断题,I级和II级生物安全柜均为HEPA过滤器净化排风，只有III级生物安全柜是HEPA过滤器是净化进风和排风。,正确,错误,,,B,,接口直采,1,2026/9/18 12:50:35
判断题,I类放射源为极低危险源，不会对人造成永久性损伤。,正确,错误,,,B,,接口直采,1,2026/9/18 12:50:16
判断题,III级BSC必须以防止柜或实验室房间负压方式供应空气。,正确,错误,,,B,,接口直采,1,2026/9/18 12:50:35
判断题,III类为低危险射线装置，事故时可以使受照人员产生较严重放射损伤，大剂量照射甚至导致死亡。,正确,错误,,,B,,接口直采,1,2026/9/18 12:50:16
判断题,Internet没有一个集中的管理权威。,正确,错误,,,A,,接口直采,1,2026/9/18 12:50:42
判断题,IPTG、Trition X-100、DEPC等常用试剂多有毒有害，操作时应戴手套。,正确,错误,,,A,,接口直采,1,2026/9/18 12:50:25
判断题,IV类放射源为低危险源，基本不会对人造成永久性损伤，但对长时间、近距离接触这些放射源的人可能造成可恢复的临时性损伤。,正确,错误,,,A,,接口直采,1,2026/9/18 12:50:16
判断题,Na、K、电石、金属氢化物不能与水及空气接触，须密闭保存。,正确,错误,,,A,,接口直采,1,2026/9/18 12:50:25
判断题,Na、K、Al起火时，不适宜用二氧化碳灭火器灭火，一般用干燥的细沙覆盖。,正确,错误,,,A,,接口直采,1,2026/9/18 12:50:25
判断题,NaCN、KCN、HgO、Na3P、BaCl2、BeCl2、V2O5都是剧毒化学试剂。,正确,错误,,,B,,接口直采,1,2026/9/18 12:50:25
判断题,NH4NO3受热后易分解，但放出的气体无害。,正确,错误,,,B,,接口直采,1,2026/9/18 12:50:25
判断题,NO2比较稳定，不易溶于水，室温下无色。,正确,错误,,,B,,接口直采,1,2026/9/18 12:50:25
判断题,SnCl2、FeSO4、Na2SO3与空气接触易逐渐被氧化，须密封保存。,正确,错误,,,A,,接口直采,1,2026/9/18 12:50:25
判断题,SO2大量吸入会引起喉水肿、肺水肿、窒息。,正确,错误,,,A,,接口直采,1,2026/9/18 12:50:25
判断题,SO2易溶于水，大量吸入会引起喉水肿，肺水肿、窒息。,正确,错误,,,A,,接口直采,1,2026/9/18 12:50:25
判断题,X射线行李包检查装置、牙科X射线机、X射线衍射仪、X射线荧光分析仪和其他高于豁免水平的X射线机是II类射线装置。,正确,错误,,,B,,接口直采,1,2026/9/18 12:50:16
判断题,X射线主要来源于原子核外电子从高能级到低能级的跃迁以及电子的韧致辐射。,正确,错误,,,A,,接口直采,1,2026/9/18 12:50:16